model,task,tier,condition,scorer,auroc,n_id,n_ood
lunit,nct,far,far_breakhis,maha,0.999871909442955,1800,1865
lunit,nct,far,far_breakhis,knn,0.9996690497467977,1800,1865
lunit,nct,far,far_breakhis,energy,0.9789624664879357,1800,1865
lunit,nct,far,far_breakhis,msp,0.9696368781650282,1800,1865
lunit,nct,blur,blur_s1.0,maha,0.8636787037037037,1800,1800
lunit,nct,blur,blur_s1.0,knn,0.5656503086419754,1800,1800
lunit,nct,blur,blur_s1.0,energy,0.4770845679012346,1800,1800
lunit,nct,blur,blur_s1.0,msp,0.4741101851851852,1800,1800
lunit,nct,blur,blur_s2.0,maha,0.9889848765432099,1800,1800
lunit,nct,blur,blur_s2.0,knn,0.7575228395061728,1800,1800
lunit,nct,blur,blur_s2.0,energy,0.495825925925926,1800,1800
lunit,nct,blur,blur_s2.0,msp,0.5018632716049383,1800,1800
lunit,nct,blur,blur_s3.0,maha,0.9996314814814815,1800,1800
lunit,nct,blur,blur_s3.0,knn,0.9525416666666666,1800,1800
lunit,nct,blur,blur_s3.0,energy,0.6505824074074075,1800,1800
lunit,nct,blur,blur_s3.0,msp,0.6633447530864197,1800,1800
lunit,nct,near,holdout_ADI,maha,0.9850390686869752,1612,188
lunit,nct,near,holdout_ADI,knn,0.9876161501504672,1612,188
lunit,nct,near,holdout_ADI,energy,0.9886621614487091,1612,188
lunit,nct,near,holdout_ADI,msp,0.9791325695581015,1612,188
lunit,nct,near,holdout_BACK,maha,0.9997319385420071,1610,190
lunit,nct,near,holdout_BACK,knn,0.9993952271984309,1610,190
lunit,nct,near,holdout_BACK,energy,0.9862504086302714,1610,190
lunit,nct,near,holdout_BACK,msp,0.9633213468453742,1610,190
lunit,nct,near,holdout_DEB,maha,0.9683094213512621,1593,207
lunit,nct,near,holdout_DEB,knn,0.9940045670824349,1593,207
lunit,nct,near,holdout_DEB,energy,0.9728492104648658,1593,207
lunit,nct,near,holdout_DEB,msp,0.9743806690502834,1593,207
lunit,nct,near,holdout_LYM,maha,0.9842844027831464,1592,208
lunit,nct,near,holdout_LYM,knn,0.998825256088133,1592,208
lunit,nct,near,holdout_LYM,energy,0.9737086876691148,1592,208
lunit,nct,near,holdout_LYM,msp,0.9783684045226131,1592,208
lunit,nct,near,holdout_MUC,maha,0.9567454268292682,1640,160
lunit,nct,near,holdout_MUC,knn,0.985171493902439,1640,160
lunit,nct,near,holdout_MUC,energy,0.9940739329268293,1640,160
lunit,nct,near,holdout_MUC,msp,0.9806440548780488,1640,160
lunit,nct,near,holdout_MUS,maha,0.9352690800286569,1556,244
lunit,nct,near,holdout_MUS,knn,0.9593008554932783,1556,244
lunit,nct,near,holdout_MUS,energy,0.9013601500273927,1556,244
lunit,nct,near,holdout_MUS,msp,0.8507153693792406,1556,244
lunit,nct,near,holdout_NORM,maha,0.9400931250867267,1642,158
lunit,nct,near,holdout_NORM,knn,0.9703163786058989,1642,158
lunit,nct,near,holdout_NORM,energy,0.7063206339906567,1642,158
lunit,nct,near,holdout_NORM,msp,0.6910297722752434,1642,158
lunit,nct,near,holdout_STR,maha,0.9090201150942401,1612,188
lunit,nct,near,holdout_STR,knn,0.9562589092444961,1612,188
lunit,nct,near,holdout_STR,energy,0.986672430177921,1612,188
lunit,nct,near,holdout_STR,msp,0.9846299033841931,1612,188
lunit,nct,near,holdout_TUM,maha,0.965419328157034,1543,257
lunit,nct,near,holdout_TUM,knn,0.9739806481385749,1543,257
lunit,nct,near,holdout_TUM,energy,0.9826024899697643,1543,257
lunit,nct,near,holdout_TUM,msp,0.9761871739070133,1543,257
lunit,nct,artefact,artefact,maha,0.9927501670711548,1215,585
lunit,nct,artefact,artefact,knn,0.9961563082550737,1215,585
lunit,nct,artefact,artefact,energy,0.9837065175336781,1215,585
lunit,nct,artefact,artefact,msp,0.9765945622735746,1215,585
lunit,lung,far,far_nct,maha,1.0,2839,1800
lunit,lung,far,far_nct,knn,1.0,2839,1800
lunit,lung,far,far_nct,energy,0.9238178544871042,2839,1800
lunit,lung,far,far_nct,msp,0.9020629329576142,2839,1800
lunit,lung,blur,blur_s1.0,maha,0.9894064718500343,2839,2839
lunit,lung,blur,blur_s1.0,knn,0.6139210297470657,2839,2839
lunit,lung,blur,blur_s1.0,energy,0.5353317979171259,2839,2839
lunit,lung,blur,blur_s1.0,msp,0.5510196067678579,2839,2839
lunit,lung,blur,blur_s2.0,maha,1.0,2839,2839
lunit,lung,blur,blur_s2.0,knn,0.768903442105698,2839,2839
lunit,lung,blur,blur_s2.0,energy,0.6070018552291021,2839,2839
lunit,lung,blur,blur_s2.0,msp,0.5801790116801393,2839,2839
lunit,lung,blur,blur_s3.0,maha,1.0,2839,2839
lunit,lung,blur,blur_s3.0,knn,0.9428171814587264,2839,2839
lunit,lung,blur,blur_s3.0,energy,0.7020481962540328,2839,2839
lunit,lung,blur,blur_s3.0,msp,0.5790253403228146,2839,2839
lunit,lung,near,holdout_lung_aca,maha,0.998643047881982,1893,946
lunit,lung,near,holdout_lung_aca,knn,0.9913719065121416,1893,946
lunit,lung,near,holdout_lung_aca,energy,0.9853516181235195,1893,946
lunit,lung,near,holdout_lung_aca,msp,0.9853516181235195,1893,946
lunit,lung,near,holdout_lung_benign,maha,0.9999927520475466,1890,949
lunit,lung,near,holdout_lung_benign,knn,0.9993644103233145,1890,949
lunit,lung,near,holdout_lung_benign,energy,0.19984110258082863,1890,949
lunit,lung,near,holdout_lung_benign,msp,0.19984138134823065,1890,949
lunit,lung,near,holdout_lung_scc,maha,0.9982637180805868,1895,944
lunit,lung,near,holdout_lung_scc,knn,0.9928240016099459,1895,944
lunit,lung,near,holdout_lung_scc,energy,0.36252124234157684,1895,944
lunit,lung,near,holdout_lung_scc,msp,0.36252124234157684,1895,944
lunit,lc_colon,far,far_breakhis,maha,1.0,1905,1865
lunit,lc_colon,far,far_breakhis,knn,1.0,1905,1865
lunit,lc_colon,far,far_breakhis,energy,0.7464032143435153,1905,1865
lunit,lc_colon,far,far_breakhis,msp,0.7464032143435153,1905,1865
lunit,lc_colon,blur,blur_s1.0,maha,0.9865798664930664,1905,1905
lunit,lc_colon,blur,blur_s1.0,knn,0.6029512059024118,1905,1905
lunit,lc_colon,blur,blur_s1.0,energy,0.5065536886629329,1905,1905
lunit,lc_colon,blur,blur_s1.0,msp,0.5065536886629329,1905,1905
lunit,lc_colon,blur,blur_s2.0,maha,0.9999239465145596,1905,1905
lunit,lc_colon,blur,blur_s2.0,knn,0.743414277939667,1905,1905
lunit,lc_colon,blur,blur_s2.0,energy,0.564063350348923,1905,1905
lunit,lc_colon,blur,blur_s2.0,msp,0.564063350348923,1905,1905
lunit,lc_colon,blur,blur_s3.0,maha,1.0,1905,1905
lunit,lc_colon,blur,blur_s3.0,knn,0.9333735645249068,1905,1905
lunit,lc_colon,blur,blur_s3.0,energy,0.6959830808550506,1905,1905
lunit,lc_colon,blur,blur_s3.0,msp,0.6959830808550506,1905,1905
lunit,breakhis,far,far_lung,maha,0.9996702384538604,1865,2839
lunit,breakhis,far,far_lung,knn,0.9993308446976099,1865,2839
lunit,breakhis,far,far_lung,energy,0.6060461949464893,1865,2839
lunit,breakhis,far,far_lung,msp,0.6060461949464893,1865,2839
lunit,breakhis,blur,blur_s1.0,maha,0.8237330822474107,1865,1865
lunit,breakhis,blur,blur_s1.0,knn,0.5962141609585349,1865,1865
lunit,breakhis,blur,blur_s1.0,energy,0.5081545903442128,1865,1865
lunit,breakhis,blur,blur_s1.0,msp,0.5081545903442128,1865,1865
lunit,breakhis,blur,blur_s2.0,maha,0.9849178819656579,1865,1865
lunit,breakhis,blur,blur_s2.0,knn,0.7598973614415399,1865,1865
lunit,breakhis,blur,blur_s2.0,energy,0.5065523363209683,1865,1865
lunit,breakhis,blur,blur_s2.0,msp,0.5065523363209683,1865,1865
lunit,breakhis,blur,blur_s3.0,maha,0.9997090469995472,1865,1865
lunit,breakhis,blur,blur_s3.0,knn,0.9564939013433575,1865,1865
lunit,breakhis,blur,blur_s3.0,energy,0.5188163502936124,1865,1865
lunit,breakhis,blur,blur_s3.0,msp,0.5188163502936124,1865,1865
lunit,pcam,far,far_nct,maha,0.9980795262267343,1576,1800
lunit,pcam,far,far_nct,knn,0.9919268189509307,1576,1800
lunit,pcam,far,far_nct,energy,0.5505721235194585,1576,1800
lunit,pcam,far,far_nct,msp,0.5505721235194585,1576,1800
lunit,pcam,blur,blur_s1.0,maha,0.9326509314849648,1576,1576
lunit,pcam,blur,blur_s1.0,knn,0.6860880369244248,1576,1576
lunit,pcam,blur,blur_s1.0,energy,0.45878493068618104,1576,1576
lunit,pcam,blur,blur_s1.0,msp,0.45878493068618104,1576,1576
lunit,pcam,blur,blur_s2.0,maha,0.9841298088072354,1576,1576
lunit,pcam,blur,blur_s2.0,knn,0.9057290190419748,1576,1576
lunit,pcam,blur,blur_s2.0,energy,0.4325349789997166,1576,1576
lunit,pcam,blur,blur_s2.0,msp,0.4325349789997166,1576,1576
lunit,pcam,blur,blur_s3.0,maha,0.9912085469865237,1576,1576
lunit,pcam,blur,blur_s3.0,knn,0.980044496766214,1576,1576
lunit,pcam,blur,blur_s3.0,energy,0.46864451544744773,1576,1576
lunit,pcam,blur,blur_s3.0,msp,0.46864451544744773,1576,1576
lunit,sicap,far,far_nct,maha,1.0,1836,1800
lunit,sicap,far,far_nct,knn,1.0,1836,1800
lunit,sicap,far,far_nct,energy,0.5296792544178165,1836,1800
lunit,sicap,far,far_nct,msp,0.6733678286129267,1836,1800
lunit,sicap,near,holdout_G3,maha,0.34050607174465986,1502,334
lunit,sicap,near,holdout_G3,knn,0.36989403350422984,1502,334
lunit,sicap,near,holdout_G3,energy,0.5592005071082868,1502,334
lunit,sicap,near,holdout_G3,msp,0.5647798942727063,1502,334
lunit,sicap,near,holdout_G4,maha,0.7626601955572432,920,916
lunit,sicap,near,holdout_G4,knn,0.8158783463071957,920,916
lunit,sicap,near,holdout_G4,energy,0.6880138124169357,920,916
lunit,sicap,near,holdout_G4,msp,0.7463392348585532,920,916
lunit,sicap,near,holdout_G5,maha,0.7723092923634566,1592,244
lunit,sicap,near,holdout_G5,knn,0.7581838495757475,1592,244
lunit,sicap,near,holdout_G5,energy,0.2581478087157097,1592,244
lunit,sicap,near,holdout_G5,msp,0.21995479446412391,1592,244
lunit,sicap,near,holdout_NC,maha,0.4850356592060249,1494,342
lunit,sicap,near,holdout_NC,knn,0.4170111244197061,1494,342
lunit,sicap,near,holdout_NC,energy,0.7440522323210972,1494,342
lunit,sicap,near,holdout_NC,msp,0.7559379819472822,1494,342
lunit,panda,far,far_nct,maha,1.0,5213,1800
lunit,panda,far,far_nct,knn,0.9999982948611377,5213,1800
lunit,panda,far,far_nct,energy,0.2504176524500714,5213,1800
lunit,panda,far,far_nct,msp,0.2940324402668542,5213,1800
lunit,panda,near,holdout_0,maha,0.45317597058859566,4396,817
lunit,panda,near,holdout_0,knn,0.41363546252685485,4396,817
lunit,panda,near,holdout_0,energy,0.5621420051387542,4396,817
lunit,panda,near,holdout_0,msp,0.4877742979875997,4396,817
lunit,panda,near,holdout_1,maha,0.39437283448735533,4385,828
lunit,panda,near,holdout_1,knn,0.3481634800235762,4385,828
lunit,panda,near,holdout_1,energy,0.5916373341265514,4385,828
lunit,panda,near,holdout_1,msp,0.5260690540324668,4385,828
lunit,panda,near,holdout_2,maha,0.48150080629641184,4389,824
lunit,panda,near,holdout_2,knn,0.4961803228282534,4389,824
lunit,panda,near,holdout_2,energy,0.5247515854950704,4389,824
lunit,panda,near,holdout_2,msp,0.5270554475332196,4389,824
lunit,panda,near,holdout_3,maha,0.5096818260384504,4256,957
lunit,panda,near,holdout_3,knn,0.5447707729354735,4256,957
lunit,panda,near,holdout_3,energy,0.4617487586521161,4256,957
lunit,panda,near,holdout_3,msp,0.5114976901501402,4256,957
lunit,panda,near,holdout_4,maha,0.5850838906588542,4418,795
lunit,panda,near,holdout_4,knn,0.614647055641444,4418,795
lunit,panda,near,holdout_4,energy,0.4552795738417167,4418,795
lunit,panda,near,holdout_4,msp,0.4717322787567157,4418,795
lunit,panda,near,holdout_5,maha,0.6646194908712963,4221,992
lunit,panda,near,holdout_5,knn,0.6742795718030431,4221,992
lunit,panda,near,holdout_5,energy,0.49425969232180117,4221,992
lunit,panda,near,holdout_5,msp,0.49786565444666075,4221,992
ctranspath,nct,far,far_breakhis,maha,0.9994241882633303,1800,1865
ctranspath,nct,far,far_breakhis,knn,0.9964003574620197,1800,1865
ctranspath,nct,far,far_breakhis,energy,0.9829949359547215,1800,1865
ctranspath,nct,far,far_breakhis,msp,0.9733786118558236,1800,1865
ctranspath,nct,blur,blur_s1.0,maha,0.7251586419753087,1800,1800
ctranspath,nct,blur,blur_s1.0,knn,0.557229012345679,1800,1800
ctranspath,nct,blur,blur_s1.0,energy,0.47985802469135796,1800,1800
ctranspath,nct,blur,blur_s1.0,msp,0.4704055555555555,1800,1800
ctranspath,nct,blur,blur_s2.0,maha,0.9572311728395062,1800,1800
ctranspath,nct,blur,blur_s2.0,knn,0.6685123456790123,1800,1800
ctranspath,nct,blur,blur_s2.0,energy,0.5287172839506173,1800,1800
ctranspath,nct,blur,blur_s2.0,msp,0.5044305555555556,1800,1800
ctranspath,nct,blur,blur_s3.0,maha,0.9983055555555556,1800,1800
ctranspath,nct,blur,blur_s3.0,knn,0.8333006172839506,1800,1800
ctranspath,nct,blur,blur_s3.0,energy,0.6552854938271604,1800,1800
ctranspath,nct,blur,blur_s3.0,msp,0.632304012345679,1800,1800
ctranspath,nct,near,holdout_ADI,maha,0.9859893880998891,1612,188
ctranspath,nct,near,holdout_ADI,knn,0.9726684177181775,1612,188
ctranspath,nct,near,holdout_ADI,energy,0.9759813367826409,1612,188
ctranspath,nct,near,holdout_ADI,msp,0.97380352146138,1612,188
ctranspath,nct,near,holdout_BACK,maha,0.9995979078130107,1610,190
ctranspath,nct,near,holdout_BACK,knn,0.9878653154625695,1610,190
ctranspath,nct,near,holdout_BACK,energy,0.9649362536776724,1610,190
ctranspath,nct,near,holdout_BACK,msp,0.9208957175547564,1610,190
ctranspath,nct,near,holdout_DEB,maha,0.9930826593399262,1593,207
ctranspath,nct,near,holdout_DEB,knn,0.9880970793113593,1593,207
ctranspath,nct,near,holdout_DEB,energy,0.9603791952109318,1593,207
ctranspath,nct,near,holdout_DEB,msp,0.9644974541396386,1593,207
ctranspath,nct,near,holdout_LYM,maha,0.9994684963277929,1592,208
ctranspath,nct,near,holdout_LYM,knn,0.9905537301894086,1592,208
ctranspath,nct,near,holdout_LYM,energy,0.9766108185156552,1592,208
ctranspath,nct,near,holdout_LYM,msp,0.9744848038268263,1592,208
ctranspath,nct,near,holdout_MUC,maha,0.9673132621951219,1640,160
ctranspath,nct,near,holdout_MUC,knn,0.9747599085365853,1640,160
ctranspath,nct,near,holdout_MUC,energy,0.9808155487804878,1640,160
ctranspath,nct,near,holdout_MUC,msp,0.9739176829268292,1640,160
ctranspath,nct,near,holdout_MUS,maha,0.9850156980909436,1556,244
ctranspath,nct,near,holdout_MUS,knn,0.977166652619158,1556,244
ctranspath,nct,near,holdout_MUS,energy,0.891448754688356,1556,244
ctranspath,nct,near,holdout_MUS,msp,0.8606768089679295,1556,244
ctranspath,nct,near,holdout_NORM,maha,0.9854800413204027,1642,158
ctranspath,nct,near,holdout_NORM,knn,0.9438705499622257,1642,158
ctranspath,nct,near,holdout_NORM,energy,0.8961901971969967,1642,158
ctranspath,nct,near,holdout_NORM,msp,0.9209207665859788,1642,158
ctranspath,nct,near,holdout_STR,maha,0.9576678897629481,1612,188
ctranspath,nct,near,holdout_STR,knn,0.9643432236946307,1612,188
ctranspath,nct,near,holdout_STR,energy,0.979842009397603,1612,188
ctranspath,nct,near,holdout_STR,msp,0.9734273533604352,1612,188
ctranspath,nct,near,holdout_TUM,maha,0.9859261482129662,1543,257
ctranspath,nct,near,holdout_TUM,knn,0.9691842915539238,1543,257
ctranspath,nct,near,holdout_TUM,energy,0.9875804121033613,1543,257
ctranspath,nct,near,holdout_TUM,msp,0.9793670927572998,1543,257
ctranspath,nct,artefact,artefact,maha,0.9963617178431993,1215,585
ctranspath,nct,artefact,artefact,knn,0.9919904329780873,1215,585
ctranspath,nct,artefact,artefact,energy,0.9785375118708451,1215,585
ctranspath,nct,artefact,artefact,msp,0.9705617108086244,1215,585
ctranspath,lung,far,far_nct,maha,1.0,2839,1800
ctranspath,lung,far,far_nct,knn,1.0,2839,1800
ctranspath,lung,far,far_nct,energy,0.9709845015850651,2839,1800
ctranspath,lung,far,far_nct,msp,0.9614199052874641,2839,1800
ctranspath,lung,blur,blur_s1.0,maha,0.822007808761401,2839,2839
ctranspath,lung,blur,blur_s1.0,knn,0.5544945167576705,2839,2839
ctranspath,lung,blur,blur_s1.0,energy,0.5148329617622803,2839,2839
ctranspath,lung,blur,blur_s1.0,msp,0.5099398616934334,2839,2839
ctranspath,lung,blur,blur_s2.0,maha,0.9976007209003661,2839,2839
ctranspath,lung,blur,blur_s2.0,knn,0.669820088807322,2839,2839
ctranspath,lung,blur,blur_s2.0,energy,0.5504117223977754,2839,2839
ctranspath,lung,blur,blur_s2.0,msp,0.5393919493751862,2839,2839
ctranspath,lung,blur,blur_s3.0,maha,1.0,2839,2839
ctranspath,lung,blur,blur_s3.0,knn,0.8717362118065425,2839,2839
ctranspath,lung,blur,blur_s3.0,energy,0.6835937970111617,2839,2839
ctranspath,lung,blur,blur_s3.0,msp,0.6596284256384151,2839,2839
ctranspath,lung,near,holdout_lung_aca,maha,0.9985777131503737,1893,946
ctranspath,lung,near,holdout_lung_aca,knn,0.9895894410139057,1893,946
ctranspath,lung,near,holdout_lung_aca,energy,0.9847663976215925,1893,946
ctranspath,lung,near,holdout_lung_aca,msp,0.9847663976215925,1893,946
ctranspath,lung,near,holdout_lung_benign,maha,0.9999955397215671,1890,949
ctranspath,lung,near,holdout_lung_benign,knn,0.9993437815355624,1890,949
ctranspath,lung,near,holdout_lung_benign,energy,0.2643662780649082,1890,949
ctranspath,lung,near,holdout_lung_benign,msp,0.2643662780649082,1890,949
ctranspath,lung,near,holdout_lung_scc,maha,0.9993649657886499,1895,944
ctranspath,lung,near,holdout_lung_scc,knn,0.985337753231072,1895,944
ctranspath,lung,near,holdout_lung_scc,energy,0.5073202227091812,1895,944
ctranspath,lung,near,holdout_lung_scc,msp,0.5073202227091812,1895,944
ctranspath,lc_colon,far,far_breakhis,maha,1.0,1905,1865
ctranspath,lc_colon,far,far_breakhis,knn,1.0,1905,1865
ctranspath,lc_colon,far,far_breakhis,energy,0.8124202571193346,1905,1865
ctranspath,lc_colon,far,far_breakhis,msp,0.8124202571193346,1905,1865
ctranspath,lc_colon,blur,blur_s1.0,maha,0.6834893669787339,1905,1905
ctranspath,lc_colon,blur,blur_s1.0,knn,0.5203243295375479,1905,1905
ctranspath,lc_colon,blur,blur_s1.0,energy,0.5100419534172401,1905,1905
ctranspath,lc_colon,blur,blur_s1.0,msp,0.5100419534172401,1905,1905
ctranspath,lc_colon,blur,blur_s2.0,maha,0.9568192558607338,1905,1905
ctranspath,lc_colon,blur,blur_s2.0,knn,0.5800307245058934,1905,1905
ctranspath,lc_colon,blur,blur_s2.0,energy,0.5090843959465697,1905,1905
ctranspath,lc_colon,blur,blur_s2.0,msp,0.5090843959465697,1905,1905
ctranspath,lc_colon,blur,blur_s3.0,maha,0.9999980711072534,1905,1905
ctranspath,lc_colon,blur,blur_s3.0,knn,0.8452733172133011,1905,1905
ctranspath,lc_colon,blur,blur_s3.0,energy,0.6265917154056531,1905,1905
ctranspath,lc_colon,blur,blur_s3.0,msp,0.6265917154056531,1905,1905
ctranspath,breakhis,far,far_lung,maha,0.9964396707295077,1865,2839
ctranspath,breakhis,far,far_lung,knn,0.9983655461510349,1865,2839
ctranspath,breakhis,far,far_lung,energy,0.18429043191019,1865,2839
ctranspath,breakhis,far,far_lung,msp,0.18429043191019,1865,2839
ctranspath,breakhis,blur,blur_s1.0,maha,0.6426381272056868,1865,1865
ctranspath,breakhis,blur,blur_s1.0,knn,0.5375629811182427,1865,1865
ctranspath,breakhis,blur,blur_s1.0,energy,0.4751972629717744,1865,1865
ctranspath,breakhis,blur,blur_s1.0,msp,0.4751972629717744,1865,1865
ctranspath,breakhis,blur,blur_s2.0,maha,0.9089963990253649,1865,1865
ctranspath,breakhis,blur,blur_s2.0,knn,0.6366730156904743,1865,1865
ctranspath,breakhis,blur,blur_s2.0,energy,0.4524149530292031,1865,1865
ctranspath,breakhis,blur,blur_s2.0,msp,0.4524149530292031,1865,1865
ctranspath,breakhis,blur,blur_s3.0,maha,0.9968564425820641,1865,1865
ctranspath,breakhis,blur,blur_s3.0,knn,0.9685368255360134,1865,1865
ctranspath,breakhis,blur,blur_s3.0,energy,0.47335695649361387,1865,1865
ctranspath,breakhis,blur,blur_s3.0,msp,0.47335695649361387,1865,1865
ctranspath,pcam,far,far_nct,maha,0.9917738296672307,1576,1800
ctranspath,pcam,far,far_nct,knn,0.9902227862380147,1576,1800
ctranspath,pcam,far,far_nct,energy,0.5091941624365482,1576,1800
ctranspath,pcam,far,far_nct,msp,0.5091941624365482,1576,1800
ctranspath,pcam,blur,blur_s1.0,maha,0.8943435317838646,1576,1576
ctranspath,pcam,blur,blur_s1.0,knn,0.7378012348939679,1576,1576
ctranspath,pcam,blur,blur_s1.0,energy,0.4516288908500605,1576,1576
ctranspath,pcam,blur,blur_s1.0,msp,0.4516288908500605,1576,1576
ctranspath,pcam,blur,blur_s2.0,maha,0.9858107172305394,1576,1576
ctranspath,pcam,blur,blur_s2.0,knn,0.9237254084104203,1576,1576
ctranspath,pcam,blur,blur_s2.0,energy,0.45866696513695276,1576,1576
ctranspath,pcam,blur,blur_s2.0,msp,0.45866696513695276,1576,1576
ctranspath,pcam,blur,blur_s3.0,maha,0.9903775541755778,1576,1576
ctranspath,pcam,blur,blur_s3.0,knn,0.9851673419825298,1576,1576
ctranspath,pcam,blur,blur_s3.0,energy,0.3892549086552089,1576,1576
ctranspath,pcam,blur,blur_s3.0,msp,0.3892549086552089,1576,1576
ctranspath,sicap,far,far_nct,maha,1.0,1836,1800
ctranspath,sicap,far,far_nct,knn,0.999986080852094,1836,1800
ctranspath,sicap,far,far_nct,energy,0.768846526264827,1836,1800
ctranspath,sicap,far,far_nct,msp,0.7021729000242073,1836,1800
ctranspath,sicap,near,holdout_G3,maha,0.41185206152276005,1502,334
ctranspath,sicap,near,holdout_G3,knn,0.4037291595238285,1502,334
ctranspath,sicap,near,holdout_G3,energy,0.5407859381104635,1502,334
ctranspath,sicap,near,holdout_G3,msp,0.494556160648078,1502,334
ctranspath,sicap,near,holdout_G4,maha,0.7610238276058477,920,916
ctranspath,sicap,near,holdout_G4,knn,0.8013693753559901,920,916
ctranspath,sicap,near,holdout_G4,energy,0.7042256028099487,920,916
ctranspath,sicap,near,holdout_G4,msp,0.7641351813176381,920,916
ctranspath,sicap,near,holdout_G5,maha,0.6911916138067387,1592,244
ctranspath,sicap,near,holdout_G5,knn,0.6289001359255293,1592,244
ctranspath,sicap,near,holdout_G5,energy,0.36436794628882113,1592,244
ctranspath,sicap,near,holdout_G5,msp,0.3116247219705083,1592,244
ctranspath,sicap,near,holdout_NC,maha,0.5013328166467037,1494,342
ctranspath,sicap,near,holdout_NC,knn,0.5468031971942351,1494,342
ctranspath,sicap,near,holdout_NC,energy,0.7653498986198204,1494,342
ctranspath,sicap,near,holdout_NC,msp,0.7730884551852634,1494,342
ctranspath,panda,far,far_nct,maha,0.9999486326917748,5213,1800
ctranspath,panda,far,far_nct,knn,0.9991694908029073,5213,1800
ctranspath,panda,far,far_nct,energy,0.3906580770296481,5213,1800
ctranspath,panda,far,far_nct,msp,0.42988468998444057,5213,1800
ctranspath,panda,near,holdout_0,maha,0.40092417386229606,4396,817
ctranspath,panda,near,holdout_0,knn,0.3773673741456292,4396,817
ctranspath,panda,near,holdout_0,energy,0.5723518543061847,4396,817
ctranspath,panda,near,holdout_0,msp,0.5223433899516975,4396,817
ctranspath,panda,near,holdout_1,maha,0.3916869102506899,4385,828
ctranspath,panda,near,holdout_1,knn,0.3497237508193831,4385,828
ctranspath,panda,near,holdout_1,energy,0.6175298420725024,4385,828
ctranspath,panda,near,holdout_1,msp,0.5625165942304409,4385,828
ctranspath,panda,near,holdout_2,maha,0.48618899410928024,4389,824
ctranspath,panda,near,holdout_2,knn,0.4974674661056879,4389,824
ctranspath,panda,near,holdout_2,energy,0.493406674231917,4389,824
ctranspath,panda,near,holdout_2,msp,0.5103325392032597,4389,824
ctranspath,panda,near,holdout_3,maha,0.5396305713342918,4256,957
ctranspath,panda,near,holdout_3,knn,0.5568289846874239,4256,957
ctranspath,panda,near,holdout_3,energy,0.446588895828914,4256,957
ctranspath,panda,near,holdout_3,msp,0.4786385536725827,4256,957
ctranspath,panda,near,holdout_4,maha,0.5970164934188611,4418,795
ctranspath,panda,near,holdout_4,knn,0.6500155168535807,4418,795
ctranspath,panda,near,holdout_4,energy,0.4633469141391278,4418,795
ctranspath,panda,near,holdout_4,msp,0.4977259979899268,4418,795
ctranspath,panda,near,holdout_5,maha,0.655769013993015,4221,992
ctranspath,panda,near,holdout_5,knn,0.6649894249948414,4221,992
ctranspath,panda,near,holdout_5,energy,0.49966445613713306,4221,992
ctranspath,panda,near,holdout_5,msp,0.521590874353272,4221,992
conch,nct,far,far_breakhis,maha,0.9970482573726541,1800,1865
conch,nct,far,far_breakhis,knn,0.9973583556747095,1800,1865
conch,nct,far,far_breakhis,energy,0.8714816800714924,1800,1865
conch,nct,far,far_breakhis,msp,0.9219112302651176,1800,1865
conch,nct,blur,blur_s1.0,maha,0.7335049382716049,1800,1800
conch,nct,blur,blur_s1.0,knn,0.6483842592592594,1800,1800
conch,nct,blur,blur_s1.0,energy,0.6332373456790124,1800,1800
conch,nct,blur,blur_s1.0,msp,0.6043888888888889,1800,1800
conch,nct,blur,blur_s2.0,maha,0.9519499999999999,1800,1800
conch,nct,blur,blur_s2.0,knn,0.8142663580246913,1800,1800
conch,nct,blur,blur_s2.0,energy,0.8618506172839506,1800,1800
conch,nct,blur,blur_s2.0,msp,0.8171413580246913,1800,1800
conch,nct,blur,blur_s3.0,maha,0.9760262345679013,1800,1800
conch,nct,blur,blur_s3.0,knn,0.901829012345679,1800,1800
conch,nct,blur,blur_s3.0,energy,0.941757098765432,1800,1800
conch,nct,blur,blur_s3.0,msp,0.9075358024691359,1800,1800
conch,nct,near,holdout_ADI,maha,0.9784132305580487,1612,188
conch,nct,near,holdout_ADI,knn,0.9740674990760785,1612,188
conch,nct,near,holdout_ADI,energy,0.914451454516657,1612,188
conch,nct,near,holdout_ADI,msp,0.8491466923604878,1612,188
conch,nct,near,holdout_BACK,maha,0.9995586793069631,1610,190
conch,nct,near,holdout_BACK,knn,0.9985943118666231,1610,190
conch,nct,near,holdout_BACK,energy,0.9881072245831971,1610,190
conch,nct,near,holdout_BACK,msp,0.9600065380843413,1610,190
conch,nct,near,holdout_DEB,maha,0.9947414867581903,1593,207
conch,nct,near,holdout_DEB,knn,0.9947869756270641,1593,207
conch,nct,near,holdout_DEB,energy,0.9509569341715416,1593,207
conch,nct,near,holdout_DEB,msp,0.9302685966077434,1593,207
conch,nct,near,holdout_LYM,maha,0.9929666360649401,1592,208
conch,nct,near,holdout_LYM,knn,0.9911818708929261,1592,208
conch,nct,near,holdout_LYM,energy,0.976233330112099,1592,208
conch,nct,near,holdout_LYM,msp,0.9387230624275222,1592,208
conch,nct,near,holdout_MUC,maha,0.9825876524390244,1640,160
conch,nct,near,holdout_MUC,knn,0.987469512195122,1640,160
conch,nct,near,holdout_MUC,energy,0.9936432926829268,1640,160
conch,nct,near,holdout_MUC,msp,0.9776753048780489,1640,160
conch,nct,near,holdout_MUS,maha,0.9571884613763749,1556,244
conch,nct,near,holdout_MUS,knn,0.9561032913312825,1556,244
conch,nct,near,holdout_MUS,energy,0.9627223018247715,1556,244
conch,nct,near,holdout_MUS,msp,0.9102917316363942,1556,244
conch,nct,near,holdout_NORM,maha,0.983491111487997,1642,158
conch,nct,near,holdout_NORM,knn,0.9798755762500193,1642,158
conch,nct,near,holdout_NORM,energy,0.8870858323440077,1642,158
conch,nct,near,holdout_NORM,msp,0.87034567292126,1642,158
conch,nct,near,holdout_STR,maha,0.927670133572673,1612,188
conch,nct,near,holdout_STR,knn,0.9522530489414498,1612,188
conch,nct,near,holdout_STR,energy,0.9837554775355051,1612,188
conch,nct,near,holdout_STR,msp,0.9711967425162347,1612,188
conch,nct,near,holdout_TUM,maha,0.9826730987943543,1543,257
conch,nct,near,holdout_TUM,knn,0.9894918938547627,1543,257
conch,nct,near,holdout_TUM,energy,0.90472852167817,1543,257
conch,nct,near,holdout_TUM,msp,0.9367143192174524,1543,257
conch,nct,artefact,artefact,maha,0.9942063240828674,1215,585
conch,nct,artefact,artefact,knn,0.9920241989377792,1215,585
conch,nct,artefact,artefact,energy,0.9523646723646724,1215,585
conch,nct,artefact,artefact,msp,0.9203897154514439,1215,585
conch,lung,far,far_nct,maha,1.0,2839,1800
conch,lung,far,far_nct,knn,0.9999798442331024,2839,1800
conch,lung,far,far_nct,energy,0.888539391804626,2839,1800
conch,lung,far,far_nct,msp,0.8955696450236783,2839,1800
conch,lung,blur,blur_s1.0,maha,0.9864827459226958,2839,2839
conch,lung,blur,blur_s1.0,knn,0.7347696087840068,2839,2839
conch,lung,blur,blur_s1.0,energy,0.6202594293418012,2839,2839
conch,lung,blur,blur_s1.0,msp,0.612693722432267,2839,2839
conch,lung,blur,blur_s2.0,maha,0.999999875929305,2839,2839
conch,lung,blur,blur_s2.0,knn,0.9812299649090853,2839,2839
conch,lung,blur,blur_s2.0,energy,0.8416416240308063,2839,2839
conch,lung,blur,blur_s2.0,msp,0.7988247031205392,2839,2839
conch,lung,blur,blur_s3.0,maha,1.0,2839,2839
conch,lung,blur,blur_s3.0,knn,0.9993936665136048,2839,2839
conch,lung,blur,blur_s3.0,energy,0.9589878114189953,2839,2839
conch,lung,blur,blur_s3.0,msp,0.9509838868147714,2839,2839
conch,lung,near,holdout_lung_aca,maha,0.9977199853918242,1893,946
conch,lung,near,holdout_lung_aca,knn,0.974185521600109,1893,946
conch,lung,near,holdout_lung_aca,energy,0.9728012070731269,1893,946
conch,lung,near,holdout_lung_aca,msp,0.9728012070731269,1893,946
conch,lung,near,holdout_lung_benign,maha,0.9999994424651959,1890,949
conch,lung,near,holdout_lung_benign,knn,0.9994274117561789,1890,949
conch,lung,near,holdout_lung_benign,energy,0.8436482847441752,1890,949
conch,lung,near,holdout_lung_benign,msp,0.8436482847441752,1890,949
conch,lung,near,holdout_lung_scc,maha,0.9964195474263227,1895,944
conch,lung,near,holdout_lung_scc,knn,0.9770392647913779,1895,944
conch,lung,near,holdout_lung_scc,energy,0.7534619426680381,1895,944
conch,lung,near,holdout_lung_scc,msp,0.7534619426680381,1895,944
conch,lc_colon,far,far_breakhis,maha,1.0,1905,1865
conch,lc_colon,far,far_breakhis,knn,0.9999836749628817,1905,1865
conch,lc_colon,far,far_breakhis,energy,0.8149939836608896,1905,1865
conch,lc_colon,far,far_breakhis,msp,0.8149939836608896,1905,1865
conch,lc_colon,blur,blur_s1.0,maha,0.9993259897630906,1905,1905
conch,lc_colon,blur,blur_s1.0,knn,0.9562325969096384,1905,1905
conch,lc_colon,blur,blur_s1.0,energy,0.5763917305612389,1905,1905
conch,lc_colon,blur,blur_s1.0,msp,0.5763917305612389,1905,1905
conch,lc_colon,blur,blur_s2.0,maha,1.0,1905,1905
conch,lc_colon,blur,blur_s2.0,knn,0.994822025199606,1905,1905
conch,lc_colon,blur,blur_s2.0,energy,0.6662169591005849,1905,1905
conch,lc_colon,blur,blur_s2.0,msp,0.6662169591005849,1905,1905
conch,lc_colon,blur,blur_s3.0,maha,1.0,1905,1905
conch,lc_colon,blur,blur_s3.0,knn,0.9997459372696523,1905,1905
conch,lc_colon,blur,blur_s3.0,energy,0.9358265649864632,1905,1905
conch,lc_colon,blur,blur_s3.0,msp,0.9358265649864632,1905,1905
conch,breakhis,far,far_lung,maha,0.9656356739289123,1865,2839
conch,breakhis,far,far_lung,knn,0.980218273435781,1865,2839
conch,breakhis,far,far_lung,energy,0.3015746774862198,1865,2839
conch,breakhis,far,far_lung,msp,0.3015746774862198,1865,2839
conch,breakhis,blur,blur_s1.0,maha,0.6510895643611325,1865,1865
conch,breakhis,blur,blur_s1.0,knn,0.5975608248460063,1865,1865
conch,breakhis,blur,blur_s1.0,energy,0.5365961086473704,1865,1865
conch,breakhis,blur,blur_s1.0,msp,0.5365961086473704,1865,1865
conch,breakhis,blur,blur_s2.0,maha,0.9612897383004261,1865,1865
conch,breakhis,blur,blur_s2.0,knn,0.8536589783582145,1865,1865
conch,breakhis,blur,blur_s2.0,energy,0.5749993171804584,1865,1865
conch,breakhis,blur,blur_s2.0,msp,0.5749993171804584,1865,1865
conch,breakhis,blur,blur_s3.0,maha,0.9998165731084102,1865,1865
conch,breakhis,blur,blur_s3.0,knn,0.986454872815876,1865,1865
conch,breakhis,blur,blur_s3.0,energy,0.6311934966829347,1865,1865
conch,breakhis,blur,blur_s3.0,msp,0.6311934966829347,1865,1865
conch,pcam,far,far_nct,maha,0.9952992808798646,1576,1800
conch,pcam,far,far_nct,knn,0.9387834884376763,1576,1800
conch,pcam,far,far_nct,energy,0.6156845741680768,1576,1800
conch,pcam,far,far_nct,msp,0.6156845741680768,1576,1800
conch,pcam,blur,blur_s1.0,maha,0.7402611990775335,1576,1576
conch,pcam,blur,blur_s1.0,knn,0.589429159473318,1576,1576
conch,pcam,blur,blur_s1.0,energy,0.4774383841377,1576,1576
conch,pcam,blur,blur_s1.0,msp,0.4774383841377,1576,1576
conch,pcam,blur,blur_s2.0,maha,0.9768630504522148,1576,1576
conch,pcam,blur,blur_s2.0,knn,0.8346561847767272,1576,1576
conch,pcam,blur,blur_s2.0,energy,0.47018008065139527,1576,1576
conch,pcam,blur,blur_s2.0,msp,0.47018008065139527,1576,1576
conch,pcam,blur,blur_s3.0,maha,0.9993360914993944,1576,1576
conch,pcam,blur,blur_s3.0,knn,0.9633268056378675,1576,1576
conch,pcam,blur,blur_s3.0,energy,0.4805449444716431,1576,1576
conch,pcam,blur,blur_s3.0,msp,0.4805449444716431,1576,1576
conch,sicap,far,far_nct,maha,0.9999993948196563,1836,1800
conch,sicap,far,far_nct,knn,0.9999546114742193,1836,1800
conch,sicap,far,far_nct,energy,0.35789185427257325,1836,1800
conch,sicap,far,far_nct,msp,0.27426016702977485,1836,1800
conch,sicap,near,holdout_G3,maha,0.4286041764673051,1502,334
conch,sicap,near,holdout_G3,knn,0.411375650828835,1502,334
conch,sicap,near,holdout_G3,energy,0.6090741287066346,1502,334
conch,sicap,near,holdout_G3,msp,0.5685313793185932,1502,334
conch,sicap,near,holdout_G4,maha,0.6452499050692994,920,916
conch,sicap,near,holdout_G4,knn,0.6725614676286311,920,916
conch,sicap,near,holdout_G4,energy,0.7283142680842984,920,916
conch,sicap,near,holdout_G4,msp,0.7895208372887792,920,916
conch,sicap,near,holdout_G5,maha,0.8305024095889282,1592,244
conch,sicap,near,holdout_G5,knn,0.8302964618172831,1592,244
conch,sicap,near,holdout_G5,energy,0.1773982618008073,1592,244
conch,sicap,near,holdout_G5,msp,0.16186207677732928,1592,244
conch,sicap,near,holdout_NC,maha,0.5717861700212155,1494,342
conch,sicap,near,holdout_NC,knn,0.513177466200083,1494,342
conch,sicap,near,holdout_NC,energy,0.6755599395633214,1494,342
conch,sicap,near,holdout_NC,msp,0.7830385870969256,1494,342
conch,panda,far,far_nct,maha,0.999376771745849,5213,1800
conch,panda,far,far_nct,knn,0.9976849542809643,5213,1800
conch,panda,far,far_nct,energy,0.4843339301319351,5213,1800
conch,panda,far,far_nct,msp,0.44256911140951044,5213,1800
conch,panda,near,holdout_0,maha,0.4882768690352751,4396,817
conch,panda,near,holdout_0,knn,0.4750092718093559,4396,817
conch,panda,near,holdout_0,energy,0.5373266895575481,4396,817
conch,panda,near,holdout_0,msp,0.4740336435816248,4396,817
conch,panda,near,holdout_1,maha,0.40860145753804966,4385,828
conch,panda,near,holdout_1,knn,0.3850084554833948,4385,828
conch,panda,near,holdout_1,energy,0.6315389530624275,4385,828
conch,panda,near,holdout_1,msp,0.5436300188940117,4385,828
conch,panda,near,holdout_2,maha,0.44014051014562,4389,824
conch,panda,near,holdout_2,knn,0.41912177840895265,4389,824
conch,panda,near,holdout_2,energy,0.4975130898738461,4389,824
conch,panda,near,holdout_2,msp,0.5278434944377713,4389,824
conch,panda,near,holdout_3,maha,0.4942865097697221,4256,957
conch,panda,near,holdout_3,knn,0.5163680655400256,4256,957
conch,panda,near,holdout_3,energy,0.4185515218296525,4256,957
conch,panda,near,holdout_3,msp,0.4616117586285462,4256,957
conch,panda,near,holdout_4,maha,0.6044178902203963,4418,795
conch,panda,near,holdout_4,knn,0.6143785713675615,4418,795
conch,panda,near,holdout_4,energy,0.4225757407518129,4418,795
conch,panda,near,holdout_4,msp,0.4578522396941045,4418,795
conch,panda,near,holdout_5,maha,0.6306868117171439,4221,992
conch,panda,near,holdout_5,knn,0.6426326508777158,4221,992
conch,panda,near,holdout_5,energy,0.4526749413454998,4221,992
conch,panda,near,holdout_5,msp,0.46240929568746125,4221,992
hibou_b,nct,far,far_breakhis,maha,0.9999547214775096,1800,1865
hibou_b,nct,far,far_breakhis,knn,0.9897876079833184,1800,1865
hibou_b,nct,far,far_breakhis,energy,0.9866928805481084,1800,1865
hibou_b,nct,far,far_breakhis,msp,0.9804906166219839,1800,1865
hibou_b,nct,blur,blur_s1.0,maha,0.5948824074074074,1800,1800
hibou_b,nct,blur,blur_s1.0,knn,0.5082308641975308,1800,1800
hibou_b,nct,blur,blur_s1.0,energy,0.5364212962962963,1800,1800
hibou_b,nct,blur,blur_s1.0,msp,0.5288126543209876,1800,1800
hibou_b,nct,blur,blur_s2.0,maha,0.9635737654320987,1800,1800
hibou_b,nct,blur,blur_s2.0,knn,0.7981567901234569,1800,1800
hibou_b,nct,blur,blur_s2.0,energy,0.6018345679012346,1800,1800
hibou_b,nct,blur,blur_s2.0,msp,0.5879592592592592,1800,1800
hibou_b,nct,blur,blur_s3.0,maha,0.999966049382716,1800,1800
hibou_b,nct,blur,blur_s3.0,knn,0.9922021604938271,1800,1800
hibou_b,nct,blur,blur_s3.0,energy,0.8465089506172838,1800,1800
hibou_b,nct,blur,blur_s3.0,msp,0.8433932098765431,1800,1800
hibou_b,nct,near,holdout_ADI,maha,0.9950075233620188,1612,188
hibou_b,nct,near,holdout_ADI,knn,0.9484649701705294,1612,188
hibou_b,nct,near,holdout_ADI,energy,0.9869100100311494,1612,188
hibou_b,nct,near,holdout_ADI,msp,0.9790863734755292,1612,188
hibou_b,nct,near,holdout_BACK,maha,0.9998855835240275,1610,190
hibou_b,nct,near,holdout_BACK,knn,0.9997809741745668,1610,190
hibou_b,nct,near,holdout_BACK,energy,0.9957992808107226,1610,190
hibou_b,nct,near,holdout_BACK,msp,0.9839718862373324,1610,190
hibou_b,nct,near,holdout_DEB,maha,0.9710448186662057,1593,207
hibou_b,nct,near,holdout_DEB,knn,0.9098440944834133,1593,207
hibou_b,nct,near,holdout_DEB,energy,0.9838453863672892,1593,207
hibou_b,nct,near,holdout_DEB,msp,0.9815921710624078,1593,207
hibou_b,nct,near,holdout_LYM,maha,0.9954942984151527,1592,208
hibou_b,nct,near,holdout_LYM,knn,0.94751401236954,1592,208
hibou_b,nct,near,holdout_LYM,energy,0.9945520873598763,1592,208
hibou_b,nct,near,holdout_LYM,msp,0.9894665635871667,1592,208
hibou_b,nct,near,holdout_MUC,maha,0.9802858231707317,1640,160
hibou_b,nct,near,holdout_MUC,knn,0.9410785060975609,1640,160
hibou_b,nct,near,holdout_MUC,energy,0.9956707317073171,1640,160
hibou_b,nct,near,holdout_MUC,msp,0.9904192073170731,1640,160
hibou_b,nct,near,holdout_MUS,maha,0.969544123224746,1556,244
hibou_b,nct,near,holdout_MUS,knn,0.8737330903114332,1556,244
hibou_b,nct,near,holdout_MUS,energy,0.9267483880483796,1556,244
hibou_b,nct,near,holdout_MUS,msp,0.9057719457204265,1556,244
hibou_b,nct,near,holdout_NORM,maha,0.9649123483248278,1642,158
hibou_b,nct,near,holdout_NORM,knn,0.8710086495320618,1642,158
hibou_b,nct,near,holdout_NORM,energy,0.9783491882391033,1642,158
hibou_b,nct,near,holdout_NORM,msp,0.9564324149308501,1642,158
hibou_b,nct,near,holdout_STR,maha,0.929577371838868,1612,188
hibou_b,nct,near,holdout_STR,knn,0.8568746370307798,1612,188
hibou_b,nct,near,holdout_STR,energy,0.9902691251781849,1612,188
hibou_b,nct,near,holdout_STR,msp,0.9860355841824613,1612,188
hibou_b,nct,near,holdout_TUM,maha,0.9737789086397463,1543,257
hibou_b,nct,near,holdout_TUM,knn,0.8631298370197023,1543,257
hibou_b,nct,near,holdout_TUM,energy,0.9892548499436391,1543,257
hibou_b,nct,near,holdout_TUM,msp,0.9832379693910746,1543,257
hibou_b,nct,artefact,artefact,maha,0.9931047096479196,1215,585
hibou_b,nct,artefact,artefact,knn,0.9768815729309557,1215,585
hibou_b,nct,artefact,artefact,energy,0.9912560233547888,1215,585
hibou_b,nct,artefact,artefact,msp,0.9858731666139073,1215,585
hibou_b,lung,far,far_nct,maha,1.0,2839,1800
hibou_b,lung,far,far_nct,knn,1.0,2839,1800
hibou_b,lung,far,far_nct,energy,0.9029548745645962,2839,1800
hibou_b,lung,far,far_nct,msp,0.9324926617353527,2839,1800
hibou_b,lung,blur,blur_s1.0,maha,0.8672269864679815,2839,2839
hibou_b,lung,blur,blur_s1.0,knn,0.5467265746153096,2839,2839
hibou_b,lung,blur,blur_s1.0,energy,0.5020890403268221,2839,2839
hibou_b,lung,blur,blur_s1.0,msp,0.49064798525940884,2839,2839
hibou_b,lung,blur,blur_s2.0,maha,1.0,2839,2839
hibou_b,lung,blur,blur_s2.0,knn,0.9743312620557945,2839,2839
hibou_b,lung,blur,blur_s2.0,energy,0.5328276790802292,2839,2839
hibou_b,lung,blur,blur_s2.0,msp,0.5444318871115486,2839,2839
hibou_b,lung,blur,blur_s3.0,maha,1.0,2839,2839
hibou_b,lung,blur,blur_s3.0,knn,1.0,2839,2839
hibou_b,lung,blur,blur_s3.0,energy,0.7831906789160836,2839,2839
hibou_b,lung,blur,blur_s3.0,msp,0.7698631289314126,2839,2839
hibou_b,lung,near,holdout_lung_aca,maha,0.9994789973966622,1893,946
hibou_b,lung,near,holdout_lung_aca,knn,0.9555740577559028,1893,946
hibou_b,lung,near,holdout_lung_aca,energy,0.9708149195489335,1893,946
hibou_b,lung,near,holdout_lung_aca,msp,0.9708149195489335,1893,946
hibou_b,lung,near,holdout_lung_benign,maha,1.0,1890,949
hibou_b,lung,near,holdout_lung_benign,knn,0.9981601351464365,1890,949
hibou_b,lung,near,holdout_lung_benign,energy,0.3798952949637881,1890,949
hibou_b,lung,near,holdout_lung_benign,msp,0.3798952949637881,1890,949
hibou_b,lung,near,holdout_lung_scc,maha,0.9993945932650597,1895,944
hibou_b,lung,near,holdout_lung_scc,knn,0.9579921515137964,1895,944
hibou_b,lung,near,holdout_lung_scc,energy,0.41889729886856586,1895,944
hibou_b,lung,near,holdout_lung_scc,msp,0.41889729886856586,1895,944
hibou_b,lc_colon,far,far_breakhis,maha,1.0,1905,1865
hibou_b,lc_colon,far,far_breakhis,knn,1.0,1905,1865
hibou_b,lc_colon,far,far_breakhis,energy,0.7819568934580228,1905,1865
hibou_b,lc_colon,far,far_breakhis,msp,0.7819568934580228,1905,1865
hibou_b,lc_colon,blur,blur_s1.0,maha,0.9062390035891184,1905,1905
hibou_b,lc_colon,blur,blur_s1.0,knn,0.5345708558083783,1905,1905
hibou_b,lc_colon,blur,blur_s1.0,energy,0.4969450472234278,1905,1905
hibou_b,lc_colon,blur,blur_s1.0,msp,0.4969450472234278,1905,1905
hibou_b,lc_colon,blur,blur_s2.0,maha,1.0,1905,1905
hibou_b,lc_colon,blur,blur_s2.0,knn,0.9501144246732938,1905,1905
hibou_b,lc_colon,blur,blur_s2.0,energy,0.5343234064245906,1905,1905
hibou_b,lc_colon,blur,blur_s2.0,msp,0.5343234064245906,1905,1905
hibou_b,lc_colon,blur,blur_s3.0,maha,1.0,1905,1905
hibou_b,lc_colon,blur,blur_s3.0,knn,1.0,1905,1905
hibou_b,lc_colon,blur,blur_s3.0,energy,0.816329454881132,1905,1905
hibou_b,lc_colon,blur,blur_s3.0,msp,0.816329454881132,1905,1905
hibou_b,breakhis,far,far_lung,maha,0.9895817259976184,1865,2839
hibou_b,breakhis,far,far_lung,knn,0.9693074346497038,1865,2839
hibou_b,breakhis,far,far_lung,energy,0.6301014120631154,1865,2839
hibou_b,breakhis,far,far_lung,msp,0.6301014120631154,1865,2839
hibou_b,breakhis,blur,blur_s1.0,maha,0.5581493434151039,1865,1865
hibou_b,breakhis,blur,blur_s1.0,knn,0.5018318251406968,1865,1865
hibou_b,breakhis,blur,blur_s1.0,energy,0.4982026752150882,1865,1865
hibou_b,breakhis,blur,blur_s1.0,msp,0.4982026752150882,1865,1865
hibou_b,breakhis,blur,blur_s2.0,maha,0.9721012872945252,1865,1865
hibou_b,breakhis,blur,blur_s2.0,knn,0.894634475918033,1865,1865
hibou_b,breakhis,blur,blur_s2.0,energy,0.4479629696181242,1865,1865
hibou_b,breakhis,blur,blur_s2.0,msp,0.4479629696181242,1865,1865
hibou_b,breakhis,blur,blur_s3.0,maha,1.0,1865,1865
hibou_b,breakhis,blur,blur_s3.0,knn,0.9981976439132029,1865,1865
hibou_b,breakhis,blur,blur_s3.0,energy,0.3883834427042529,1865,1865
hibou_b,breakhis,blur,blur_s3.0,msp,0.3883834427042529,1865,1865
hibou_b,pcam,far,far_nct,maha,1.0,1576,1800
hibou_b,pcam,far,far_nct,knn,0.9984679921037789,1576,1800
hibou_b,pcam,far,far_nct,energy,0.8277358291032149,1576,1800
hibou_b,pcam,far,far_nct,msp,0.8277358291032149,1576,1800
hibou_b,pcam,blur,blur_s1.0,maha,0.689237274214744,1576,1576
hibou_b,pcam,blur,blur_s1.0,knn,0.5955529001004921,1576,1576
hibou_b,pcam,blur,blur_s1.0,energy,0.4958559064907625,1576,1576
hibou_b,pcam,blur,blur_s1.0,msp,0.4958559064907625,1576,1576
hibou_b,pcam,blur,blur_s2.0,maha,0.9607074067870854,1576,1576
hibou_b,pcam,blur,blur_s2.0,knn,0.7879760493699914,1576,1576
hibou_b,pcam,blur,blur_s2.0,energy,0.5397322463861476,1576,1576
hibou_b,pcam,blur,blur_s2.0,msp,0.5397322463861476,1576,1576
hibou_b,pcam,blur,blur_s3.0,maha,1.0,1576,1576
hibou_b,pcam,blur,blur_s3.0,knn,0.9903280328016697,1576,1576
hibou_b,pcam,blur,blur_s3.0,energy,0.6397807209667861,1576,1576
hibou_b,pcam,blur,blur_s3.0,msp,0.6397807209667861,1576,1576
hibou_b,sicap,far,far_nct,maha,1.0,1836,1800
hibou_b,sicap,far,far_nct,knn,1.0,1836,1800
hibou_b,sicap,far,far_nct,energy,0.8242801379811184,1836,1800
hibou_b,sicap,far,far_nct,msp,0.7691025175502298,1836,1800
hibou_b,sicap,near,holdout_G3,maha,0.3187646012900962,1502,334
hibou_b,sicap,near,holdout_G3,knn,0.37929666632115255,1502,334
hibou_b,sicap,near,holdout_G3,energy,0.5598583126689364,1502,334
hibou_b,sicap,near,holdout_G3,msp,0.5065581221046589,1502,334
hibou_b,sicap,near,holdout_G4,maha,0.7658534269982913,920,916
hibou_b,sicap,near,holdout_G4,knn,0.8044949686728688,920,916
hibou_b,sicap,near,holdout_G4,energy,0.7341643725080691,920,916
hibou_b,sicap,near,holdout_G4,msp,0.7818824757926713,920,916
hibou_b,sicap,near,holdout_G5,maha,0.765307068127523,1592,244
hibou_b,sicap,near,holdout_G5,knn,0.7356428659691903,1592,244
hibou_b,sicap,near,holdout_G5,energy,0.31233781612982947,1592,244
hibou_b,sicap,near,holdout_G5,msp,0.28899621056100167,1592,244
hibou_b,sicap,near,holdout_NC,maha,0.6821398655049047,1494,342
hibou_b,sicap,near,holdout_NC,knn,0.5916746909665953,1494,342
hibou_b,sicap,near,holdout_NC,energy,0.7535228633833579,1494,342
hibou_b,sicap,near,holdout_NC,msp,0.7747892153408957,1494,342
hibou_b,panda,far,far_nct,maha,1.0,5213,1800
hibou_b,panda,far,far_nct,knn,0.9993845514419081,5213,1800
hibou_b,panda,far,far_nct,energy,0.31182545772321335,5213,1800
hibou_b,panda,far,far_nct,msp,0.4131847731099601,5213,1800
hibou_b,panda,near,holdout_0,maha,0.46288547617005776,4396,817
hibou_b,panda,near,holdout_0,knn,0.4604185623293903,4396,817
hibou_b,panda,near,holdout_0,energy,0.5824603539659399,4396,817
hibou_b,panda,near,holdout_0,msp,0.5121126583307625,4396,817
hibou_b,panda,near,holdout_1,maha,0.4165077476465112,4385,828
hibou_b,panda,near,holdout_1,knn,0.4021408622940525,4385,828
hibou_b,panda,near,holdout_1,energy,0.6055792419259773,4385,828
hibou_b,panda,near,holdout_1,msp,0.5406105575110582,4385,828
hibou_b,panda,near,holdout_2,maha,0.48026039281787875,4389,824
hibou_b,panda,near,holdout_2,knn,0.47815312774433877,4389,824
hibou_b,panda,near,holdout_2,energy,0.4829596608467329,4389,824
hibou_b,panda,near,holdout_2,msp,0.5093517664417,4389,824
hibou_b,panda,near,holdout_3,maha,0.5082204924537048,4256,957
hibou_b,panda,near,holdout_3,knn,0.5111630467233915,4256,957
hibou_b,panda,near,holdout_3,energy,0.46092970474776285,4256,957
hibou_b,panda,near,holdout_3,msp,0.5056081622551677,4256,957
hibou_b,panda,near,holdout_4,maha,0.5921530274947256,4418,795
hibou_b,panda,near,holdout_4,knn,0.6101978470009765,4418,795
hibou_b,panda,near,holdout_4,energy,0.4513476885582423,4418,795
hibou_b,panda,near,holdout_4,msp,0.48370644960154424,4418,795
hibou_b,panda,near,holdout_5,maha,0.6364333287479652,4221,992
hibou_b,panda,near,holdout_5,knn,0.6239940848751633,4221,992
hibou_b,panda,near,holdout_5,energy,0.4980220823684955,4221,992
hibou_b,panda,near,holdout_5,msp,0.5166028536274082,4221,992
phikon,nct,far,far_breakhis,maha,0.9999994042299672,1800,1865
phikon,nct,far,far_breakhis,knn,0.9990708966338994,1800,1865
phikon,nct,far,far_breakhis,energy,0.99461036639857,1800,1865
phikon,nct,far,far_breakhis,msp,0.9894197199880845,1800,1865
phikon,nct,blur,blur_s1.0,maha,0.6974188271604939,1800,1800
phikon,nct,blur,blur_s1.0,knn,0.5359938271604938,1800,1800
phikon,nct,blur,blur_s1.0,energy,0.5253462962962964,1800,1800
phikon,nct,blur,blur_s1.0,msp,0.5178867283950618,1800,1800
phikon,nct,blur,blur_s2.0,maha,0.8822648148148147,1800,1800
phikon,nct,blur,blur_s2.0,knn,0.6081746913580247,1800,1800
phikon,nct,blur,blur_s2.0,energy,0.5840530864197531,1800,1800
phikon,nct,blur,blur_s2.0,msp,0.5691271604938273,1800,1800
phikon,nct,blur,blur_s3.0,maha,0.9391848765432098,1800,1800
phikon,nct,blur,blur_s3.0,knn,0.8501274691358025,1800,1800
phikon,nct,blur,blur_s3.0,energy,0.7774358024691357,1800,1800
phikon,nct,blur,blur_s3.0,msp,0.7507074074074074,1800,1800
phikon,nct,near,holdout_ADI,maha,0.9933411646692359,1612,188
phikon,nct,near,holdout_ADI,knn,0.9675637505939496,1612,188
phikon,nct,near,holdout_ADI,energy,0.9957697587244602,1612,188
phikon,nct,near,holdout_ADI,msp,0.9918760889076607,1612,188
phikon,nct,near,holdout_BACK,maha,0.9994606080418438,1610,190
phikon,nct,near,holdout_BACK,knn,0.9995815626021576,1610,190
phikon,nct,near,holdout_BACK,energy,0.9959888852566199,1610,190
phikon,nct,near,holdout_BACK,msp,0.9825237005557372,1610,190
phikon,nct,near,holdout_DEB,maha,0.9981046304635922,1593,207
phikon,nct,near,holdout_DEB,knn,0.9815770081061165,1593,207
phikon,nct,near,holdout_DEB,energy,0.988718760519301,1593,207
phikon,nct,near,holdout_DEB,msp,0.9829659349023961,1593,207
phikon,nct,near,holdout_LYM,maha,0.9996738500193274,1592,208
phikon,nct,near,holdout_LYM,knn,0.979066003092385,1592,208
phikon,nct,near,holdout_LYM,energy,0.9942802957093158,1592,208
phikon,nct,near,holdout_LYM,msp,0.988053247004252,1592,208
phikon,nct,near,holdout_MUC,maha,0.9959336890243903,1640,160
phikon,nct,near,holdout_MUC,knn,0.9834451219512196,1640,160
phikon,nct,near,holdout_MUC,energy,0.9975381097560976,1640,160
phikon,nct,near,holdout_MUC,msp,0.993734756097561,1640,160
phikon,nct,near,holdout_MUS,maha,0.9976400185427114,1556,244
phikon,nct,near,holdout_MUS,knn,0.9814915293522694,1556,244
phikon,nct,near,holdout_MUS,energy,0.9876548737831345,1556,244
phikon,nct,near,holdout_MUS,msp,0.9761552319946057,1556,244
phikon,nct,near,holdout_NORM,maha,0.9938674663500825,1642,158
phikon,nct,near,holdout_NORM,knn,0.9472278326832051,1642,158
phikon,nct,near,holdout_NORM,energy,0.9932121987696387,1642,158
phikon,nct,near,holdout_NORM,msp,0.9822499576003331,1642,158
phikon,nct,near,holdout_STR,maha,0.9930903859352727,1612,188
phikon,nct,near,holdout_STR,knn,0.9694379916583075,1612,188
phikon,nct,near,holdout_STR,energy,0.9976637981099202,1612,188
phikon,nct,near,holdout_STR,msp,0.9931794783802333,1612,188
phikon,nct,near,holdout_TUM,maha,0.9968654725369498,1543,257
phikon,nct,near,holdout_TUM,knn,0.970601511533195,1543,257
phikon,nct,near,holdout_TUM,energy,0.9968780812556266,1543,257
phikon,nct,near,holdout_TUM,msp,0.9937208580989583,1543,257
phikon,nct,artefact,artefact,maha,0.9988744680102705,1215,585
phikon,nct,artefact,artefact,knn,0.98258520628891,1215,585
phikon,nct,artefact,artefact,energy,0.9954064225669164,1215,585
phikon,nct,artefact,artefact,msp,0.991371390383736,1215,585
phikon,lung,far,far_nct,maha,1.0,2839,1800
phikon,lung,far,far_nct,knn,1.0,2839,1800
phikon,lung,far,far_nct,energy,0.9978605534029978,2839,1800
phikon,lung,far,far_nct,msp,0.9965658878321788,2839,1800
phikon,lung,blur,blur_s1.0,maha,0.8636231049907314,2839,2839
phikon,lung,blur,blur_s1.0,knn,0.5453676282931309,2839,2839
phikon,lung,blur,blur_s1.0,energy,0.5089134248338166,2839,2839
phikon,lung,blur,blur_s1.0,msp,0.5285964961691312,2839,2839
phikon,lung,blur,blur_s2.0,maha,0.9997157540377878,2839,2839
phikon,lung,blur,blur_s2.0,knn,0.680604189544786,2839,2839
phikon,lung,blur,blur_s2.0,energy,0.5517866738396071,2839,2839
phikon,lung,blur,blur_s2.0,msp,0.5757844276637452,2839,2839
phikon,lung,blur,blur_s3.0,maha,1.0,2839,2839
phikon,lung,blur,blur_s3.0,knn,0.8743501332085017,2839,2839
phikon,lung,blur,blur_s3.0,energy,0.7272130831059015,2839,2839
phikon,lung,blur,blur_s3.0,msp,0.7107435668414119,2839,2839
phikon,lung,near,holdout_lung_aca,maha,0.9997643482330026,1893,946
phikon,lung,near,holdout_lung_aca,knn,0.9899094136738333,1893,946
phikon,lung,near,holdout_lung_aca,energy,0.9865443957877525,1893,946
phikon,lung,near,holdout_lung_aca,msp,0.9865443957877525,1893,946
phikon,lung,near,holdout_lung_benign,maha,1.0,1890,949
phikon,lung,near,holdout_lung_benign,knn,0.9999659903769492,1890,949
phikon,lung,near,holdout_lung_benign,energy,0.2431671322082281,1890,949
phikon,lung,near,holdout_lung_benign,msp,0.2431671322082281,1890,949
phikon,lung,near,holdout_lung_scc,maha,0.9998155270336746,1895,944
phikon,lung,near,holdout_lung_scc,knn,0.9869605563257458,1895,944
phikon,lung,near,holdout_lung_scc,energy,0.7486114216716606,1895,944
phikon,lung,near,holdout_lung_scc,msp,0.7486114216716606,1895,944
phikon,lc_colon,far,far_breakhis,maha,1.0,1905,1865
phikon,lc_colon,far,far_breakhis,knn,1.0,1905,1865
phikon,lc_colon,far,far_breakhis,energy,0.8964052549731552,1905,1865
phikon,lc_colon,far,far_breakhis,msp,0.8964052549731552,1905,1865
phikon,lc_colon,blur,blur_s1.0,maha,0.8748614297228595,1905,1905
phikon,lc_colon,blur,blur_s1.0,knn,0.542914143606065,1905,1905
phikon,lc_colon,blur,blur_s1.0,energy,0.538651841748128,1905,1905
phikon,lc_colon,blur,blur_s1.0,msp,0.538651841748128,1905,1905
phikon,lc_colon,blur,blur_s2.0,maha,0.9984808591839406,1905,1905
phikon,lc_colon,blur,blur_s2.0,knn,0.6471030097615751,1905,1905
phikon,lc_colon,blur,blur_s2.0,energy,0.5475930862972838,1905,1905
phikon,lc_colon,blur,blur_s2.0,msp,0.5475930862972838,1905,1905
phikon,lc_colon,blur,blur_s3.0,maha,1.0,1905,1905
phikon,lc_colon,blur,blur_s3.0,knn,0.9351142524507272,1905,1905
phikon,lc_colon,blur,blur_s3.0,energy,0.7086035505404344,1905,1905
phikon,lc_colon,blur,blur_s3.0,msp,0.7086035505404344,1905,1905
phikon,breakhis,far,far_lung,maha,0.9999705367690734,1865,2839
phikon,breakhis,far,far_lung,knn,0.999938618268903,1865,2839
phikon,breakhis,far,far_lung,energy,0.5242479557522709,1865,2839
phikon,breakhis,far,far_lung,msp,0.5242479557522709,1865,2839
phikon,breakhis,blur,blur_s1.0,maha,0.6610624672066931,1865,1865
phikon,breakhis,blur,blur_s1.0,knn,0.5545345686377391,1865,1865
phikon,breakhis,blur,blur_s1.0,energy,0.4909018249250696,1865,1865
phikon,breakhis,blur,blur_s1.0,msp,0.4909018249250696,1865,1865
phikon,breakhis,blur,blur_s2.0,maha,0.8881921094811291,1865,1865
phikon,breakhis,blur,blur_s2.0,knn,0.649807301137793,1865,1865
phikon,breakhis,blur,blur_s2.0,energy,0.5117774152045943,1865,1865
phikon,breakhis,blur,blur_s2.0,msp,0.5117774152045943,1865,1865
phikon,breakhis,blur,blur_s3.0,maha,0.9995566704281638,1865,1865
phikon,breakhis,blur,blur_s3.0,knn,0.937320041112924,1865,1865
phikon,breakhis,blur,blur_s3.0,energy,0.6044177705582588,1865,1865
phikon,breakhis,blur,blur_s3.0,msp,0.6044177705582588,1865,1865
phikon,pcam,far,far_nct,maha,0.9992593767625494,1576,1800
phikon,pcam,far,far_nct,knn,0.9996640580936266,1576,1800
phikon,pcam,far,far_nct,energy,0.8791134376762549,1576,1800
phikon,pcam,far,far_nct,msp,0.8791134376762549,1576,1800
phikon,pcam,blur,blur_s1.0,maha,0.7620715394624957,1576,1576
phikon,pcam,blur,blur_s1.0,knn,0.5834330471024762,1576,1576
phikon,pcam,blur,blur_s1.0,energy,0.48686032878971375,1576,1576
phikon,pcam,blur,blur_s1.0,msp,0.48686032878971375,1576,1576
phikon,pcam,blur,blur_s2.0,maha,0.9699075117885027,1576,1576
phikon,pcam,blur,blur_s2.0,knn,0.7073097574016336,1576,1576
phikon,pcam,blur,blur_s2.0,energy,0.5018089392924322,1576,1576
phikon,pcam,blur,blur_s2.0,msp,0.5018089392924322,1576,1576
phikon,pcam,blur,blur_s3.0,maha,0.9995124359040429,1576,1576
phikon,pcam,blur,blur_s3.0,knn,0.9371581817361951,1576,1576
phikon,pcam,blur,blur_s3.0,energy,0.5804786744054213,1576,1576
phikon,pcam,blur,blur_s3.0,msp,0.5804786744054213,1576,1576
phikon,sicap,far,far_nct,maha,1.0,1836,1800
phikon,sicap,far,far_nct,knn,1.0,1836,1800
phikon,sicap,far,far_nct,energy,0.6988356330186395,1836,1800
phikon,sicap,far,far_nct,msp,0.6257174412975066,1836,1800
phikon,sicap,near,holdout_G3,maha,0.5841293445067256,1502,334
phikon,sicap,near,holdout_G3,knn,0.5750476410693925,1502,334
phikon,sicap,near,holdout_G3,energy,0.4081364567801813,1502,334
phikon,sicap,near,holdout_G3,msp,0.500187374917276,1502,334
phikon,sicap,near,holdout_G4,maha,0.6947016802734004,920,916
phikon,sicap,near,holdout_G4,knn,0.700860309474084,920,916
phikon,sicap,near,holdout_G4,energy,0.7212941427757735,920,916
phikon,sicap,near,holdout_G4,msp,0.7211434402885895,920,916
phikon,sicap,near,holdout_G5,maha,0.47244676250102974,1592,244
phikon,sicap,near,holdout_G5,knn,0.44854137490732343,1592,244
phikon,sicap,near,holdout_G5,energy,0.3498743718592965,1592,244
phikon,sicap,near,holdout_G5,msp,0.3146598772551281,1592,244
phikon,sicap,near,holdout_NC,maha,0.5431100620806815,1494,342
phikon,sicap,near,holdout_NC,knn,0.5680891206150136,1494,342
phikon,sicap,near,holdout_NC,energy,0.7732861269639963,1494,342
phikon,sicap,near,holdout_NC,msp,0.7722997252166561,1494,342
phikon,panda,far,far_nct,maha,0.9999982948611378,5213,1800
phikon,panda,far,far_nct,knn,0.9999664300786495,5213,1800
phikon,panda,far,far_nct,energy,0.5748793614254961,5213,1800
phikon,panda,far,far_nct,msp,0.5373476564997761,5213,1800
phikon,panda,near,holdout_0,maha,0.49062600583817706,4396,817
phikon,panda,near,holdout_0,knn,0.48045290978891464,4396,817
phikon,panda,near,holdout_0,energy,0.5684320785670294,4396,817
phikon,panda,near,holdout_0,msp,0.5369981389557437,4396,817
phikon,panda,near,holdout_1,maha,0.4415257878472394,4385,828
phikon,panda,near,holdout_1,knn,0.42695564038581246,4385,828
phikon,panda,near,holdout_1,energy,0.5891643118007701,4385,828
phikon,panda,near,holdout_1,msp,0.5352150226673057,4385,828
phikon,panda,near,holdout_2,maha,0.5486777955480051,4389,824
phikon,panda,near,holdout_2,knn,0.5573236378678381,4389,824
phikon,panda,near,holdout_2,energy,0.4820787073597497,4389,824
phikon,panda,near,holdout_2,msp,0.48607424341967015,4389,824
phikon,panda,near,holdout_3,maha,0.4817279287560594,4256,957
phikon,panda,near,holdout_3,knn,0.4949025188362756,4256,957
phikon,panda,near,holdout_3,energy,0.501738034349196,4256,957
phikon,panda,near,holdout_3,msp,0.5341159521059702,4256,957
phikon,panda,near,holdout_4,maha,0.5225150969020388,4418,795
phikon,panda,near,holdout_4,knn,0.5461343104680396,4418,795
phikon,panda,near,holdout_4,energy,0.45391181302333794,4418,795
phikon,panda,near,holdout_4,msp,0.495718487263368,4418,795
phikon,panda,near,holdout_5,maha,0.6200821927230208,4221,992
phikon,panda,near,holdout_5,knn,0.6213515276918021,4221,992
phikon,panda,near,holdout_5,energy,0.5368345962201282,4221,992
phikon,panda,near,holdout_5,msp,0.544321403734018,4221,992
phikon_v2,nct,far,far_breakhis,maha,1.0,1800,1865
phikon_v2,nct,far,far_breakhis,knn,0.9999970211498361,1800,1865
phikon_v2,nct,far,far_breakhis,energy,0.9966172177539471,1800,1865
phikon_v2,nct,far,far_breakhis,msp,0.9919779565087875,1800,1865
phikon_v2,nct,blur,blur_s1.0,maha,0.6479777777777778,1800,1800
phikon_v2,nct,blur,blur_s1.0,knn,0.543720061728395,1800,1800
phikon_v2,nct,blur,blur_s1.0,energy,0.5502537037037036,1800,1800
phikon_v2,nct,blur,blur_s1.0,msp,0.5434956790123456,1800,1800
phikon_v2,nct,blur,blur_s2.0,maha,0.8688003086419753,1800,1800
phikon_v2,nct,blur,blur_s2.0,knn,0.6865194444444445,1800,1800
phikon_v2,nct,blur,blur_s2.0,energy,0.6273101851851852,1800,1800
phikon_v2,nct,blur,blur_s2.0,msp,0.608720061728395,1800,1800
phikon_v2,nct,blur,blur_s3.0,maha,0.9973574074074074,1800,1800
phikon_v2,nct,blur,blur_s3.0,knn,0.9749074074074073,1800,1800
phikon_v2,nct,blur,blur_s3.0,energy,0.8277722222222222,1800,1800
phikon_v2,nct,blur,blur_s3.0,msp,0.7984342592592593,1800,1800
phikon_v2,nct,near,holdout_ADI,maha,0.9666431286626892,1612,188
phikon_v2,nct,near,holdout_ADI,knn,0.9303594055224117,1612,188
phikon_v2,nct,near,holdout_ADI,energy,0.9947831423895253,1612,188
phikon_v2,nct,near,holdout_ADI,msp,0.9904044137057179,1612,188
phikon_v2,nct,near,holdout_BACK,maha,0.9994540699575025,1610,190
phikon_v2,nct,near,holdout_BACK,knn,0.9935272965021249,1610,190
phikon_v2,nct,near,holdout_BACK,energy,0.9979895390650539,1610,190
phikon_v2,nct,near,holdout_BACK,msp,0.9893625367767245,1610,190
phikon_v2,nct,near,holdout_DEB,maha,0.9925549884609903,1593,207
phikon_v2,nct,near,holdout_DEB,knn,0.9685489960606639,1593,207
phikon_v2,nct,near,holdout_DEB,energy,0.9900470354904154,1593,207
phikon_v2,nct,near,holdout_DEB,msp,0.9871812367513669,1593,207
phikon_v2,nct,near,holdout_LYM,maha,0.999489635678392,1592,208
phikon_v2,nct,near,holdout_LYM,knn,0.9955184576729803,1592,208
phikon_v2,nct,near,holdout_LYM,energy,0.9936702744491689,1592,208
phikon_v2,nct,near,holdout_LYM,msp,0.9845743138770777,1592,208
phikon_v2,nct,near,holdout_MUC,maha,0.9869435975609756,1640,160
phikon_v2,nct,near,holdout_MUC,knn,0.967842987804878,1640,160
phikon_v2,nct,near,holdout_MUC,energy,0.9941653963414634,1640,160
phikon_v2,nct,near,holdout_MUC,msp,0.9883650914634147,1640,160
phikon_v2,nct,near,holdout_MUS,maha,0.9892378524168739,1556,244
phikon_v2,nct,near,holdout_MUS,knn,0.9499794555185638,1556,244
phikon_v2,nct,near,holdout_MUS,energy,0.9876838467697754,1556,244
phikon_v2,nct,near,holdout_MUS,msp,0.9736135108938431,1556,244
phikon_v2,nct,near,holdout_NORM,maha,0.9981922323810111,1642,158
phikon_v2,nct,near,holdout_NORM,knn,0.9491165451209548,1642,158
phikon_v2,nct,near,holdout_NORM,energy,0.9912926502104565,1642,158
phikon_v2,nct,near,holdout_NORM,msp,0.9816871983841872,1642,158
phikon_v2,nct,near,holdout_STR,maha,0.967425162346233,1612,188
phikon_v2,nct,near,holdout_STR,knn,0.9470229924502401,1612,188
phikon_v2,nct,near,holdout_STR,energy,0.9975516076236736,1612,188
phikon_v2,nct,near,holdout_STR,msp,0.9944135737289478,1612,188
phikon_v2,nct,near,holdout_TUM,maha,0.99436642449521,1543,257
phikon_v2,nct,near,holdout_TUM,knn,0.9571227912677058,1543,257
phikon_v2,nct,near,holdout_TUM,energy,0.997316864665579,1543,257
phikon_v2,nct,near,holdout_TUM,msp,0.9937914669235483,1543,257
phikon_v2,nct,artefact,artefact,maha,0.9918736590341528,1215,585
phikon_v2,nct,artefact,artefact,knn,0.9634666385283668,1215,585
phikon_v2,nct,artefact,artefact,energy,0.9952840209630334,1215,585
phikon_v2,nct,artefact,artefact,msp,0.9904484541521579,1215,585
phikon_v2,lung,far,far_nct,maha,1.0,2839,1800
phikon_v2,lung,far,far_nct,knn,1.0,2839,1800
phikon_v2,lung,far,far_nct,energy,0.9976364917224374,2839,1800
phikon_v2,lung,far,far_nct,msp,0.9959813705921491,2839,1800
phikon_v2,lung,blur,blur_s1.0,maha,0.9758512521400645,2839,2839
phikon_v2,lung,blur,blur_s1.0,knn,0.7213791549569779,2839,2839
phikon_v2,lung,blur,blur_s1.0,energy,0.5543564260741514,2839,2839
phikon_v2,lung,blur,blur_s1.0,msp,0.5426400581345648,2839,2839
phikon_v2,lung,blur,blur_s2.0,maha,0.9994076865021382,2839,2839
phikon_v2,lung,blur,blur_s2.0,knn,0.8131903526101558,2839,2839
phikon_v2,lung,blur,blur_s2.0,energy,0.5767441144894596,2839,2839
phikon_v2,lung,blur,blur_s2.0,msp,0.5615124515488428,2839,2839
phikon_v2,lung,blur,blur_s3.0,maha,1.0,2839,2839
phikon_v2,lung,blur,blur_s3.0,knn,0.9919694001963543,2839,2839
phikon_v2,lung,blur,blur_s3.0,energy,0.6612908488805287,2839,2839
phikon_v2,lung,blur,blur_s3.0,msp,0.6870196370411075,2839,2839
phikon_v2,lung,near,holdout_lung_aca,maha,0.9984219149442309,1893,946
phikon_v2,lung,near,holdout_lung_aca,knn,0.9241480518523234,1893,946
phikon_v2,lung,near,holdout_lung_aca,energy,0.986082585334419,1893,946
phikon_v2,lung,near,holdout_lung_aca,msp,0.986082585334419,1893,946
phikon_v2,lung,near,holdout_lung_benign,maha,1.0,1890,949
phikon_v2,lung,near,holdout_lung_benign,knn,0.9994575186356008,1890,949
phikon_v2,lung,near,holdout_lung_benign,energy,0.5186160871092378,1890,949
phikon_v2,lung,near,holdout_lung_benign,msp,0.5186160871092378,1890,949
phikon_v2,lung,near,holdout_lung_scc,maha,0.9983218550154286,1895,944
phikon_v2,lung,near,holdout_lung_scc,knn,0.9130344125933545,1895,944
phikon_v2,lung,near,holdout_lung_scc,energy,0.7078691695362462,1895,944
phikon_v2,lung,near,holdout_lung_scc,msp,0.7078691695362462,1895,944
phikon_v2,lc_colon,far,far_breakhis,maha,1.0,1905,1865
phikon_v2,lc_colon,far,far_breakhis,knn,1.0,1905,1865
phikon_v2,lc_colon,far,far_breakhis,energy,0.9654429925481836,1905,1865
phikon_v2,lc_colon,far,far_breakhis,msp,0.9654429925481836,1905,1865
phikon_v2,lc_colon,blur,blur_s1.0,maha,0.8984936725429007,1905,1905
phikon_v2,lc_colon,blur,blur_s1.0,knn,0.5686869062627014,1905,1905
phikon_v2,lc_colon,blur,blur_s1.0,energy,0.5789822335200225,1905,1905
phikon_v2,lc_colon,blur,blur_s1.0,msp,0.5789822335200225,1905,1905
phikon_v2,lc_colon,blur,blur_s2.0,maha,0.9942665040885638,1905,1905
phikon_v2,lc_colon,blur,blur_s2.0,knn,0.6794546744649045,1905,1905
phikon_v2,lc_colon,blur,blur_s2.0,energy,0.5686298661486211,1905,1905
phikon_v2,lc_colon,blur,blur_s2.0,msp,0.5686298661486211,1905,1905
phikon_v2,lc_colon,blur,blur_s3.0,maha,1.0,1905,1905
phikon_v2,lc_colon,blur,blur_s3.0,knn,0.9879717003878453,1905,1905
phikon_v2,lc_colon,blur,blur_s3.0,energy,0.7173182879699093,1905,1905
phikon_v2,lc_colon,blur,blur_s3.0,msp,0.7173182879699093,1905,1905
phikon_v2,breakhis,far,far_lung,maha,0.9999497614139329,1865,2839
phikon_v2,breakhis,far,far_lung,knn,0.9990175145687178,1865,2839
phikon_v2,breakhis,far,far_lung,energy,0.7128904468306724,1865,2839
phikon_v2,breakhis,far,far_lung,msp,0.7128904468306724,1865,2839
phikon_v2,breakhis,blur,blur_s1.0,maha,0.651205140553012,1865,1865
phikon_v2,breakhis,blur,blur_s1.0,knn,0.5540849140006756,1865,1865
phikon_v2,breakhis,blur,blur_s1.0,energy,0.4965719583983209,1865,1865
phikon_v2,breakhis,blur,blur_s1.0,msp,0.4965719583983209,1865,1865
phikon_v2,breakhis,blur,blur_s2.0,maha,0.8189700206283378,1865,1865
phikon_v2,breakhis,blur,blur_s2.0,knn,0.6946822014102021,1865,1865
phikon_v2,breakhis,blur,blur_s2.0,energy,0.486229326739932,1865,1865
phikon_v2,breakhis,blur,blur_s2.0,msp,0.486229326739932,1865,1865
phikon_v2,breakhis,blur,blur_s3.0,maha,0.9954166277339735,1865,1865
phikon_v2,breakhis,blur,blur_s3.0,knn,0.963875539966506,1865,1865
phikon_v2,breakhis,blur,blur_s3.0,energy,0.5732288739227622,1865,1865
phikon_v2,breakhis,blur,blur_s3.0,msp,0.5732288739227622,1865,1865
phikon_v2,pcam,far,far_nct,maha,0.9998032994923858,1576,1800
phikon_v2,pcam,far,far_nct,knn,0.9997366751269036,1576,1800
phikon_v2,pcam,far,far_nct,energy,0.7347884940778341,1576,1800
phikon_v2,pcam,far,far_nct,msp,0.7347884940778341,1576,1800
phikon_v2,pcam,blur,blur_s1.0,maha,0.7984604891906516,1576,1576
phikon_v2,pcam,blur,blur_s1.0,knn,0.726513582545286,1576,1576
phikon_v2,pcam,blur,blur_s1.0,energy,0.5170075723414672,1576,1576
phikon_v2,pcam,blur,blur_s1.0,msp,0.5170075723414672,1576,1576
phikon_v2,pcam,blur,blur_s2.0,maha,0.9728948987348296,1576,1576
phikon_v2,pcam,blur,blur_s2.0,knn,0.9252066208869076,1576,1576
phikon_v2,pcam,blur,blur_s2.0,energy,0.5033698691025277,1576,1576
phikon_v2,pcam,blur,blur_s2.0,msp,0.5033698691025277,1576,1576
phikon_v2,pcam,blur,blur_s3.0,maha,0.9988593979489294,1576,1576
phikon_v2,pcam,blur,blur_s3.0,knn,0.993507868664485,1576,1576
phikon_v2,pcam,blur,blur_s3.0,energy,0.5320532125280218,1576,1576
phikon_v2,pcam,blur,blur_s3.0,msp,0.5320532125280218,1576,1576
phikon_v2,sicap,far,far_nct,maha,1.0,1836,1800
phikon_v2,sicap,far,far_nct,knn,1.0,1836,1800
phikon_v2,sicap,far,far_nct,energy,0.7290462357782619,1836,1800
phikon_v2,sicap,far,far_nct,msp,0.6741258169934641,1836,1800
phikon_v2,sicap,near,holdout_G3,maha,0.6112448870567786,1502,334
phikon_v2,sicap,near,holdout_G3,knn,0.5511553457665229,1502,334
phikon_v2,sicap,near,holdout_G3,energy,0.4440725738934913,1502,334
phikon_v2,sicap,near,holdout_G3,msp,0.5320889512586013,1502,334
phikon_v2,sicap,near,holdout_G4,maha,0.6798450256312892,920,916
phikon_v2,sicap,near,holdout_G4,knn,0.7198049174102905,920,916
phikon_v2,sicap,near,holdout_G4,energy,0.7488810043668122,920,916
phikon_v2,sicap,near,holdout_G4,msp,0.7400927947598253,920,916
phikon_v2,sicap,near,holdout_G5,maha,0.48738827333388257,1592,244
phikon_v2,sicap,near,holdout_G5,knn,0.47093819507372936,1592,244
phikon_v2,sicap,near,holdout_G5,energy,0.36114486366257514,1592,244
phikon_v2,sicap,near,holdout_G5,msp,0.33145749237993244,1592,244
phikon_v2,sicap,near,holdout_NC,maha,0.5353323625887566,1494,342
phikon_v2,sicap,near,holdout_NC,knn,0.4844074152359926,1494,342
phikon_v2,sicap,near,holdout_NC,energy,0.7392396095101653,1494,342
phikon_v2,sicap,near,holdout_NC,msp,0.7348497303052366,1494,342
phikon_v2,panda,far,far_nct,maha,0.9999920071615832,5213,1800
phikon_v2,panda,far,far_nct,knn,0.9999940320139821,5213,1800
phikon_v2,panda,far,far_nct,energy,0.5225228595178719,5213,1800
phikon_v2,panda,far,far_nct,msp,0.5313197774793784,5213,1800
phikon_v2,panda,near,holdout_0,maha,0.49538135815022666,4396,817
phikon_v2,panda,near,holdout_0,knn,0.4878823298803965,4396,817
phikon_v2,panda,near,holdout_0,energy,0.5718186556600359,4396,817
phikon_v2,panda,near,holdout_0,msp,0.5321158213263866,4396,817
phikon_v2,panda,near,holdout_1,maha,0.4798478563834768,4385,828
phikon_v2,panda,near,holdout_1,knn,0.4546956852246625,4385,828
phikon_v2,panda,near,holdout_1,energy,0.5802458424911452,4385,828
phikon_v2,panda,near,holdout_1,msp,0.5106343540506447,4385,828
phikon_v2,panda,near,holdout_2,maha,0.565700991224752,4389,824
phikon_v2,panda,near,holdout_2,knn,0.5674803181829242,4389,824
phikon_v2,panda,near,holdout_2,energy,0.4977528220374413,4389,824
phikon_v2,panda,near,holdout_2,msp,0.5006990114297216,4389,824
phikon_v2,panda,near,holdout_3,maha,0.4856822699381683,4256,957
phikon_v2,panda,near,holdout_3,knn,0.49579940250312304,4256,957
phikon_v2,panda,near,holdout_3,energy,0.4831347569550836,4256,957
phikon_v2,panda,near,holdout_3,msp,0.5192219871779763,4256,957
phikon_v2,panda,near,holdout_4,maha,0.49515731811827546,4418,795
phikon_v2,panda,near,holdout_4,knn,0.5246587003994522,4418,795
phikon_v2,panda,near,holdout_4,energy,0.45492339799163517,4418,795
phikon_v2,panda,near,holdout_4,msp,0.5120783757697925,4418,795
phikon_v2,panda,near,holdout_5,maha,0.5868967852748546,4221,992
phikon_v2,panda,near,holdout_5,knn,0.5968004638864052,4221,992
phikon_v2,panda,near,holdout_5,energy,0.5326941521272287,4221,992
phikon_v2,panda,near,holdout_5,msp,0.5467280055177263,4221,992
hibou_l,nct,far,far_breakhis,maha,0.9992436699434017,1800,1865
hibou_l,nct,far,far_breakhis,knn,0.9113949955317246,1800,1865
hibou_l,nct,far,far_breakhis,energy,0.8995969615728329,1800,1865
hibou_l,nct,far,far_breakhis,msp,0.9574554661900507,1800,1865
hibou_l,nct,blur,blur_s1.0,maha,0.559466049382716,1800,1800
hibou_l,nct,blur,blur_s1.0,knn,0.49088827160493825,1800,1800
hibou_l,nct,blur,blur_s1.0,energy,0.5231657407407408,1800,1800
hibou_l,nct,blur,blur_s1.0,msp,0.5222438271604939,1800,1800
hibou_l,nct,blur,blur_s2.0,maha,0.798954938271605,1800,1800
hibou_l,nct,blur,blur_s2.0,knn,0.575450925925926,1800,1800
hibou_l,nct,blur,blur_s2.0,energy,0.533442901234568,1800,1800
hibou_l,nct,blur,blur_s2.0,msp,0.5340660493827161,1800,1800
hibou_l,nct,blur,blur_s3.0,maha,0.9999916666666667,1800,1800
hibou_l,nct,blur,blur_s3.0,knn,0.9816885802469137,1800,1800
hibou_l,nct,blur,blur_s3.0,energy,0.4934391975308642,1800,1800
hibou_l,nct,blur,blur_s3.0,msp,0.5824574074074075,1800,1800
hibou_l,nct,near,holdout_ADI,maha,0.9405918378121536,1612,188
hibou_l,nct,near,holdout_ADI,knn,0.66781716910406,1612,188
hibou_l,nct,near,holdout_ADI,energy,0.9785452193653978,1612,188
hibou_l,nct,near,holdout_ADI,msp,0.9846266036640093,1612,188
hibou_l,nct,near,holdout_BACK,maha,0.999908466819222,1610,190
hibou_l,nct,near,holdout_BACK,knn,0.9991631252043152,1610,190
hibou_l,nct,near,holdout_BACK,energy,0.9858744687806473,1610,190
hibou_l,nct,near,holdout_BACK,msp,0.9834259561948349,1610,190
hibou_l,nct,near,holdout_DEB,maha,0.8984597468999335,1593,207
hibou_l,nct,near,holdout_DEB,knn,0.6835794281139405,1593,207
hibou_l,nct,near,holdout_DEB,energy,0.9177652228499686,1593,207
hibou_l,nct,near,holdout_DEB,msp,0.9609523549587415,1593,207
hibou_l,nct,near,holdout_LYM,maha,0.9236627850792423,1592,208
hibou_l,nct,near,holdout_LYM,knn,0.6699996376111327,1592,208
hibou_l,nct,near,holdout_LYM,energy,0.9865825521839969,1592,208
hibou_l,nct,near,holdout_LYM,msp,0.9753907759953614,1592,208
hibou_l,nct,near,holdout_MUC,maha,0.909657012195122,1640,160
hibou_l,nct,near,holdout_MUC,knn,0.7841501524390244,1640,160
hibou_l,nct,near,holdout_MUC,energy,0.973780487804878,1640,160
hibou_l,nct,near,holdout_MUC,msp,0.9740701219512196,1640,160
hibou_l,nct,near,holdout_MUS,maha,0.794157465548485,1556,244
hibou_l,nct,near,holdout_MUS,knn,0.5020676176830039,1556,244
hibou_l,nct,near,holdout_MUS,energy,0.948844241223819,1556,244
hibou_l,nct,near,holdout_MUS,msp,0.9432577226178936,1556,244
hibou_l,nct,near,holdout_NORM,maha,0.8906743859757319,1642,158
hibou_l,nct,near,holdout_NORM,knn,0.6926178325290246,1642,158
hibou_l,nct,near,holdout_NORM,energy,0.9031090519434466,1642,158
hibou_l,nct,near,holdout_NORM,msp,0.9030743613068348,1642,158
hibou_l,nct,near,holdout_STR,maha,0.742516234623304,1612,188
hibou_l,nct,near,holdout_STR,knn,0.5612725040916531,1612,188
hibou_l,nct,near,holdout_STR,energy,0.9853426429438784,1612,188
hibou_l,nct,near,holdout_STR,msp,0.985929993136582,1612,188
hibou_l,nct,near,holdout_TUM,maha,0.6934467445549249,1543,257
hibou_l,nct,near,holdout_TUM,knn,0.44905447218642747,1543,257
hibou_l,nct,near,holdout_TUM,energy,0.946463380498347,1543,257
hibou_l,nct,near,holdout_TUM,msp,0.9727273415021019,1543,257
hibou_l,nct,artefact,artefact,maha,0.9679012345679012,1215,585
hibou_l,nct,artefact,artefact,knn,0.8325123984383244,1215,585
hibou_l,nct,artefact,artefact,energy,0.9619837501318983,1215,585
hibou_l,nct,artefact,artefact,msp,0.9779606767261088,1215,585
hibou_l,lung,far,far_nct,maha,1.0,2839,1800
hibou_l,lung,far,far_nct,knn,0.99151226957849,2839,1800
hibou_l,lung,far,far_nct,energy,0.9602923564635435,2839,1800
hibou_l,lung,far,far_nct,msp,0.9752704395131305,2839,1800
hibou_l,lung,blur,blur_s1.0,maha,0.8341558186488428,2839,2839
hibou_l,lung,blur,blur_s1.0,knn,0.5330042316791939,2839,2839
hibou_l,lung,blur,blur_s1.0,energy,0.49135717335194723,2839,2839
hibou_l,lung,blur,blur_s1.0,msp,0.48435605013994554,2839,2839
hibou_l,lung,blur,blur_s2.0,maha,0.9982953927215913,2839,2839
hibou_l,lung,blur,blur_s2.0,knn,0.7568040679306905,2839,2839
hibou_l,lung,blur,blur_s2.0,energy,0.45302987461043354,2839,2839
hibou_l,lung,blur,blur_s2.0,msp,0.47804488406275936,2839,2839
hibou_l,lung,blur,blur_s3.0,maha,1.0,2839,2839
hibou_l,lung,blur,blur_s3.0,knn,0.9986141303370095,2839,2839
hibou_l,lung,blur,blur_s3.0,energy,0.4893705533838359,2839,2839
hibou_l,lung,blur,blur_s3.0,msp,0.5198684949889707,2839,2839
hibou_l,lung,near,holdout_lung_aca,maha,0.9977138428102199,1893,946
hibou_l,lung,near,holdout_lung_aca,knn,0.870186589292475,1893,946
hibou_l,lung,near,holdout_lung_aca,energy,0.9755167865586912,1893,946
hibou_l,lung,near,holdout_lung_aca,msp,0.9755167865586912,1893,946
hibou_l,lung,near,holdout_lung_benign,maha,1.0,1890,949
hibou_l,lung,near,holdout_lung_benign,knn,0.9775932337576173,1890,949
hibou_l,lung,near,holdout_lung_benign,energy,0.3401358154782812,1890,949
hibou_l,lung,near,holdout_lung_benign,msp,0.3401358154782812,1890,949
hibou_l,lung,near,holdout_lung_scc,maha,0.9984459550109566,1895,944
hibou_l,lung,near,holdout_lung_scc,knn,0.8777928089083672,1895,944
hibou_l,lung,near,holdout_lung_scc,energy,0.36712132731094316,1895,944
hibou_l,lung,near,holdout_lung_scc,msp,0.36712132731094316,1895,944
hibou_l,lc_colon,far,far_breakhis,maha,1.0,1905,1865
hibou_l,lc_colon,far,far_breakhis,knn,0.9994426970087184,1905,1865
hibou_l,lc_colon,far,far_breakhis,energy,0.9375187350910895,1905,1865
hibou_l,lc_colon,far,far_breakhis,msp,0.9375187350910895,1905,1865
hibou_l,lc_colon,blur,blur_s1.0,maha,0.8881366207176858,1905,1905
hibou_l,lc_colon,blur,blur_s1.0,knn,0.4901321980421739,1905,1905
hibou_l,lc_colon,blur,blur_s1.0,energy,0.5429899215353986,1905,1905
hibou_l,lc_colon,blur,blur_s1.0,msp,0.5429899215353986,1905,1905
hibou_l,lc_colon,blur,blur_s2.0,maha,0.9993370120073573,1905,1905
hibou_l,lc_colon,blur,blur_s2.0,knn,0.7207189258822962,1905,1905
hibou_l,lc_colon,blur,blur_s2.0,energy,0.5423332713332094,1905,1905
hibou_l,lc_colon,blur,blur_s2.0,msp,0.5423332713332094,1905,1905
hibou_l,lc_colon,blur,blur_s3.0,maha,1.0,1905,1905
hibou_l,lc_colon,blur,blur_s3.0,knn,0.9998919820061862,1905,1905
hibou_l,lc_colon,blur,blur_s3.0,energy,0.5852886105772211,1905,1905
hibou_l,lc_colon,blur,blur_s3.0,msp,0.5852886105772211,1905,1905
hibou_l,breakhis,far,far_lung,maha,0.8852575246919818,1865,2839
hibou_l,breakhis,far,far_lung,knn,0.6271046615175264,1865,2839
hibou_l,breakhis,far,far_lung,energy,0.6273078822641738,1865,2839
hibou_l,breakhis,far,far_lung,msp,0.6273078822641738,1865,2839
hibou_l,breakhis,blur,blur_s1.0,maha,0.546363159370081,1865,1865
hibou_l,breakhis,blur,blur_s1.0,knn,0.5129826276333475,1865,1865
hibou_l,breakhis,blur,blur_s1.0,energy,0.49666022180853736,1865,1865
hibou_l,breakhis,blur,blur_s1.0,msp,0.49666022180853736,1865,1865
hibou_l,breakhis,blur,blur_s2.0,maha,0.8321241437802327,1865,1865
hibou_l,breakhis,blur,blur_s2.0,knn,0.6728403136657346,1865,1865
hibou_l,breakhis,blur,blur_s2.0,energy,0.4571992898676768,1865,1865
hibou_l,breakhis,blur,blur_s2.0,msp,0.4571992898676768,1865,1865
hibou_l,breakhis,blur,blur_s3.0,maha,0.9860207433389155,1865,1865
hibou_l,breakhis,blur,blur_s3.0,knn,0.9470868043326698,1865,1865
hibou_l,breakhis,blur,blur_s3.0,energy,0.4407362950930432,1865,1865
hibou_l,breakhis,blur,blur_s3.0,msp,0.4407362950930432,1865,1865
hibou_l,pcam,far,far_nct,maha,1.0,1576,1800
hibou_l,pcam,far,far_nct,knn,0.9996326847151721,1576,1800
hibou_l,pcam,far,far_nct,energy,0.8595586576424139,1576,1800
hibou_l,pcam,far,far_nct,msp,0.8595586576424139,1576,1800
hibou_l,pcam,blur,blur_s1.0,maha,0.5537532370068798,1576,1576
hibou_l,pcam,blur,blur_s1.0,knn,0.5037632218042207,1576,1576
hibou_l,pcam,blur,blur_s1.0,energy,0.5003216876240048,1576,1576
hibou_l,pcam,blur,blur_s1.0,msp,0.5003216876240048,1576,1576
hibou_l,pcam,blur,blur_s2.0,maha,0.8783545698162797,1576,1576
hibou_l,pcam,blur,blur_s2.0,knn,0.6640449863433739,1576,1576
hibou_l,pcam,blur,blur_s2.0,energy,0.5573984932618723,1576,1576
hibou_l,pcam,blur,blur_s2.0,msp,0.5573984932618723,1576,1576
hibou_l,pcam,blur,blur_s3.0,maha,0.9993002589605504,1576,1576
hibou_l,pcam,blur,blur_s3.0,knn,0.9547366590223918,1576,1576
hibou_l,pcam,blur,blur_s3.0,energy,0.5198246540750857,1576,1576
hibou_l,pcam,blur,blur_s3.0,msp,0.5198246540750857,1576,1576
hibou_l,sicap,far,far_nct,maha,1.0,1836,1800
hibou_l,sicap,far,far_nct,knn,0.9964702856451223,1836,1800
hibou_l,sicap,far,far_nct,energy,0.695122246429436,1836,1800
hibou_l,sicap,far,far_nct,msp,0.5920225127087873,1836,1800
hibou_l,sicap,near,holdout_G3,maha,0.42883540508862433,1502,334
hibou_l,sicap,near,holdout_G3,knn,0.5133434861302695,1502,334
hibou_l,sicap,near,holdout_G3,energy,0.5196903131154469,1502,334
hibou_l,sicap,near,holdout_G3,msp,0.4430798855019654,1502,334
hibou_l,sicap,near,holdout_G4,maha,0.6149112397949497,920,916
hibou_l,sicap,near,holdout_G4,knn,0.5491752895386368,920,916
hibou_l,sicap,near,holdout_G4,energy,0.7944560470856276,920,916
hibou_l,sicap,near,holdout_G4,msp,0.8369173628251376,920,916
hibou_l,sicap,near,holdout_G5,maha,0.7801121385616608,1592,244
hibou_l,sicap,near,holdout_G5,knn,0.6603251915314275,1592,244
hibou_l,sicap,near,holdout_G5,energy,0.26326046214679955,1592,244
hibou_l,sicap,near,holdout_G5,msp,0.24381126946206444,1592,244
hibou_l,sicap,near,holdout_NC,maha,0.7423612578970853,1494,342
hibou_l,sicap,near,holdout_NC,knn,0.7610226480972623,1494,342
hibou_l,sicap,near,holdout_NC,energy,0.7498629997573139,1494,342
hibou_l,sicap,near,holdout_NC,msp,0.7120176612884287,1494,342
hibou_l,panda,far,far_nct,maha,0.9995738218556174,5213,1800
hibou_l,panda,far,far_nct,knn,0.9014163309674532,5213,1800
hibou_l,panda,far,far_nct,energy,0.18225952213483387,5213,1800
hibou_l,panda,far,far_nct,msp,0.32145181917002363,5213,1800
hibou_l,panda,near,holdout_0,maha,0.5933506926849045,4396,817
hibou_l,panda,near,holdout_0,knn,0.6193098098527314,4396,817
hibou_l,panda,near,holdout_0,energy,0.5395329903784791,4396,817
hibou_l,panda,near,holdout_0,msp,0.4718086877688964,4396,817
hibou_l,panda,near,holdout_1,maha,0.457388219611213,4385,828
hibou_l,panda,near,holdout_1,knn,0.48905028671525125,4385,828
hibou_l,panda,near,holdout_1,energy,0.6080360142999576,4385,828
hibou_l,panda,near,holdout_1,msp,0.5316290163546125,4385,828
hibou_l,panda,near,holdout_2,maha,0.49098446690424213,4389,824
hibou_l,panda,near,holdout_2,knn,0.504560994277397,4389,824
hibou_l,panda,near,holdout_2,energy,0.4954879475829911,4389,824
hibou_l,panda,near,holdout_2,msp,0.5201803604332986,4389,824
hibou_l,panda,near,holdout_3,maha,0.433757051327378,4256,957
hibou_l,panda,near,holdout_3,knn,0.4156327829762494,4256,957
hibou_l,panda,near,holdout_3,energy,0.4765884637141443,4256,957
hibou_l,panda,near,holdout_3,msp,0.5236258750324085,4256,957
hibou_l,panda,near,holdout_4,maha,0.496446213460657,4418,795
hibou_l,panda,near,holdout_4,knn,0.45567447064752253,4418,795
hibou_l,panda,near,holdout_4,energy,0.4507415347734113,4418,795
hibou_l,panda,near,holdout_4,msp,0.4944315849113546,4418,795
hibou_l,panda,near,holdout_5,maha,0.614833618008269,4221,992
hibou_l,panda,near,holdout_5,knn,0.5766580404429466,4221,992
hibou_l,panda,near,holdout_5,energy,0.4889492629020794,4221,992
hibou_l,panda,near,holdout_5,msp,0.5115231255397361,4221,992
virchow2,nct,far,far_breakhis,maha,0.9999758713136729,1800,1865
virchow2,nct,far,far_breakhis,knn,0.9793303544831693,1800,1865
virchow2,nct,far,far_breakhis,energy,0.9867345844504022,1800,1865
virchow2,nct,far,far_breakhis,msp,0.9830455764075068,1800,1865
virchow2,nct,blur,blur_s1.0,maha,0.6188870370370371,1800,1800
virchow2,nct,blur,blur_s1.0,knn,0.5014262345679013,1800,1800
virchow2,nct,blur,blur_s1.0,energy,0.5121910493827161,1800,1800
virchow2,nct,blur,blur_s1.0,msp,0.5130629629629629,1800,1800
virchow2,nct,blur,blur_s2.0,maha,0.9137484567901233,1800,1800
virchow2,nct,blur,blur_s2.0,knn,0.5519694444444445,1800,1800
virchow2,nct,blur,blur_s2.0,energy,0.5690006172839506,1800,1800
virchow2,nct,blur,blur_s2.0,msp,0.5594601851851851,1800,1800
virchow2,nct,blur,blur_s3.0,maha,0.9995836419753087,1800,1800
virchow2,nct,blur,blur_s3.0,knn,0.9485336419753087,1800,1800
virchow2,nct,blur,blur_s3.0,energy,0.9594182098765434,1800,1800
virchow2,nct,blur,blur_s3.0,msp,0.9373814814814815,1800,1800
virchow2,nct,near,holdout_ADI,maha,0.9982115516604192,1612,188
virchow2,nct,near,holdout_ADI,knn,0.9903516181827781,1612,188
virchow2,nct,near,holdout_ADI,energy,0.9938361226967952,1612,188
virchow2,nct,near,holdout_ADI,msp,0.9891307217147985,1612,188
virchow2,nct,near,holdout_BACK,maha,0.9999248120300751,1610,190
virchow2,nct,near,holdout_BACK,knn,0.9696502124877412,1610,190
virchow2,nct,near,holdout_BACK,energy,0.996776724419745,1610,190
virchow2,nct,near,holdout_BACK,msp,0.9895554102647924,1610,190
virchow2,nct,near,holdout_DEB,maha,0.9886217175990368,1593,207
virchow2,nct,near,holdout_DEB,knn,0.8447586208987994,1593,207
virchow2,nct,near,holdout_DEB,energy,0.9929067690469475,1593,207
virchow2,nct,near,holdout_DEB,msp,0.9913328541839145,1593,207
virchow2,nct,near,holdout_LYM,maha,0.9999154425976035,1592,208
virchow2,nct,near,holdout_LYM,knn,0.9425251256281406,1592,208
virchow2,nct,near,holdout_LYM,energy,0.9996134518747585,1592,208
virchow2,nct,near,holdout_LYM,msp,0.9976837311557789,1592,208
virchow2,nct,near,holdout_MUC,maha,0.993528963414634,1640,160
virchow2,nct,near,holdout_MUC,knn,0.9508993902439024,1640,160
virchow2,nct,near,holdout_MUC,energy,0.9963871951219512,1640,160
virchow2,nct,near,holdout_MUC,msp,0.9932393292682927,1640,160
virchow2,nct,near,holdout_MUS,maha,0.9963230646044924,1556,244
virchow2,nct,near,holdout_MUS,knn,0.9690199755573349,1556,244
virchow2,nct,near,holdout_MUS,energy,0.9935600952421089,1556,244
virchow2,nct,near,holdout_MUS,msp,0.9837092797842303,1556,244
virchow2,nct,near,holdout_NORM,maha,0.998373394594428,1642,158
virchow2,nct,near,holdout_NORM,knn,0.9898472070183013,1642,158
virchow2,nct,near,holdout_NORM,energy,0.998947717356111,1642,158
virchow2,nct,near,holdout_NORM,msp,0.9947732774171665,1642,158
virchow2,nct,near,holdout_STR,maha,0.9902823240589198,1612,188
virchow2,nct,near,holdout_STR,knn,0.9780502613378385,1612,188
virchow2,nct,near,holdout_STR,energy,0.9952649015363497,1612,188
virchow2,nct,near,holdout_STR,msp,0.9943508790454569,1612,188
virchow2,nct,near,holdout_TUM,maha,0.9820981412226926,1543,257
virchow2,nct,near,holdout_TUM,knn,0.8693434135836249,1543,257
virchow2,nct,near,holdout_TUM,energy,0.9956298181066243,1543,257
virchow2,nct,near,holdout_TUM,msp,0.9907174613101467,1543,257
virchow2,nct,artefact,artefact,maha,0.9955935422602089,1215,585
virchow2,nct,artefact,artefact,knn,0.9329970806514016,1215,585
virchow2,nct,artefact,artefact,energy,0.9972776194998417,1215,585
virchow2,nct,artefact,artefact,msp,0.9948886778516408,1215,585
virchow2,lung,far,far_nct,maha,1.0,2839,1800
virchow2,lung,far,far_nct,knn,0.9997675237759774,2839,1800
virchow2,lung,far,far_nct,energy,0.9964592383859732,2839,1800
virchow2,lung,far,far_nct,msp,0.9959659113146256,2839,1800
virchow2,lung,blur,blur_s1.0,maha,0.9784222450815586,2839,2839
virchow2,lung,blur,blur_s1.0,knn,0.570859441426287,2839,2839
virchow2,lung,blur,blur_s1.0,energy,0.4926137613507626,2839,2839
virchow2,lung,blur,blur_s1.0,msp,0.4808643906063099,2839,2839
virchow2,lung,blur,blur_s2.0,maha,0.9999967741619304,2839,2839
virchow2,lung,blur,blur_s2.0,knn,0.6625177839832425,2839,2839
virchow2,lung,blur,blur_s2.0,energy,0.4795750479440183,2839,2839
virchow2,lung,blur,blur_s2.0,msp,0.4730902449291997,2839,2839
virchow2,lung,blur,blur_s3.0,maha,1.0,2839,2839
virchow2,lung,blur,blur_s3.0,knn,0.994744117219015,2839,2839
virchow2,lung,blur,blur_s3.0,energy,0.9546401261253057,2839,2839
virchow2,lung,blur,blur_s3.0,msp,0.9353726916181933,2839,2839
virchow2,lung,near,holdout_lung_aca,maha,0.9998330334636677,1893,946
virchow2,lung,near,holdout_lung_aca,knn,0.797178098011032,1893,946
virchow2,lung,near,holdout_lung_aca,energy,0.9839310065234216,1893,946
virchow2,lung,near,holdout_lung_aca,msp,0.9839310065234216,1893,946
virchow2,lung,near,holdout_lung_benign,maha,1.0,1890,949
virchow2,lung,near,holdout_lung_benign,knn,0.9963581826595524,1890,949
virchow2,lung,near,holdout_lung_benign,energy,0.683189768121275,1890,949
virchow2,lung,near,holdout_lung_benign,msp,0.683189768121275,1890,949
virchow2,lung,near,holdout_lung_scc,maha,0.9999340369393139,1895,944
virchow2,lung,near,holdout_lung_scc,knn,0.9405868476365099,1895,944
virchow2,lung,near,holdout_lung_scc,energy,0.8112696212155092,1895,944
virchow2,lung,near,holdout_lung_scc,msp,0.8112696212155092,1895,944
virchow2,lc_colon,far,far_breakhis,maha,1.0,1905,1865
virchow2,lc_colon,far,far_breakhis,knn,0.9983874803853272,1905,1865
virchow2,lc_colon,far,far_breakhis,energy,0.9975318232673999,1905,1865
virchow2,lc_colon,far,far_breakhis,msp,0.9975318232673999,1905,1865
virchow2,lc_colon,blur,blur_s1.0,maha,0.980475747618162,1905,1905
virchow2,lc_colon,blur,blur_s1.0,knn,0.536763180193027,1905,1905
virchow2,lc_colon,blur,blur_s1.0,energy,0.516498232996466,1905,1905
virchow2,lc_colon,blur,blur_s1.0,msp,0.516498232996466,1905,1905
virchow2,lc_colon,blur,blur_s2.0,maha,1.0,1905,1905
virchow2,lc_colon,blur,blur_s2.0,knn,0.7452122815356742,1905,1905
virchow2,lc_colon,blur,blur_s2.0,energy,0.5833321622198799,1905,1905
virchow2,lc_colon,blur,blur_s2.0,msp,0.5833321622198799,1905,1905
virchow2,lc_colon,blur,blur_s3.0,maha,1.0,1905,1905
virchow2,lc_colon,blur,blur_s3.0,knn,0.9996833860334386,1905,1905
virchow2,lc_colon,blur,blur_s3.0,energy,0.9917060367454068,1905,1905
virchow2,lc_colon,blur,blur_s3.0,msp,0.9917060367454068,1905,1905
virchow2,breakhis,far,far_lung,maha,0.9875412083890884,1865,2839
virchow2,breakhis,far,far_lung,knn,0.7693448302889568,1865,2839
virchow2,breakhis,far,far_lung,energy,0.5859704026735992,1865,2839
virchow2,breakhis,far,far_lung,msp,0.5859704026735992,1865,2839
virchow2,breakhis,blur,blur_s1.0,maha,0.6312279970387196,1865,1865
virchow2,breakhis,blur,blur_s1.0,knn,0.4977791833478282,1865,1865
virchow2,breakhis,blur,blur_s1.0,energy,0.4980807739579814,1865,1865
virchow2,breakhis,blur,blur_s1.0,msp,0.4980807739579814,1865,1865
virchow2,breakhis,blur,blur_s2.0,maha,0.8615408721402439,1865,1865
virchow2,breakhis,blur,blur_s2.0,knn,0.5496309180688426,1865,1865
virchow2,breakhis,blur,blur_s2.0,energy,0.506763363497186,1865,1865
virchow2,breakhis,blur,blur_s2.0,msp,0.506763363497186,1865,1865
virchow2,breakhis,blur,blur_s3.0,maha,0.9994954322966456,1865,1865
virchow2,breakhis,blur,blur_s3.0,knn,0.9365411955810794,1865,1865
virchow2,breakhis,blur,blur_s3.0,energy,0.578708680433267,1865,1865
virchow2,breakhis,blur,blur_s3.0,msp,0.578708680433267,1865,1865
virchow2,pcam,far,far_nct,maha,0.9993510293288212,1576,1800
virchow2,pcam,far,far_nct,knn,0.9634094754653131,1576,1800
virchow2,pcam,far,far_nct,energy,0.7392907501410039,1576,1800
virchow2,pcam,far,far_nct,msp,0.7392907501410039,1576,1800
virchow2,pcam,blur,blur_s1.0,maha,0.6115261601690329,1576,1576
virchow2,pcam,blur,blur_s1.0,knn,0.5454131129377207,1576,1576
virchow2,pcam,blur,blur_s1.0,energy,0.49278316563168334,1576,1576
virchow2,pcam,blur,blur_s1.0,msp,0.49278316563168334,1576,1576
virchow2,pcam,blur,blur_s2.0,maha,0.9377999465330207,1576,1576
virchow2,pcam,blur,blur_s2.0,knn,0.7094480339611946,1576,1576
virchow2,pcam,blur,blur_s2.0,energy,0.4918656110695973,1576,1576
virchow2,pcam,blur,blur_s2.0,msp,0.4918656110695973,1576,1576
virchow2,pcam,blur,blur_s3.0,maha,0.9993674952974825,1576,1576
virchow2,pcam,blur,blur_s3.0,knn,0.9415744414955294,1576,1576
virchow2,pcam,blur,blur_s3.0,energy,0.6335180789249917,1576,1576
virchow2,pcam,blur,blur_s3.0,msp,0.6335180789249917,1576,1576
virchow2,sicap,far,far_nct,maha,1.0,1836,1800
virchow2,sicap,far,far_nct,knn,0.9950829097070927,1836,1800
virchow2,sicap,far,far_nct,energy,0.8918221980150085,1836,1800
virchow2,sicap,far,far_nct,msp,0.7236661825223917,1836,1800
virchow2,sicap,near,holdout_G3,maha,0.44224267842477494,1502,334
virchow2,sicap,near,holdout_G3,knn,0.5425061993190716,1502,334
virchow2,sicap,near,holdout_G3,energy,0.4208699777542119,1502,334
virchow2,sicap,near,holdout_G3,msp,0.35619971774161396,1502,334
virchow2,sicap,near,holdout_G4,maha,0.7266553540915133,920,916
virchow2,sicap,near,holdout_G4,knn,0.5712929561420164,920,916
virchow2,sicap,near,holdout_G4,energy,0.7913268938674768,920,916
virchow2,sicap,near,holdout_G4,msp,0.8546053256123031,920,916
virchow2,sicap,near,holdout_G5,maha,0.6797383433561248,1592,244
virchow2,sicap,near,holdout_G5,knn,0.634048830216657,1592,244
virchow2,sicap,near,holdout_G5,energy,0.41933025784661015,1592,244
virchow2,sicap,near,holdout_G5,msp,0.3442417003048027,1592,244
virchow2,sicap,near,holdout_NC,maha,0.8191322796057524,1494,342
virchow2,sicap,near,holdout_NC,knn,0.7747070151952841,1494,342
virchow2,sicap,near,holdout_NC,energy,0.9301592334249278,1494,342
virchow2,sicap,near,holdout_NC,msp,0.850961350274392,1494,342
virchow2,panda,far,far_nct,maha,0.9999751689153186,5213,1800
virchow2,panda,far,far_nct,knn,0.9915542340729373,5213,1800
virchow2,panda,far,far_nct,energy,0.814896093100582,5213,1800
virchow2,panda,far,far_nct,msp,0.7317359379329453,5213,1800
virchow2,panda,near,holdout_0,maha,0.5116404364488469,4396,817
virchow2,panda,near,holdout_0,knn,0.5462771875622994,4396,817
virchow2,panda,near,holdout_0,energy,0.6463342105820025,4396,817
virchow2,panda,near,holdout_0,msp,0.5705172611576341,4396,817
virchow2,panda,near,holdout_1,maha,0.4081806113286952,4385,828
virchow2,panda,near,holdout_1,knn,0.43958598427886014,4385,828
virchow2,panda,near,holdout_1,energy,0.6321633368036621,4385,828
virchow2,panda,near,holdout_1,msp,0.5427197461702444,4385,828
virchow2,panda,near,holdout_2,maha,0.42755305076459904,4389,824
virchow2,panda,near,holdout_2,knn,0.41995959669694977,4389,824
virchow2,panda,near,holdout_2,energy,0.4947206387548749,4389,824
virchow2,panda,near,holdout_2,msp,0.5198546343794173,4389,824
virchow2,panda,near,holdout_3,maha,0.48999310580526556,4256,957
virchow2,panda,near,holdout_3,knn,0.4753377860796191,4256,957
virchow2,panda,near,holdout_3,energy,0.4435137608912563,4256,957
virchow2,panda,near,holdout_3,msp,0.48884775614585046,4256,957
virchow2,panda,near,holdout_4,maha,0.6210288955132093,4418,795
virchow2,panda,near,holdout_4,knn,0.5997036138609633,4418,795
virchow2,panda,near,holdout_4,energy,0.41794516998784276,4418,795
virchow2,panda,near,holdout_4,msp,0.46628031124815295,4418,795
virchow2,panda,near,holdout_5,maha,0.656884786895018,4221,992
virchow2,panda,near,holdout_5,knn,0.5856317490886581,4221,992
virchow2,panda,near,holdout_5,energy,0.42505120327700974,4221,992
virchow2,panda,near,holdout_5,msp,0.4646434685252693,4221,992
uni,nct,far,far_breakhis,maha,0.9979320822162645,1800,1865
uni,nct,far,far_breakhis,knn,0.9999445933869526,1800,1865
uni,nct,far,far_breakhis,energy,0.9987432231158773,1800,1865
uni,nct,far,far_breakhis,msp,0.9962171581769437,1800,1865
uni,nct,blur,blur_s1.0,maha,0.5681277777777778,1800,1800
uni,nct,blur,blur_s1.0,knn,0.5146058641975308,1800,1800
uni,nct,blur,blur_s1.0,energy,0.527220061728395,1800,1800
uni,nct,blur,blur_s1.0,msp,0.5286435185185185,1800,1800
uni,nct,blur,blur_s2.0,maha,0.8067648148148148,1800,1800
uni,nct,blur,blur_s2.0,knn,0.6258762345679012,1800,1800
uni,nct,blur,blur_s2.0,energy,0.6359811728395062,1800,1800
uni,nct,blur,blur_s2.0,msp,0.6249490740740741,1800,1800
uni,nct,blur,blur_s3.0,maha,0.98164012345679,1800,1800
uni,nct,blur,blur_s3.0,knn,0.9122327160493827,1800,1800
uni,nct,blur,blur_s3.0,energy,0.8972351851851852,1800,1800
uni,nct,blur,blur_s3.0,msp,0.8768851851851853,1800,1800
uni,nct,near,holdout_ADI,maha,0.9949118314766908,1612,188
uni,nct,near,holdout_ADI,knn,0.995977641096035,1612,188
uni,nct,near,holdout_ADI,energy,0.9962185206694472,1612,188
uni,nct,near,holdout_ADI,msp,0.9922522570086058,1612,188
uni,nct,near,holdout_BACK,maha,0.9995619483491337,1610,190
uni,nct,near,holdout_BACK,knn,0.9979895390650539,1610,190
uni,nct,near,holdout_BACK,energy,0.9990127492644655,1610,190
uni,nct,near,holdout_BACK,msp,0.9953612291598561,1610,190
uni,nct,near,holdout_DEB,maha,0.9726278313030134,1593,207
uni,nct,near,holdout_DEB,knn,0.9706748425326989,1593,207
uni,nct,near,holdout_DEB,energy,0.9926459661987379,1593,207
uni,nct,near,holdout_DEB,msp,0.9896922223131999,1593,207
uni,nct,near,holdout_LYM,maha,0.9987467385001934,1592,208
uni,nct,near,holdout_LYM,knn,0.9916046579049091,1592,208
uni,nct,near,holdout_LYM,energy,0.9970163316582914,1592,208
uni,nct,near,holdout_LYM,msp,0.9938756281407035,1592,208
uni,nct,near,holdout_MUC,maha,0.9536051829268293,1640,160
uni,nct,near,holdout_MUC,knn,0.9658460365853657,1640,160
uni,nct,near,holdout_MUC,energy,0.998189786585366,1640,160
uni,nct,near,holdout_MUC,msp,0.9959717987804878,1640,160
uni,nct,near,holdout_MUS,maha,0.9853791773778919,1556,244
uni,nct,near,holdout_MUS,knn,0.9797347127986852,1556,244
uni,nct,near,holdout_MUS,energy,0.9631252897298664,1556,244
uni,nct,near,holdout_MUS,msp,0.9544992414345316,1556,244
uni,nct,near,holdout_NORM,maha,0.9706170307898672,1642,158
uni,nct,near,holdout_NORM,knn,0.8664718851662838,1642,158
uni,nct,near,holdout_NORM,energy,0.9946229513251823,1642,158
uni,nct,near,holdout_NORM,msp,0.9924759863704343,1642,158
uni,nct,near,holdout_STR,maha,0.9474816535557785,1612,188
uni,nct,near,holdout_STR,knn,0.9735758407687028,1612,188
uni,nct,near,holdout_STR,energy,0.9982775460640938,1612,188
uni,nct,near,holdout_STR,msp,0.9950999155271634,1612,188
uni,nct,near,holdout_TUM,maha,0.9724625584098893,1543,257
uni,nct,near,holdout_TUM,knn,0.9330905734697428,1543,257
uni,nct,near,holdout_TUM,energy,0.9943285983391795,1543,257
uni,nct,near,holdout_TUM,msp,0.9932997268951533,1543,257
uni,nct,artefact,artefact,maha,0.9972396327951883,1215,585
uni,nct,artefact,artefact,knn,0.9936210474482079,1215,585
uni,nct,artefact,artefact,energy,0.9969019731982695,1215,585
uni,nct,artefact,artefact,msp,0.9932594702965073,1215,585
uni,lung,far,far_nct,maha,1.0,2839,1800
uni,lung,far,far_nct,knn,1.0,2839,1800
uni,lung,far,far_nct,energy,0.9995792728268953,2839,1800
uni,lung,far,far_nct,msp,0.9988389886892881,2839,1800
uni,lung,blur,blur_s1.0,maha,0.7635459454255197,2839,2839
uni,lung,blur,blur_s1.0,knn,0.5369534019005894,2839,2839
uni,lung,blur,blur_s1.0,energy,0.5563542124048115,2839,2839
uni,lung,blur,blur_s1.0,msp,0.5487609618009903,2839,2839
uni,lung,blur,blur_s2.0,maha,0.9695586346317786,2839,2839
uni,lung,blur,blur_s2.0,knn,0.586967043473503,2839,2839
uni,lung,blur,blur_s2.0,energy,0.5921854569046024,2839,2839
uni,lung,blur,blur_s2.0,msp,0.5858829137407179,2839,2839
uni,lung,blur,blur_s3.0,maha,0.9999966500912354,2839,2839
uni,lung,blur,blur_s3.0,knn,0.8083560620507322,2839,2839
uni,lung,blur,blur_s3.0,energy,0.7377736084510009,2839,2839
uni,lung,blur,blur_s3.0,msp,0.7335189761785507,2839,2839
uni,lung,near,holdout_lung_aca,maha,0.9999994415834906,1893,946
uni,lung,near,holdout_lung_aca,knn,0.9984230317772499,1893,946
uni,lung,near,holdout_lung_aca,energy,0.9888305529775328,1893,946
uni,lung,near,holdout_lung_aca,msp,0.9888305529775328,1893,946
uni,lung,near,holdout_lung_benign,maha,1.0,1890,949
uni,lung,near,holdout_lung_benign,knn,0.9920813331772237,1890,949
uni,lung,near,holdout_lung_benign,energy,0.7281989953222829,1890,949
uni,lung,near,holdout_lung_benign,msp,0.7281989953222829,1890,949
uni,lung,near,holdout_lung_scc,maha,1.0,1895,944
uni,lung,near,holdout_lung_scc,knn,0.9955072447564957,1895,944
uni,lung,near,holdout_lung_scc,energy,0.7911715710388623,1895,944
uni,lung,near,holdout_lung_scc,msp,0.7911715710388623,1895,944
uni,lc_colon,far,far_breakhis,maha,1.0,1905,1865
uni,lc_colon,far,far_breakhis,knn,1.0,1905,1865
uni,lc_colon,far,far_breakhis,energy,0.9427599164045514,1905,1865
uni,lc_colon,far,far_breakhis,msp,0.9427599164045514,1905,1865
uni,lc_colon,blur,blur_s1.0,maha,0.8153355240043814,1905,1905
uni,lc_colon,blur,blur_s1.0,knn,0.5316279165891665,1905,1905
uni,lc_colon,blur,blur_s1.0,energy,0.5530066615688787,1905,1905
uni,lc_colon,blur,blur_s1.0,msp,0.5530066615688787,1905,1905
uni,lc_colon,blur,blur_s2.0,maha,0.9908303194384167,1905,1905
uni,lc_colon,blur,blur_s2.0,knn,0.6173542480418294,1905,1905
uni,lc_colon,blur,blur_s2.0,energy,0.6487420174840349,1905,1905
uni,lc_colon,blur,blur_s2.0,msp,0.6487420174840349,1905,1905
uni,lc_colon,blur,blur_s3.0,maha,1.0,1905,1905
uni,lc_colon,blur,blur_s3.0,knn,0.9249087564841798,1905,1905
uni,lc_colon,blur,blur_s3.0,energy,0.8307269858984163,1905,1905
uni,lc_colon,blur,blur_s3.0,msp,0.8307269858984163,1905,1905
uni,breakhis,far,far_lung,maha,0.9976221661707337,1865,2839
uni,breakhis,far,far_lung,knn,0.998415784737102,1865,2839
uni,breakhis,far,far_lung,energy,0.36577090260419076,1865,2839
uni,breakhis,far,far_lung,msp,0.36577090260419076,1865,2839
uni,breakhis,blur,blur_s1.0,maha,0.5526330240280602,1865,1865
uni,breakhis,blur,blur_s1.0,knn,0.5050808961467415,1865,1865
uni,breakhis,blur,blur_s1.0,energy,0.5062541957463936,1865,1865
uni,breakhis,blur,blur_s1.0,msp,0.5062541957463936,1865,1865
uni,breakhis,blur,blur_s2.0,maha,0.6717733901630861,1865,1865
uni,breakhis,blur,blur_s2.0,knn,0.5518872413371763,1865,1865
uni,breakhis,blur,blur_s2.0,energy,0.5048629688993667,1865,1865
uni,breakhis,blur,blur_s2.0,msp,0.5048629688993667,1865,1865
uni,breakhis,blur,blur_s3.0,maha,0.8939200310503203,1865,1865
uni,breakhis,blur,blur_s3.0,knn,0.7449124194093253,1865,1865
uni,breakhis,blur,blur_s3.0,energy,0.5939141372395402,1865,1865
uni,breakhis,blur,blur_s3.0,msp,0.5939141372395402,1865,1865
uni,pcam,far,far_nct,maha,0.9990231951494641,1576,1800
uni,pcam,far,far_nct,knn,0.9983601240834744,1576,1800
uni,pcam,far,far_nct,energy,0.9257293429216018,1576,1800
uni,pcam,far,far_nct,msp,0.9257293429216018,1576,1800
uni,pcam,blur,blur_s1.0,maha,0.6187868793321136,1576,1576
uni,pcam,blur,blur_s1.0,knn,0.5478352315184623,1576,1576
uni,pcam,blur,blur_s1.0,energy,0.5102569635909197,1576,1576
uni,pcam,blur,blur_s1.0,msp,0.5102569635909197,1576,1576
uni,pcam,blur,blur_s2.0,maha,0.9082844024581928,1576,1576
uni,pcam,blur,blur_s2.0,knn,0.7160150512767657,1576,1576
uni,pcam,blur,blur_s2.0,energy,0.5627882707619367,1576,1576
uni,pcam,blur,blur_s2.0,msp,0.5627882707619367,1576,1576
uni,pcam,blur,blur_s3.0,maha,0.9756250161045119,1576,1576
uni,pcam,blur,blur_s3.0,knn,0.8872402342240202,1576,1576
uni,pcam,blur,blur_s3.0,energy,0.697452185704347,1576,1576
uni,pcam,blur,blur_s3.0,msp,0.697452185704347,1576,1576
uni,sicap,far,far_nct,maha,1.0,1836,1800
uni,sicap,far,far_nct,knn,1.0,1836,1800
uni,sicap,far,far_nct,energy,0.9406784071653352,1836,1800
uni,sicap,far,far_nct,msp,0.8880519244734932,1836,1800
uni,sicap,near,holdout_G3,maha,0.3177758995989379,1502,334
uni,sicap,near,holdout_G3,knn,0.3449811429072614,1502,334
uni,sicap,near,holdout_G3,energy,0.600588436974254,1502,334
uni,sicap,near,holdout_G3,msp,0.5329580519387324,1502,334
uni,sicap,near,holdout_G4,maha,0.7463404214923107,920,916
uni,sicap,near,holdout_G4,knn,0.7193160243022594,920,916
uni,sicap,near,holdout_G4,energy,0.7669178374786405,920,916
uni,sicap,near,holdout_G4,msp,0.8255399183595975,920,916
uni,sicap,near,holdout_G5,maha,0.8680363909712497,1592,244
uni,sicap,near,holdout_G5,knn,0.8565264848834335,1592,244
uni,sicap,near,holdout_G5,energy,0.34088732597413296,1592,244
uni,sicap,near,holdout_G5,msp,0.3236005848916715,1592,244
uni,sicap,near,holdout_NC,maha,0.6412746502579518,1494,342
uni,sicap,near,holdout_NC,knn,0.47902330569842716,1494,342
uni,sicap,near,holdout_NC,energy,0.8646281030554969,1494,342
uni,sicap,near,holdout_NC,msp,0.8170224758683857,1494,342
uni,panda,far,far_nct,maha,0.9999994671441056,5213,1800
uni,panda,far,far_nct,knn,0.9999989342882111,5213,1800
uni,panda,far,far_nct,energy,0.6446465033996206,5213,1800
uni,panda,far,far_nct,msp,0.5944822772129505,5213,1800
uni,panda,near,holdout_0,maha,0.41523812122514847,4396,817
uni,panda,near,holdout_0,knn,0.43288908465802334,4396,817
uni,panda,near,holdout_0,energy,0.6372252843633303,4396,817
uni,panda,near,holdout_0,msp,0.570455727527974,4396,817
uni,panda,near,holdout_1,maha,0.40498047251554764,4385,828
uni,panda,near,holdout_1,knn,0.3604354987082665,4385,828
uni,panda,near,holdout_1,energy,0.5827557714871184,4385,828
uni,panda,near,holdout_1,msp,0.5030329571056357,4385,828
uni,panda,near,holdout_2,maha,0.43706629769481065,4389,824
uni,panda,near,holdout_2,knn,0.40694631547978505,4389,824
uni,panda,near,holdout_2,energy,0.4736930587722616,4389,824
uni,panda,near,holdout_2,msp,0.4962284351655839,4389,824
uni,panda,near,holdout_3,maha,0.5419340376804079,4256,957
uni,panda,near,holdout_3,knn,0.4755980370204508,4256,957
uni,panda,near,holdout_3,energy,0.43123531791862096,4256,957
uni,panda,near,holdout_3,msp,0.47149171910968646,4256,957
uni,panda,near,holdout_4,maha,0.6291807955448123,4418,795
uni,panda,near,holdout_4,knn,0.6756766914082186,4418,795
uni,panda,near,holdout_4,energy,0.4711019243745569,4418,795
uni,panda,near,holdout_4,msp,0.511153912951875,4418,795
uni,panda,near,holdout_5,maha,0.6744247751259066,4221,992
uni,panda,near,holdout_5,knn,0.6958372500019105,4221,992
uni,panda,near,holdout_5,energy,0.47814594462403803,4221,992
uni,panda,near,holdout_5,msp,0.49915099043950756,4221,992
hoptimus,nct,far,far_breakhis,maha,0.9999645516830504,1800,1865
hoptimus,nct,far,far_breakhis,knn,0.996086982424784,1800,1865
hoptimus,nct,far,far_breakhis,energy,0.9969979148048854,1800,1865
hoptimus,nct,far,far_breakhis,msp,0.9928957402442656,1800,1865
hoptimus,nct,blur,blur_s1.0,maha,0.5643055555555556,1800,1800
hoptimus,nct,blur,blur_s1.0,knn,0.5061657407407407,1800,1800
hoptimus,nct,blur,blur_s1.0,energy,0.5235243827160494,1800,1800
hoptimus,nct,blur,blur_s1.0,msp,0.5158577160493827,1800,1800
hoptimus,nct,blur,blur_s2.0,maha,0.8142191358024691,1800,1800
hoptimus,nct,blur,blur_s2.0,knn,0.5582728395061729,1800,1800
hoptimus,nct,blur,blur_s2.0,energy,0.6145253086419753,1800,1800
hoptimus,nct,blur,blur_s2.0,msp,0.5941148148148148,1800,1800
hoptimus,nct,blur,blur_s3.0,maha,0.9593330246913581,1800,1800
hoptimus,nct,blur,blur_s3.0,knn,0.8491512345679013,1800,1800
hoptimus,nct,blur,blur_s3.0,energy,0.8929608024691359,1800,1800
hoptimus,nct,blur,blur_s3.0,msp,0.8634317901234568,1800,1800
hoptimus,nct,near,holdout_ADI,maha,0.9947930415500765,1612,188
hoptimus,nct,near,holdout_ADI,knn,0.8578183570033261,1612,188
hoptimus,nct,near,holdout_ADI,energy,0.9935556464811784,1612,188
hoptimus,nct,near,holdout_ADI,msp,0.9844682170951904,1612,188
hoptimus,nct,near,holdout_BACK,maha,0.9981006864988559,1610,190
hoptimus,nct,near,holdout_BACK,knn,0.7654135338345864,1610,190
hoptimus,nct,near,holdout_BACK,energy,0.9898692383131742,1610,190
hoptimus,nct,near,holdout_BACK,msp,0.9763680941484145,1610,190
hoptimus,nct,near,holdout_DEB,maha,0.9951023651179223,1593,207
hoptimus,nct,near,holdout_DEB,knn,0.9895436253415456,1593,207
hoptimus,nct,near,holdout_DEB,energy,0.9926459661987379,1593,207
hoptimus,nct,near,holdout_DEB,msp,0.989355604683534,1593,207
hoptimus,nct,near,holdout_LYM,maha,0.9999577212988018,1592,208
hoptimus,nct,near,holdout_LYM,knn,0.9951439891766526,1592,208
hoptimus,nct,near,holdout_LYM,energy,0.9994624565133359,1592,208
hoptimus,nct,near,holdout_LYM,msp,0.9978981445689988,1592,208
hoptimus,nct,near,holdout_MUC,maha,0.9984108231707317,1640,160
hoptimus,nct,near,holdout_MUC,knn,0.9917721036585365,1640,160
hoptimus,nct,near,holdout_MUC,energy,0.9983346036585367,1640,160
hoptimus,nct,near,holdout_MUC,msp,0.9968559451219513,1640,160
hoptimus,nct,near,holdout_MUS,maha,0.998719920772051,1556,244
hoptimus,nct,near,holdout_MUS,knn,0.9924854608285221,1556,244
hoptimus,nct,near,holdout_MUS,energy,0.9857584601120991,1556,244
hoptimus,nct,near,holdout_MUS,msp,0.9732552994226474,1556,244
hoptimus,nct,near,holdout_NORM,maha,0.9987395735364406,1642,158
hoptimus,nct,near,holdout_NORM,knn,0.9731995559598513,1642,158
hoptimus,nct,near,holdout_NORM,energy,0.999383277571347,1642,158
hoptimus,nct,near,holdout_NORM,msp,0.9958563961824881,1642,158
hoptimus,nct,near,holdout_STR,maha,0.9977660894356158,1612,188
hoptimus,nct,near,holdout_STR,knn,0.9863721556412016,1612,188
hoptimus,nct,near,holdout_STR,energy,0.9971655403621773,1612,188
hoptimus,nct,near,holdout_STR,msp,0.9949646269996304,1612,188
hoptimus,nct,near,holdout_TUM,maha,0.9958996446863077,1543,257
hoptimus,nct,near,holdout_TUM,knn,0.9806859647308921,1543,257
hoptimus,nct,near,holdout_TUM,energy,0.99633842809626,1543,257
hoptimus,nct,near,holdout_TUM,msp,0.9918749416846762,1543,257
hoptimus,nct,artefact,artefact,maha,0.9991052020681651,1215,585
hoptimus,nct,artefact,artefact,knn,0.9968597657486546,1215,585
hoptimus,nct,artefact,artefact,energy,0.9975125743026978,1215,585
hoptimus,nct,artefact,artefact,msp,0.9949787204108191,1215,585
hoptimus,lung,far,far_nct,maha,1.0,2839,1800
hoptimus,lung,far,far_nct,knn,1.0,2839,1800
hoptimus,lung,far,far_nct,energy,0.999568510038746,2839,1800
hoptimus,lung,far,far_nct,msp,0.998602403037063,2839,1800
hoptimus,lung,blur,blur_s1.0,maha,0.9771731013244422,2839,2839
hoptimus,lung,blur,blur_s1.0,knn,0.6020487049438822,2839,2839
hoptimus,lung,blur,blur_s1.0,energy,0.53386342124197,2839,2839
hoptimus,lung,blur,blur_s1.0,msp,0.537199930371526,2839,2839
hoptimus,lung,blur,blur_s2.0,maha,0.9999946649601156,2839,2839
hoptimus,lung,blur,blur_s2.0,knn,0.7928771262150088,2839,2839
hoptimus,lung,blur,blur_s2.0,energy,0.6189310044105891,2839,2839
hoptimus,lung,blur,blur_s2.0,msp,0.6130726343347535,2839,2839
hoptimus,lung,blur,blur_s3.0,maha,1.0,2839,2839
hoptimus,lung,blur,blur_s3.0,knn,0.9970531969233941,2839,2839
hoptimus,lung,blur,blur_s3.0,energy,0.9450072773666144,2839,2839
hoptimus,lung,blur,blur_s3.0,msp,0.9301256178565522,2839,2839
hoptimus,lung,near,holdout_lung_aca,maha,1.0,1893,946
hoptimus,lung,near,holdout_lung_aca,knn,0.9990456661853115,1893,946
hoptimus,lung,near,holdout_lung_aca,energy,0.9887663350789434,1893,946
hoptimus,lung,near,holdout_lung_aca,msp,0.9887663350789434,1893,946
hoptimus,lung,near,holdout_lung_benign,maha,1.0,1890,949
hoptimus,lung,near,holdout_lung_benign,knn,0.9999760260034233,1890,949
hoptimus,lung,near,holdout_lung_benign,energy,0.9471936485635116,1890,949
hoptimus,lung,near,holdout_lung_benign,msp,0.9471936485635116,1890,949
hoptimus,lung,near,holdout_lung_scc,maha,1.0,1895,944
hoptimus,lung,near,holdout_lung_scc,knn,0.9966621573274899,1895,944
hoptimus,lung,near,holdout_lung_scc,energy,0.7973966951388578,1895,944
hoptimus,lung,near,holdout_lung_scc,msp,0.7973966951388578,1895,944
hoptimus,lc_colon,far,far_breakhis,maha,1.0,1905,1865
hoptimus,lc_colon,far,far_breakhis,knn,1.0,1905,1865
hoptimus,lc_colon,far,far_breakhis,energy,0.9996104508384174,1905,1865
hoptimus,lc_colon,far,far_breakhis,msp,0.9996104508384174,1905,1865
hoptimus,lc_colon,blur,blur_s1.0,maha,0.9209076818153635,1905,1905
hoptimus,lc_colon,blur,blur_s1.0,knn,0.5555561066677689,1905,1905
hoptimus,lc_colon,blur,blur_s1.0,energy,0.5336188094598412,1905,1905
hoptimus,lc_colon,blur,blur_s1.0,msp,0.5336188094598412,1905,1905
hoptimus,lc_colon,blur,blur_s2.0,maha,0.99999421332176,1905,1905
hoptimus,lc_colon,blur,blur_s2.0,knn,0.7096018903148917,1905,1905
hoptimus,lc_colon,blur,blur_s2.0,energy,0.6700868690626269,1905,1905
hoptimus,lc_colon,blur,blur_s2.0,msp,0.6700868690626269,1905,1905
hoptimus,lc_colon,blur,blur_s3.0,maha,1.0,1905,1905
hoptimus,lc_colon,blur,blur_s3.0,knn,0.9957817871191298,1905,1905
hoptimus,lc_colon,blur,blur_s3.0,energy,0.9793961187922375,1905,1905
hoptimus,lc_colon,blur,blur_s3.0,msp,0.9793961187922375,1905,1905
hoptimus,breakhis,far,far_lung,maha,0.9999950894615122,1865,2839
hoptimus,breakhis,far,far_lung,knn,0.9981115202177258,1865,2839
hoptimus,breakhis,far,far_lung,energy,0.3982172856620776,1865,2839
hoptimus,breakhis,far,far_lung,msp,0.3982172856620776,1865,2839
hoptimus,breakhis,blur,blur_s1.0,maha,0.559558395445953,1865,1865
hoptimus,breakhis,blur,blur_s1.0,knn,0.5099704590703592,1865,1865
hoptimus,breakhis,blur,blur_s1.0,energy,0.5014896966124963,1865,1865
hoptimus,breakhis,blur,blur_s1.0,msp,0.5014896966124963,1865,1865
hoptimus,breakhis,blur,blur_s2.0,maha,0.8236356187423183,1865,1865
hoptimus,breakhis,blur,blur_s2.0,knn,0.5982094315347627,1865,1865
hoptimus,breakhis,blur,blur_s2.0,energy,0.5153947775086429,1865,1865
hoptimus,breakhis,blur,blur_s2.0,msp,0.5153947775086429,1865,1865
hoptimus,breakhis,blur,blur_s3.0,maha,0.997758339382875,1865,1865
hoptimus,breakhis,blur,blur_s3.0,knn,0.8754071401361326,1865,1865
hoptimus,breakhis,blur,blur_s3.0,energy,0.5693507464295725,1865,1865
hoptimus,breakhis,blur,blur_s3.0,msp,0.5693507464295725,1865,1865
hoptimus,pcam,far,far_nct,maha,0.9994462069937958,1576,1800
hoptimus,pcam,far,far_nct,knn,0.9983259306260576,1576,1800
hoptimus,pcam,far,far_nct,energy,0.7438286097010716,1576,1800
hoptimus,pcam,far,far_nct,msp,0.7438286097010716,1576,1800
hoptimus,pcam,blur,blur_s1.0,maha,0.8763761305367312,1576,1576
hoptimus,pcam,blur,blur_s1.0,knn,0.7939842401247134,1576,1576
hoptimus,pcam,blur,blur_s1.0,energy,0.5299958611404572,1576,1576
hoptimus,pcam,blur,blur_s1.0,msp,0.5299958611404572,1576,1576
hoptimus,pcam,blur,blur_s2.0,maha,0.9920620861140457,1576,1576
hoptimus,pcam,blur,blur_s2.0,knn,0.9481430692622845,1576,1576
hoptimus,pcam,blur,blur_s2.0,energy,0.5331096685047283,1576,1576
hoptimus,pcam,blur,blur_s2.0,msp,0.5331096685047283,1576,1576
hoptimus,pcam,blur,blur_s3.0,maha,0.9999549073668479,1576,1576
hoptimus,pcam,blur,blur_s3.0,knn,0.9933323294854286,1576,1576
hoptimus,pcam,blur,blur_s3.0,energy,0.5852778189337524,1576,1576
hoptimus,pcam,blur,blur_s3.0,msp,0.5852778189337524,1576,1576
hoptimus,sicap,far,far_nct,maha,1.0,1836,1800
hoptimus,sicap,far,far_nct,knn,1.0,1836,1800
hoptimus,sicap,far,far_nct,energy,0.5232900629387558,1836,1800
hoptimus,sicap,far,far_nct,msp,0.49139675623335755,1836,1800
hoptimus,sicap,near,holdout_G3,maha,0.4621303332084167,1502,334
hoptimus,sicap,near,holdout_G3,knn,0.41320355294736755,1502,334
hoptimus,sicap,near,holdout_G3,energy,0.4957960244623934,1502,334
hoptimus,sicap,near,holdout_G3,msp,0.6025638470063867,1502,334
hoptimus,sicap,near,holdout_G4,maha,0.7646252610594266,920,916
hoptimus,sicap,near,holdout_G4,knn,0.7696720144294664,920,916
hoptimus,sicap,near,holdout_G4,energy,0.7714021264476931,920,916
hoptimus,sicap,near,holdout_G4,msp,0.773933216252136,920,916
hoptimus,sicap,near,holdout_G5,maha,0.6270105651206854,1592,244
hoptimus,sicap,near,holdout_G5,knn,0.634573997034352,1592,244
hoptimus,sicap,near,holdout_G5,energy,0.3402360161463053,1592,244
hoptimus,sicap,near,holdout_G5,msp,0.3164696432984595,1592,244
hoptimus,sicap,near,holdout_NC,maha,0.35558412989188726,1494,342
hoptimus,sicap,near,holdout_NC,knn,0.34223443481528454,1494,342
hoptimus,sicap,near,holdout_NC,energy,0.8649471179063232,1494,342
hoptimus,sicap,near,holdout_NC,msp,0.8407528750479502,1494,342
hoptimus,panda,far,far_nct,maha,0.9999936057292667,5213,1800
hoptimus,panda,far,far_nct,knn,0.9999774069100752,5213,1800
hoptimus,panda,far,far_nct,energy,0.5291275017584245,5213,1800
hoptimus,panda,far,far_nct,msp,0.5317453161966877,5213,1800
hoptimus,panda,near,holdout_0,maha,0.5077471118174639,4396,817
hoptimus,panda,near,holdout_0,knn,0.5068388643063739,4396,817
hoptimus,panda,near,holdout_0,energy,0.5926273244955078,4396,817
hoptimus,panda,near,holdout_0,msp,0.541378442402852,4396,817
hoptimus,panda,near,holdout_1,maha,0.44282991533499694,4385,828
hoptimus,panda,near,holdout_1,knn,0.43602504145114823,4385,828
hoptimus,panda,near,holdout_1,energy,0.5923377345914652,4385,828
hoptimus,panda,near,holdout_1,msp,0.5299974110246284,4385,828
hoptimus,panda,near,holdout_2,maha,0.49455998778942056,4389,824
hoptimus,panda,near,holdout_2,knn,0.4787249456385889,4389,824
hoptimus,panda,near,holdout_2,energy,0.5074709611628365,4389,824
hoptimus,panda,near,holdout_2,msp,0.5120421862246083,4389,824
hoptimus,panda,near,holdout_3,maha,0.4672650965187263,4256,957
hoptimus,panda,near,holdout_3,knn,0.45627857849954034,4256,957
hoptimus,panda,near,holdout_3,energy,0.44168733943007993,4256,957
hoptimus,panda,near,holdout_3,msp,0.4945114058657616,4256,957
hoptimus,panda,near,holdout_4,maha,0.5446472549404807,4418,795
hoptimus,panda,near,holdout_4,knn,0.5518613106474087,4418,795
hoptimus,panda,near,holdout_4,energy,0.47148970335761936,4418,795
hoptimus,panda,near,holdout_4,msp,0.5110101329324576,4418,795
hoptimus,panda,near,holdout_5,maha,0.6275441628264209,4221,992
hoptimus,panda,near,holdout_5,knn,0.6359874494654225,4221,992
hoptimus,panda,near,holdout_5,energy,0.5373062681981796,4221,992
hoptimus,panda,near,holdout_5,msp,0.5495133778114039,4221,992
midnight,nct,far,far_breakhis,maha,0.9998561215370867,1800,1865
midnight,nct,far,far_breakhis,knn,0.9971328567173072,1800,1865
midnight,nct,far,far_breakhis,energy,0.9943661006851354,1800,1865
midnight,nct,far,far_breakhis,msp,0.9874977658623771,1800,1865
midnight,nct,blur,blur_s1.0,maha,0.7620666666666667,1800,1800
midnight,nct,blur,blur_s1.0,knn,0.5472320987654321,1800,1800
midnight,nct,blur,blur_s1.0,energy,0.5429691358024691,1800,1800
midnight,nct,blur,blur_s1.0,msp,0.5364219135802469,1800,1800
midnight,nct,blur,blur_s2.0,maha,0.970586111111111,1800,1800
midnight,nct,blur,blur_s2.0,knn,0.7253148148148147,1800,1800
midnight,nct,blur,blur_s2.0,energy,0.6788731481481481,1800,1800
midnight,nct,blur,blur_s2.0,msp,0.6504623456790124,1800,1800
midnight,nct,blur,blur_s3.0,maha,0.9998601851851852,1800,1800
midnight,nct,blur,blur_s3.0,knn,0.9686462962962964,1800,1800
midnight,nct,blur,blur_s3.0,energy,0.911425,1800,1800
midnight,nct,blur,blur_s3.0,msp,0.878437037037037,1800,1800
midnight,nct,near,holdout_ADI,maha,0.9951692096510215,1612,188
midnight,nct,near,holdout_ADI,knn,0.9931101842563751,1612,188
midnight,nct,near,holdout_ADI,energy,0.9958291536877671,1612,188
midnight,nct,near,holdout_ADI,msp,0.9922984530911778,1612,188
midnight,nct,near,holdout_BACK,maha,0.9992611964694345,1610,190
midnight,nct,near,holdout_BACK,knn,0.9984798953906505,1610,190
midnight,nct,near,holdout_BACK,energy,0.994370709382151,1610,190
midnight,nct,near,holdout_BACK,msp,0.9814383785550833,1610,190
midnight,nct,near,holdout_DEB,maha,0.994438227632365,1593,207
midnight,nct,near,holdout_DEB,knn,0.9855982241145591,1593,207
midnight,nct,near,holdout_DEB,energy,0.9888946508122795,1593,207
midnight,nct,near,holdout_DEB,msp,0.9862957201039572,1593,207
midnight,nct,near,holdout_LYM,maha,0.9998097458446076,1592,208
midnight,nct,near,holdout_LYM,knn,0.9975931339389255,1592,208
midnight,nct,near,holdout_LYM,energy,0.9990457093158098,1592,208
midnight,nct,near,holdout_LYM,msp,0.9967928585233862,1592,208
midnight,nct,near,holdout_MUC,maha,0.9966958841463415,1640,160
midnight,nct,near,holdout_MUC,knn,0.9870541158536587,1640,160
midnight,nct,near,holdout_MUC,energy,0.9970541158536586,1640,160
midnight,nct,near,holdout_MUC,msp,0.9907164634146342,1640,160
midnight,nct,near,holdout_MUS,maha,0.9960991824349952,1556,244
midnight,nct,near,holdout_MUS,knn,0.989021871971006,1556,244
midnight,nct,near,holdout_MUS,energy,0.9878971933077668,1556,244
midnight,nct,near,holdout_MUS,msp,0.9740691769564668,1556,244
midnight,nct,near,holdout_NORM,maha,0.9970011871906752,1642,158
midnight,nct,near,holdout_NORM,knn,0.9787500578177277,1642,158
midnight,nct,near,holdout_NORM,energy,0.9974097657996577,1642,158
midnight,nct,near,holdout_NORM,msp,0.9838380178541143,1642,158
midnight,nct,near,holdout_STR,maha,0.9963736075180825,1612,188
midnight,nct,near,holdout_STR,knn,0.9886753603294441,1612,188
midnight,nct,near,holdout_STR,energy,0.9946940499445647,1612,188
midnight,nct,near,holdout_STR,msp,0.9918694894672931,1612,188
midnight,nct,near,holdout_TUM,maha,0.9897844161280642,1543,257
midnight,nct,near,holdout_TUM,knn,0.9647208051423398,1543,257
midnight,nct,near,holdout_TUM,energy,0.9969335596178046,1543,257
midnight,nct,near,holdout_TUM,msp,0.9922204205764202,1543,257
midnight,nct,artefact,artefact,maha,0.9974028349336992,1215,585
midnight,nct,artefact,artefact,knn,0.9955921353452217,1215,585
midnight,nct,artefact,artefact,energy,0.9956273082199008,1215,585
midnight,nct,artefact,artefact,msp,0.9919243079736908,1215,585
midnight,lung,far,far_nct,maha,1.0,2839,1800
midnight,lung,far,far_nct,knn,0.9998835662009314,2839,1800
midnight,lung,far,far_nct,energy,0.9978112402645688,2839,1800
midnight,lung,far,far_nct,msp,0.9960494696880748,2839,1800
midnight,lung,blur,blur_s1.0,maha,0.9460925237356546,2839,2839
midnight,lung,blur,blur_s1.0,knn,0.5690388280480665,2839,2839
midnight,lung,blur,blur_s1.0,energy,0.5742553804187411,2839,2839
midnight,lung,blur,blur_s1.0,msp,0.565880112224425,2839,2839
midnight,lung,blur,blur_s2.0,maha,0.9989347290128525,2839,2839
midnight,lung,blur,blur_s2.0,knn,0.7511081063945912,2839,2839
midnight,lung,blur,blur_s2.0,energy,0.6660262550960487,2839,2839
midnight,lung,blur,blur_s2.0,msp,0.6514431096781221,2839,2839
midnight,lung,blur,blur_s3.0,maha,1.0,2839,2839
midnight,lung,blur,blur_s3.0,knn,0.9755893389029495,2839,2839
midnight,lung,blur,blur_s3.0,energy,0.7622537491372433,2839,2839
midnight,lung,blur,blur_s3.0,msp,0.7537618544896407,2839,2839
midnight,lung,near,holdout_lung_aca,maha,0.9998576037900846,1893,946
midnight,lung,near,holdout_lung_aca,knn,0.9737784359647036,1893,946
midnight,lung,near,holdout_lung_aca,energy,0.9844615022074203,1893,946
midnight,lung,near,holdout_lung_aca,msp,0.9844615022074203,1893,946
midnight,lung,near,holdout_lung_benign,maha,1.0,1890,949
midnight,lung,near,holdout_lung_benign,knn,0.9995651228527941,1890,949
midnight,lung,near,holdout_lung_benign,energy,0.836257045846087,1890,949
midnight,lung,near,holdout_lung_benign,msp,0.8362570458460871,1890,949
midnight,lung,near,holdout_lung_scc,maha,0.9995690040695855,1895,944
midnight,lung,near,holdout_lung_scc,knn,0.9629818657484012,1895,944
midnight,lung,near,holdout_lung_scc,energy,0.9041450516524305,1895,944
midnight,lung,near,holdout_lung_scc,msp,0.9041450516524305,1895,944
midnight,lc_colon,far,far_breakhis,maha,1.0,1905,1865
midnight,lc_colon,far,far_breakhis,knn,0.9999977482707423,1905,1865
midnight,lc_colon,far,far_breakhis,energy,0.9979877984420849,1905,1865
midnight,lc_colon,far,far_breakhis,msp,0.9979877984420849,1905,1865
midnight,lc_colon,blur,blur_s1.0,maha,0.9708935595648969,1905,1905
midnight,lc_colon,blur,blur_s1.0,knn,0.5712889825779652,1905,1905
midnight,lc_colon,blur,blur_s1.0,energy,0.5213772294211254,1905,1905
midnight,lc_colon,blur,blur_s1.0,msp,0.5213772294211254,1905,1905
midnight,lc_colon,blur,blur_s2.0,maha,0.9991678205578634,1905,1905
midnight,lc_colon,blur,blur_s2.0,knn,0.6818577992711541,1905,1905
midnight,lc_colon,blur,blur_s2.0,energy,0.5922356555824223,1905,1905
midnight,lc_colon,blur,blur_s2.0,msp,0.5922356555824223,1905,1905
midnight,lc_colon,blur,blur_s3.0,maha,1.0,1905,1905
midnight,lc_colon,blur,blur_s3.0,knn,0.8820685996927551,1905,1905
midnight,lc_colon,blur,blur_s3.0,energy,0.5310101197980174,1905,1905
midnight,lc_colon,blur,blur_s3.0,msp,0.5310101197980174,1905,1905
midnight,breakhis,far,far_lung,maha,0.9942541033687238,1865,2839
midnight,breakhis,far,far_lung,knn,0.9546067933522641,1865,2839
midnight,breakhis,far,far_lung,energy,0.5140366798338349,1865,2839
midnight,breakhis,far,far_lung,msp,0.5140366798338349,1865,2839
midnight,breakhis,blur,blur_s1.0,maha,0.7150713366731595,1865,1865
midnight,breakhis,blur,blur_s1.0,knn,0.526815257782346,1865,1865
midnight,breakhis,blur,blur_s1.0,energy,0.5023677306672225,1865,1865
midnight,breakhis,blur,blur_s1.0,msp,0.5023677306672225,1865,1865
midnight,breakhis,blur,blur_s2.0,maha,0.9388285691696195,1865,1865
midnight,breakhis,blur,blur_s2.0,knn,0.6974088795290702,1865,1865
midnight,breakhis,blur,blur_s2.0,energy,0.5439926974246921,1865,1865
midnight,breakhis,blur,blur_s2.0,msp,0.5439926974246921,1865,1865
midnight,breakhis,blur,blur_s3.0,maha,0.9994948572907157,1865,1865
midnight,breakhis,blur,blur_s3.0,knn,0.9277418798381359,1865,1865
midnight,breakhis,blur,blur_s3.0,energy,0.6345975317870466,1865,1865
midnight,breakhis,blur,blur_s3.0,msp,0.6345975317870466,1865,1865
midnight,pcam,far,far_nct,maha,0.9999940073322053,1576,1800
midnight,pcam,far,far_nct,knn,0.9921238719684151,1576,1800
midnight,pcam,far,far_nct,energy,0.7392942752397067,1576,1800
midnight,pcam,far,far_nct,msp,0.7392942752397067,1576,1800
midnight,pcam,blur,blur_s1.0,maha,0.948788054961478,1576,1576
midnight,pcam,blur,blur_s1.0,knn,0.7394708701589837,1576,1576
midnight,pcam,blur,blur_s1.0,energy,0.5600460750083744,1576,1576
midnight,pcam,blur,blur_s1.0,msp,0.5600460750083744,1576,1576
midnight,pcam,blur,blur_s2.0,maha,0.9933866822128887,1576,1576
midnight,pcam,blur,blur_s2.0,knn,0.946640518307609,1576,1576
midnight,pcam,blur,blur_s2.0,energy,0.6172444697106341,1576,1576
midnight,pcam,blur,blur_s2.0,msp,0.6172444697106341,1576,1576
midnight,pcam,blur,blur_s3.0,maha,0.9983770678193202,1576,1576
midnight,pcam,blur,blur_s3.0,knn,0.9389884595068154,1576,1576
midnight,pcam,blur,blur_s3.0,energy,0.6379158184957098,1576,1576
midnight,pcam,blur,blur_s3.0,msp,0.6379158184957098,1576,1576
midnight,sicap,far,far_nct,maha,1.0,1836,1800
midnight,sicap,far,far_nct,knn,1.0,1836,1800
midnight,sicap,far,far_nct,energy,0.9429408738804164,1836,1800
midnight,sicap,far,far_nct,msp,0.8020082909707092,1836,1800
midnight,sicap,near,holdout_G3,maha,0.33748215951585514,1502,334
midnight,sicap,near,holdout_G3,knn,0.40182949679867963,1502,334
midnight,sicap,near,holdout_G3,energy,0.371670108517984,1502,334
midnight,sicap,near,holdout_G3,msp,0.32599647575687507,1502,334
midnight,sicap,near,holdout_G4,maha,0.7777838427947598,920,916
midnight,sicap,near,holdout_G4,knn,0.7097624359217771,920,916
midnight,sicap,near,holdout_G4,energy,0.8140900892348586,920,916
midnight,sicap,near,holdout_G4,msp,0.8507404594645909,920,916
midnight,sicap,near,holdout_G5,maha,0.7601918403492873,1592,244
midnight,sicap,near,holdout_G5,knn,0.7166390353406376,1592,244
midnight,sicap,near,holdout_G5,energy,0.33513108575665207,1592,244
midnight,sicap,near,holdout_G5,msp,0.29153709119367327,1592,244
midnight,sicap,near,holdout_NC,maha,0.5700384383538051,1494,342
midnight,sicap,near,holdout_NC,knn,0.5320600139348819,1494,342
midnight,sicap,near,holdout_NC,energy,0.8371986973234067,1494,342
midnight,sicap,near,holdout_NC,msp,0.8002282032613885,1494,342
midnight,panda,far,far_nct,maha,1.0,5213,1800
midnight,panda,far,far_nct,knn,0.9999966962934543,5213,1800
midnight,panda,far,far_nct,energy,0.5238702389325831,5213,1800
midnight,panda,far,far_nct,msp,0.5288399727177783,5213,1800
midnight,panda,near,holdout_0,maha,0.4222173156190729,4396,817
midnight,panda,near,holdout_0,knn,0.4271118842878192,4396,817
midnight,panda,near,holdout_0,energy,0.6189656670189769,4396,817
midnight,panda,near,holdout_0,msp,0.5409209774547463,4396,817
midnight,panda,near,holdout_1,maha,0.33228259492450657,4385,828
midnight,panda,near,holdout_1,knn,0.3331336517222194,4385,828
midnight,panda,near,holdout_1,energy,0.6232732360539608,4385,828
midnight,panda,near,holdout_1,msp,0.5394138449589344,4385,828
midnight,panda,near,holdout_2,maha,0.4318748658937724,4389,824
midnight,panda,near,holdout_2,knn,0.42288726007428107,4389,824
midnight,panda,near,holdout_2,energy,0.4960008693401642,4389,824
midnight,panda,near,holdout_2,msp,0.528453470392663,4389,824
midnight,panda,near,holdout_3,maha,0.5174746230780713,4256,957
midnight,panda,near,holdout_3,knn,0.508787888608669,4256,957
midnight,panda,near,holdout_3,energy,0.4278365879432123,4256,957
midnight,panda,near,holdout_3,msp,0.48145662942623013,4256,957
midnight,panda,near,holdout_4,maha,0.6505302777943861,4418,795
midnight,panda,near,holdout_4,knn,0.6557026572255865,4418,795
midnight,panda,near,holdout_4,energy,0.43885021538531627,4418,795
midnight,panda,near,holdout_4,msp,0.48192414678658774,4418,795
midnight,panda,near,holdout_5,maha,0.7075939427287525,4221,992
midnight,panda,near,holdout_5,knn,0.6815225428158745,4221,992
midnight,panda,near,holdout_5,energy,0.4235373153434059,4221,992
midnight,panda,near,holdout_5,msp,0.4465355633506813,4221,992
dinov2_nat,nct,far,far_breakhis,maha,0.785632112004766,1800,1865
dinov2_nat,nct,far,far_breakhis,knn,0.6745305332141793,1800,1865
dinov2_nat,nct,far,far_breakhis,energy,0.9307959487637771,1800,1865
dinov2_nat,nct,far,far_breakhis,msp,0.9214512957998214,1800,1865
dinov2_nat,nct,blur,blur_s1.0,maha,0.5263712962962963,1800,1800
dinov2_nat,nct,blur,blur_s1.0,knn,0.5100145061728395,1800,1800
dinov2_nat,nct,blur,blur_s1.0,energy,0.5079067901234567,1800,1800
dinov2_nat,nct,blur,blur_s1.0,msp,0.505875925925926,1800,1800
dinov2_nat,nct,blur,blur_s2.0,maha,0.627286111111111,1800,1800
dinov2_nat,nct,blur,blur_s2.0,knn,0.5675552469135803,1800,1800
dinov2_nat,nct,blur,blur_s2.0,energy,0.5229601851851852,1800,1800
dinov2_nat,nct,blur,blur_s2.0,msp,0.5480262345679012,1800,1800
dinov2_nat,nct,blur,blur_s3.0,maha,0.90355,1800,1800
dinov2_nat,nct,blur,blur_s3.0,knn,0.8200475308641976,1800,1800
dinov2_nat,nct,blur,blur_s3.0,energy,0.514675,1800,1800
dinov2_nat,nct,blur,blur_s3.0,msp,0.6125950617283951,1800,1800
dinov2_nat,nct,near,holdout_ADI,maha,0.9726816165989125,1612,188
dinov2_nat,nct,near,holdout_ADI,knn,0.9612084895200886,1612,188
dinov2_nat,nct,near,holdout_ADI,energy,0.7661884272213716,1612,188
dinov2_nat,nct,near,holdout_ADI,msp,0.8348061084420042,1612,188
dinov2_nat,nct,near,holdout_BACK,maha,0.9980581889506375,1610,190
dinov2_nat,nct,near,holdout_BACK,knn,0.998999673095783,1610,190
dinov2_nat,nct,near,holdout_BACK,energy,0.5247204968944099,1610,190
dinov2_nat,nct,near,holdout_BACK,msp,0.8309774436090226,1610,190
dinov2_nat,nct,near,holdout_DEB,maha,0.660783439625657,1593,207
dinov2_nat,nct,near,holdout_DEB,knn,0.6481072081661617,1593,207
dinov2_nat,nct,near,holdout_DEB,energy,0.9165552189379259,1593,207
dinov2_nat,nct,near,holdout_DEB,msp,0.9182474048600306,1593,207
dinov2_nat,nct,near,holdout_LYM,maha,0.6609248163896404,1592,208
dinov2_nat,nct,near,holdout_LYM,knn,0.6040690229996134,1592,208
dinov2_nat,nct,near,holdout_LYM,energy,0.9459346008890607,1592,208
dinov2_nat,nct,near,holdout_LYM,msp,0.9477405054116738,1592,208
dinov2_nat,nct,near,holdout_MUC,maha,0.7738414634146341,1640,160
dinov2_nat,nct,near,holdout_MUC,knn,0.7560899390243903,1640,160
dinov2_nat,nct,near,holdout_MUC,energy,0.9470426829268292,1640,160
dinov2_nat,nct,near,holdout_MUC,msp,0.938094512195122,1640,160
dinov2_nat,nct,near,holdout_MUS,maha,0.5658766698975937,1556,244
dinov2_nat,nct,near,holdout_MUS,knn,0.5031580555438493,1556,244
dinov2_nat,nct,near,holdout_MUS,energy,0.8874030721901471,1556,244
dinov2_nat,nct,near,holdout_MUS,msp,0.8510841164819419,1556,244
dinov2_nat,nct,near,holdout_NORM,maha,0.7600602846174009,1642,158
dinov2_nat,nct,near,holdout_NORM,knn,0.6762939607456174,1642,158
dinov2_nat,nct,near,holdout_NORM,energy,0.7825282535962627,1642,158
dinov2_nat,nct,near,holdout_NORM,msp,0.739118703649455,1642,158
dinov2_nat,nct,near,holdout_STR,maha,0.35164788025975396,1612,188
dinov2_nat,nct,near,holdout_STR,knn,0.3607782060081305,1612,188
dinov2_nat,nct,near,holdout_STR,energy,0.9115674990760784,1612,188
dinov2_nat,nct,near,holdout_STR,msp,0.9024833694102741,1612,188
dinov2_nat,nct,near,holdout_TUM,maha,0.5915027323093371,1543,257
dinov2_nat,nct,near,holdout_TUM,knn,0.5207274726327762,1543,257
dinov2_nat,nct,near,holdout_TUM,energy,0.943308679085414,1543,257
dinov2_nat,nct,near,holdout_TUM,msp,0.9207844640411953,1543,257
dinov2_nat,nct,artefact,artefact,maha,0.9146776406035666,1215,585
dinov2_nat,nct,artefact,artefact,knn,0.9204699096057121,1215,585
dinov2_nat,nct,artefact,artefact,energy,0.7597143962576061,1215,585
dinov2_nat,nct,artefact,artefact,msp,0.7676451760402379,1215,585
dinov2_nat,lung,far,far_nct,maha,0.9982270752612423,2839,1800
dinov2_nat,lung,far,far_nct,knn,0.9918566787992642,2839,1800
dinov2_nat,lung,far,far_nct,energy,0.8222819067746858,2839,1800
dinov2_nat,lung,far,far_nct,msp,0.7928667175453016,2839,1800
dinov2_nat,lung,blur,blur_s1.0,maha,0.6165644799744315,2839,2839
dinov2_nat,lung,blur,blur_s1.0,knn,0.5657043040496303,2839,2839
dinov2_nat,lung,blur,blur_s1.0,energy,0.5098835335979099,2839,2839
dinov2_nat,lung,blur,blur_s1.0,msp,0.4961740319787254,2839,2839
dinov2_nat,lung,blur,blur_s2.0,maha,0.9303830645486475,2839,2839
dinov2_nat,lung,blur,blur_s2.0,knn,0.8588827359474119,2839,2839
dinov2_nat,lung,blur,blur_s2.0,energy,0.4183127849516143,2839,2839
dinov2_nat,lung,blur,blur_s2.0,msp,0.45686843580724923,2839,2839
dinov2_nat,lung,blur,blur_s3.0,maha,0.9994868436055391,2839,2839
dinov2_nat,lung,blur,blur_s3.0,knn,0.9947026776068897,2839,2839
dinov2_nat,lung,blur,blur_s3.0,energy,0.4387030592483475,2839,2839
dinov2_nat,lung,blur,blur_s3.0,msp,0.47014486866558614,2839,2839
dinov2_nat,lung,near,holdout_lung_aca,maha,0.8498323075222054,1893,946
dinov2_nat,lung,near,holdout_lung_aca,knn,0.7856819773305234,1893,946
dinov2_nat,lung,near,holdout_lung_aca,energy,0.9450864372915011,1893,946
dinov2_nat,lung,near,holdout_lung_aca,msp,0.9450864372915011,1893,946
dinov2_nat,lung,near,holdout_lung_benign,maha,0.9933525125305948,1890,949
dinov2_nat,lung,near,holdout_lung_benign,knn,0.9578141290470057,1890,949
dinov2_nat,lung,near,holdout_lung_benign,energy,0.20590262097111414,1890,949
dinov2_nat,lung,near,holdout_lung_benign,msp,0.20588951890321755,1890,949
dinov2_nat,lung,near,holdout_lung_scc,maha,0.9096647064084791,1895,944
dinov2_nat,lung,near,holdout_lung_scc,knn,0.8276256652206967,1895,944
dinov2_nat,lung,near,holdout_lung_scc,energy,0.15944110281293322,1895,944
dinov2_nat,lung,near,holdout_lung_scc,msp,0.1594408233084388,1895,944
dinov2_nat,lc_colon,far,far_breakhis,maha,0.9990883311167873,1905,1865
dinov2_nat,lc_colon,far,far_breakhis,knn,0.9866672295989811,1905,1865
dinov2_nat,lc_colon,far,far_breakhis,energy,0.6359353472236882,1905,1865
dinov2_nat,lc_colon,far,far_breakhis,msp,0.6359353472236882,1905,1865
dinov2_nat,lc_colon,blur,blur_s1.0,maha,0.6102330515772143,1905,1905
dinov2_nat,lc_colon,blur,blur_s1.0,knn,0.5330180971473054,1905,1905
dinov2_nat,lc_colon,blur,blur_s1.0,energy,0.498085298392819,1905,1905
dinov2_nat,lc_colon,blur,blur_s1.0,msp,0.498085298392819,1905,1905
dinov2_nat,lc_colon,blur,blur_s2.0,maha,0.9323063357237826,1905,1905
dinov2_nat,lc_colon,blur,blur_s2.0,knn,0.7788086331728219,1905,1905
dinov2_nat,lc_colon,blur,blur_s2.0,energy,0.483585536059961,1905,1905
dinov2_nat,lc_colon,blur,blur_s2.0,msp,0.483585536059961,1905,1905
dinov2_nat,lc_colon,blur,blur_s3.0,maha,0.9996492170762119,1905,1905
dinov2_nat,lc_colon,blur,blur_s3.0,knn,0.9897947795895591,1905,1905
dinov2_nat,lc_colon,blur,blur_s3.0,energy,0.44033369844517467,1905,1905
dinov2_nat,lc_colon,blur,blur_s3.0,msp,0.44033369844517467,1905,1905
dinov2_nat,breakhis,far,far_lung,maha,0.7184831724345033,1865,2839
dinov2_nat,breakhis,far,far_lung,knn,0.7031928887848022,1865,2839
dinov2_nat,breakhis,far,far_lung,energy,0.2882646629151412,1865,2839
dinov2_nat,breakhis,far,far_lung,msp,0.2882646629151412,1865,2839
dinov2_nat,breakhis,blur,blur_s1.0,maha,0.5558993452119975,1865,1865
dinov2_nat,breakhis,blur,blur_s1.0,knn,0.5486787082491789,1865,1865
dinov2_nat,breakhis,blur,blur_s1.0,energy,0.4909958383945835,1865,1865
dinov2_nat,breakhis,blur,blur_s1.0,msp,0.4909958383945835,1865,1865
dinov2_nat,breakhis,blur,blur_s2.0,maha,0.7072046805482681,1865,1865
dinov2_nat,breakhis,blur,blur_s2.0,knn,0.6694391535912714,1865,1865
dinov2_nat,breakhis,blur,blur_s2.0,energy,0.4406399815998102,1865,1865
dinov2_nat,breakhis,blur,blur_s2.0,msp,0.4406399815998102,1865,1865
dinov2_nat,breakhis,blur,blur_s3.0,maha,0.9404224856068829,1865,1865
dinov2_nat,breakhis,blur,blur_s3.0,knn,0.8919155603792164,1865,1865
dinov2_nat,breakhis,blur,blur_s3.0,energy,0.3525254979191973,1865,1865
dinov2_nat,breakhis,blur,blur_s3.0,msp,0.3525254979191973,1865,1865
dinov2_nat,pcam,far,far_nct,maha,0.7761766779469824,1576,1800
dinov2_nat,pcam,far,far_nct,knn,0.6999488860688099,1576,1800
dinov2_nat,pcam,far,far_nct,energy,0.571316271855612,1576,1800
dinov2_nat,pcam,far,far_nct,msp,0.571316271855612,1576,1800
dinov2_nat,pcam,blur,blur_s1.0,maha,0.49446407405498727,1576,1576
dinov2_nat,pcam,blur,blur_s1.0,knn,0.49487554433250014,1576,1576
dinov2_nat,pcam,blur,blur_s1.0,energy,0.5088357404210363,1576,1576
dinov2_nat,pcam,blur,blur_s1.0,msp,0.5088357404210363,1576,1576
dinov2_nat,pcam,blur,blur_s2.0,maha,0.5189010603210595,1576,1576
dinov2_nat,pcam,blur,blur_s2.0,knn,0.4936008722203612,1576,1576
dinov2_nat,pcam,blur,blur_s2.0,energy,0.5179235164523692,1576,1576
dinov2_nat,pcam,blur,blur_s2.0,msp,0.5179235164523692,1576,1576
dinov2_nat,pcam,blur,blur_s3.0,maha,0.7658017470174443,1576,1576
dinov2_nat,pcam,blur,blur_s3.0,knn,0.6703978136514727,1576,1576
dinov2_nat,pcam,blur,blur_s3.0,energy,0.4366871247648741,1576,1576
dinov2_nat,pcam,blur,blur_s3.0,msp,0.4366871247648741,1576,1576
dinov2_nat,sicap,far,far_nct,maha,0.9723962115710482,1836,1800
dinov2_nat,sicap,far,far_nct,knn,0.9415892035826676,1836,1800
dinov2_nat,sicap,far,far_nct,energy,0.5407174412975067,1836,1800
dinov2_nat,sicap,far,far_nct,msp,0.5827187726942629,1836,1800
dinov2_nat,sicap,near,holdout_G3,maha,0.4981561510799971,1502,334
dinov2_nat,sicap,near,holdout_G3,knn,0.48720867187063954,1502,334
dinov2_nat,sicap,near,holdout_G3,energy,0.4128527233150211,1502,334
dinov2_nat,sicap,near,holdout_G3,msp,0.5086371863463486,1502,334
dinov2_nat,sicap,near,holdout_G4,maha,0.494480966394532,920,916
dinov2_nat,sicap,near,holdout_G4,knn,0.489829362065692,920,916
dinov2_nat,sicap,near,holdout_G4,energy,0.7448903550408202,920,916
dinov2_nat,sicap,near,holdout_G4,msp,0.7247377539396241,920,916
dinov2_nat,sicap,near,holdout_G5,maha,0.5142206936320949,1592,244
dinov2_nat,sicap,near,holdout_G5,knn,0.48963825273910533,1592,244
dinov2_nat,sicap,near,holdout_G5,energy,0.44693240794134603,1592,244
dinov2_nat,sicap,near,holdout_G5,msp,0.4008464453414614,1592,244
dinov2_nat,sicap,near,holdout_NC,maha,0.6983019798492214,1494,342
dinov2_nat,sicap,near,holdout_NC,knn,0.6960042900647423,1494,342
dinov2_nat,sicap,near,holdout_NC,energy,0.7724367254593423,1494,342
dinov2_nat,sicap,near,holdout_NC,msp,0.7269232876926811,1494,342
dinov2_nat,panda,far,far_nct,maha,0.9205847560585715,5213,1800
dinov2_nat,panda,far,far_nct,knn,0.8532513800967667,5213,1800
dinov2_nat,panda,far,far_nct,energy,0.2512885521239636,5213,1800
dinov2_nat,panda,far,far_nct,msp,0.301468017989215,5213,1800
dinov2_nat,panda,near,holdout_0,maha,0.5597558367849709,4396,817
dinov2_nat,panda,near,holdout_0,knn,0.5802398530766257,4396,817
dinov2_nat,panda,near,holdout_0,energy,0.49430131765497287,4396,817
dinov2_nat,panda,near,holdout_0,msp,0.4577392043284036,4396,817
dinov2_nat,panda,near,holdout_1,maha,0.513255553903018,4385,828
dinov2_nat,panda,near,holdout_1,knn,0.5132704267402597,4385,828
dinov2_nat,panda,near,holdout_1,energy,0.5762469772335421,4385,828
dinov2_nat,panda,near,holdout_1,msp,0.5313323858785165,4385,828
dinov2_nat,panda,near,holdout_2,maha,0.5323682662083276,4389,824
dinov2_nat,panda,near,holdout_2,knn,0.5319125815421166,4389,824
dinov2_nat,panda,near,holdout_2,energy,0.4956933927935461,4389,824
dinov2_nat,panda,near,holdout_2,msp,0.4990883541598922,4389,824
dinov2_nat,panda,near,holdout_3,maha,0.4612312030075188,4256,957
dinov2_nat,panda,near,holdout_3,knn,0.450098846253565,4256,957
dinov2_nat,panda,near,holdout_3,energy,0.48240359912319986,4256,957
dinov2_nat,panda,near,holdout_3,msp,0.5152318001115641,4256,957
dinov2_nat,panda,near,holdout_4,maha,0.4424706247455378,4418,795
dinov2_nat,panda,near,holdout_4,knn,0.4404067408628509,4418,795
dinov2_nat,panda,near,holdout_4,energy,0.49462604382870534,4418,795
dinov2_nat,panda,near,holdout_4,msp,0.5154735772184118,4418,795
dinov2_nat,panda,near,holdout_5,maha,0.521192998142926,4221,992
dinov2_nat,panda,near,holdout_5,knn,0.5110130033396765,4221,992
dinov2_nat,panda,near,holdout_5,energy,0.50366733918732,4221,992
dinov2_nat,panda,near,holdout_5,msp,0.5009075207678964,4221,992
imagenet_vit,nct,far,far_breakhis,maha,0.8836067917783736,1800,1865
imagenet_vit,nct,far,far_breakhis,knn,0.7879532320524277,1800,1865
imagenet_vit,nct,far,far_breakhis,energy,0.9171831992850757,1800,1865
imagenet_vit,nct,far,far_breakhis,msp,0.9192213285671731,1800,1865
imagenet_vit,nct,blur,blur_s1.0,maha,0.6197561728395062,1800,1800
imagenet_vit,nct,blur,blur_s1.0,knn,0.5835496913580246,1800,1800
imagenet_vit,nct,blur,blur_s1.0,energy,0.5848009259259259,1800,1800
imagenet_vit,nct,blur,blur_s1.0,msp,0.5884521604938272,1800,1800
imagenet_vit,nct,blur,blur_s2.0,maha,0.876399074074074,1800,1800
imagenet_vit,nct,blur,blur_s2.0,knn,0.8234185185185185,1800,1800
imagenet_vit,nct,blur,blur_s2.0,energy,0.7102487654320988,1800,1800
imagenet_vit,nct,blur,blur_s2.0,msp,0.713525,1800,1800
imagenet_vit,nct,blur,blur_s3.0,maha,0.9496614197530864,1800,1800
imagenet_vit,nct,blur,blur_s3.0,knn,0.9249104938271606,1800,1800
imagenet_vit,nct,blur,blur_s3.0,energy,0.7893935185185185,1800,1800
imagenet_vit,nct,blur,blur_s3.0,msp,0.7858666666666666,1800,1800
imagenet_vit,nct,near,holdout_ADI,maha,0.950609788289953,1612,188
imagenet_vit,nct,near,holdout_ADI,knn,0.946442241697904,1612,188
imagenet_vit,nct,near,holdout_ADI,energy,0.9243638139485771,1612,188
imagenet_vit,nct,near,holdout_ADI,msp,0.9316627949949844,1612,188
imagenet_vit,nct,near,holdout_BACK,maha,0.977629944426283,1610,190
imagenet_vit,nct,near,holdout_BACK,knn,0.9965446224256292,1610,190
imagenet_vit,nct,near,holdout_BACK,energy,0.9366230794377247,1610,190
imagenet_vit,nct,near,holdout_BACK,msp,0.905096436744034,1610,190
imagenet_vit,nct,near,holdout_DEB,maha,0.7709544474467098,1593,207
imagenet_vit,nct,near,holdout_DEB,knn,0.7495898420323215,1593,207
imagenet_vit,nct,near,holdout_DEB,energy,0.9227932591561511,1593,207
imagenet_vit,nct,near,holdout_DEB,msp,0.9161427865268035,1593,207
imagenet_vit,nct,near,holdout_LYM,maha,0.7475599149594124,1592,208
imagenet_vit,nct,near,holdout_LYM,knn,0.7158055904522613,1592,208
imagenet_vit,nct,near,holdout_LYM,energy,0.9680856204097409,1592,208
imagenet_vit,nct,near,holdout_LYM,msp,0.946843592964824,1592,208
imagenet_vit,nct,near,holdout_MUC,maha,0.801063262195122,1640,160
imagenet_vit,nct,near,holdout_MUC,knn,0.7917644817073171,1640,160
imagenet_vit,nct,near,holdout_MUC,energy,0.9448780487804878,1640,160
imagenet_vit,nct,near,holdout_MUC,msp,0.9338490853658536,1640,160
imagenet_vit,nct,near,holdout_MUS,maha,0.6919881790214505,1556,244
imagenet_vit,nct,near,holdout_MUS,knn,0.5953105904167895,1556,244
imagenet_vit,nct,near,holdout_MUS,energy,0.8457504530321547,1556,244
imagenet_vit,nct,near,holdout_MUS,msp,0.8418259302962618,1556,244
imagenet_vit,nct,near,holdout_NORM,maha,0.8129904870565381,1642,158
imagenet_vit,nct,near,holdout_NORM,knn,0.734011471037173,1642,158
imagenet_vit,nct,near,holdout_NORM,energy,0.6422817188054087,1642,158
imagenet_vit,nct,near,holdout_NORM,msp,0.6944795633605205,1642,158
imagenet_vit,nct,near,holdout_STR,maha,0.4814654717279975,1612,188
imagenet_vit,nct,near,holdout_STR,knn,0.4885466712422787,1612,188
imagenet_vit,nct,near,holdout_STR,energy,0.8944155535610581,1612,188
imagenet_vit,nct,near,holdout_STR,msp,0.9108019639934534,1612,188
imagenet_vit,nct,near,holdout_TUM,maha,0.678913935408056,1543,257
imagenet_vit,nct,near,holdout_TUM,knn,0.6081689366563192,1543,257
imagenet_vit,nct,near,holdout_TUM,energy,0.9297669152265409,1543,257
imagenet_vit,nct,near,holdout_TUM,msp,0.9229985550408396,1543,257
imagenet_vit,nct,artefact,artefact,maha,0.9140881432239457,1215,585
imagenet_vit,nct,artefact,artefact,knn,0.916914635433154,1215,585
imagenet_vit,nct,artefact,artefact,energy,0.91525588266329,1215,585
imagenet_vit,nct,artefact,artefact,msp,0.913647778832964,1215,585
imagenet_vit,lung,far,far_nct,maha,0.9995612696176275,2839,1800
imagenet_vit,lung,far,far_nct,knn,0.994761848851317,2839,1800
imagenet_vit,lung,far,far_nct,energy,0.8784693358381276,2839,1800
imagenet_vit,lung,far,far_nct,msp,0.7991431842197956,2839,1800
imagenet_vit,lung,blur,blur_s1.0,maha,0.9222972532857332,2839,2839
imagenet_vit,lung,blur,blur_s1.0,knn,0.789443593801974,2839,2839
imagenet_vit,lung,blur,blur_s1.0,energy,0.6078325085320315,2839,2839
imagenet_vit,lung,blur,blur_s1.0,msp,0.5836104348913593,2839,2839
imagenet_vit,lung,blur,blur_s2.0,maha,0.9985777776233786,2839,2839
imagenet_vit,lung,blur,blur_s2.0,knn,0.9898841440257294,2839,2839
imagenet_vit,lung,blur,blur_s2.0,energy,0.6864603263481118,2839,2839
imagenet_vit,lung,blur,blur_s2.0,msp,0.6291917749566032,2839,2839
imagenet_vit,lung,blur,blur_s3.0,maha,0.9999281630676032,2839,2839
imagenet_vit,lung,blur,blur_s3.0,knn,0.9992410595587723,2839,2839
imagenet_vit,lung,blur,blur_s3.0,energy,0.7346429326044263,2839,2839
imagenet_vit,lung,blur,blur_s3.0,msp,0.6597701764074362,2839,2839
imagenet_vit,lung,near,holdout_lung_aca,maha,0.939725638800566,1893,946
imagenet_vit,lung,near,holdout_lung_aca,knn,0.8932653852124608,1893,946
imagenet_vit,lung,near,holdout_lung_aca,energy,0.9358295668139769,1893,946
imagenet_vit,lung,near,holdout_lung_aca,msp,0.9358295668139769,1893,946
imagenet_vit,lung,near,holdout_lung_benign,maha,0.9706218185670241,1890,949
imagenet_vit,lung,near,holdout_lung_benign,knn,0.8875814697732506,1890,949
imagenet_vit,lung,near,holdout_lung_benign,energy,0.1895428772141101,1890,949
imagenet_vit,lung,near,holdout_lung_benign,msp,0.18953367788984227,1890,949
imagenet_vit,lung,near,holdout_lung_scc,maha,0.9366486293099594,1895,944
imagenet_vit,lung,near,holdout_lung_scc,knn,0.9006624256518045,1895,944
imagenet_vit,lung,near,holdout_lung_scc,energy,0.0688156835561916,1895,944
imagenet_vit,lung,near,holdout_lung_scc,msp,0.0688156835561916,1895,944
imagenet_vit,lc_colon,far,far_breakhis,maha,0.9990629991626382,1905,1865
imagenet_vit,lc_colon,far,far_breakhis,knn,0.9833785790181052,1905,1865
imagenet_vit,lc_colon,far,far_breakhis,energy,0.45714776269588286,1905,1865
imagenet_vit,lc_colon,far,far_breakhis,msp,0.4571477626958829,1905,1865
imagenet_vit,lc_colon,blur,blur_s1.0,maha,0.9086807062503014,1905,1905
imagenet_vit,lc_colon,blur,blur_s1.0,knn,0.7789497178994359,1905,1905
imagenet_vit,lc_colon,blur,blur_s1.0,energy,0.5296794593589187,1905,1905
imagenet_vit,lc_colon,blur,blur_s1.0,msp,0.5296794593589187,1905,1905
imagenet_vit,lc_colon,blur,blur_s2.0,maha,0.9978801468714049,1905,1905
imagenet_vit,lc_colon,blur,blur_s2.0,knn,0.9837625808584951,1905,1905
imagenet_vit,lc_colon,blur,blur_s2.0,energy,0.5779053602551649,1905,1905
imagenet_vit,lc_colon,blur,blur_s2.0,msp,0.5779053602551649,1905,1905
imagenet_vit,lc_colon,blur,blur_s3.0,maha,0.999835768560426,1905,1905
imagenet_vit,lc_colon,blur,blur_s3.0,knn,0.9983372944523666,1905,1905
imagenet_vit,lc_colon,blur,blur_s3.0,energy,0.7130441371993854,1905,1905
imagenet_vit,lc_colon,blur,blur_s3.0,msp,0.7130441371993854,1905,1905
imagenet_vit,breakhis,far,far_lung,maha,0.8518413102827622,1865,2839
imagenet_vit,breakhis,far,far_lung,knn,0.7093386165691011,1865,2839
imagenet_vit,breakhis,far,far_lung,energy,0.5459226949035221,1865,2839
imagenet_vit,breakhis,far,far_lung,msp,0.5459226949035221,1865,2839
imagenet_vit,breakhis,blur,blur_s1.0,maha,0.5452045224216375,1865,1865
imagenet_vit,breakhis,blur,blur_s1.0,knn,0.553210329981528,1865,1865
imagenet_vit,breakhis,blur,blur_s1.0,energy,0.48400577880959395,1865,1865
imagenet_vit,breakhis,blur,blur_s1.0,msp,0.48400577880959395,1865,1865
imagenet_vit,breakhis,blur,blur_s2.0,maha,0.7386661299944656,1865,1865
imagenet_vit,breakhis,blur,blur_s2.0,knn,0.7413861955451416,1865,1865
imagenet_vit,breakhis,blur,blur_s2.0,energy,0.4402458150349676,1865,1865
imagenet_vit,breakhis,blur,blur_s2.0,msp,0.4402458150349676,1865,1865
imagenet_vit,breakhis,blur,blur_s3.0,maha,0.8812954883597237,1865,1865
imagenet_vit,breakhis,blur,blur_s3.0,knn,0.8822767359788398,1865,1865
imagenet_vit,breakhis,blur,blur_s3.0,energy,0.3666924940163445,1865,1865
imagenet_vit,breakhis,blur,blur_s3.0,msp,0.3666924940163445,1865,1865
imagenet_vit,pcam,far,far_nct,maha,0.9596161167512691,1576,1800
imagenet_vit,pcam,far,far_nct,knn,0.8865580936266215,1576,1800
imagenet_vit,pcam,far,far_nct,energy,0.47912119289340105,1576,1800
imagenet_vit,pcam,far,far_nct,msp,0.47912119289340105,1576,1800
imagenet_vit,pcam,blur,blur_s1.0,maha,0.6683581772269318,1576,1576
imagenet_vit,pcam,blur,blur_s1.0,knn,0.5632899263057538,1576,1576
imagenet_vit,pcam,blur,blur_s1.0,energy,0.5005125260893092,1576,1576
imagenet_vit,pcam,blur,blur_s1.0,msp,0.5005125260893092,1576,1576
imagenet_vit,pcam,blur,blur_s2.0,maha,0.8300374107810045,1576,1576
imagenet_vit,pcam,blur,blur_s2.0,knn,0.6941616313226313,1576,1576
imagenet_vit,pcam,blur,blur_s2.0,energy,0.5086440967301399,1576,1576
imagenet_vit,pcam,blur,blur_s2.0,msp,0.5086440967301399,1576,1576
imagenet_vit,pcam,blur,blur_s3.0,maha,0.9141919400139142,1576,1576
imagenet_vit,pcam,blur,blur_s3.0,knn,0.835524217964905,1576,1576
imagenet_vit,pcam,blur,blur_s3.0,energy,0.4817568089876059,1576,1576
imagenet_vit,pcam,blur,blur_s3.0,msp,0.4817568089876059,1576,1576
imagenet_vit,sicap,far,far_nct,maha,0.91158799322198,1836,1800
imagenet_vit,sicap,far,far_nct,knn,0.8442937545388527,1836,1800
imagenet_vit,sicap,far,far_nct,energy,0.6910381868796902,1836,1800
imagenet_vit,sicap,far,far_nct,msp,0.6843627450980392,1836,1800
imagenet_vit,sicap,near,holdout_G3,maha,0.4905395600277474,1502,334
imagenet_vit,sicap,near,holdout_G3,knn,0.4922159675323122,1502,334
imagenet_vit,sicap,near,holdout_G3,energy,0.37274851096741274,1502,334
imagenet_vit,sicap,near,holdout_G3,msp,0.47635687347010375,1502,334
imagenet_vit,sicap,near,holdout_G4,maha,0.522474843364344,920,916
imagenet_vit,sicap,near,holdout_G4,knn,0.520710318967154,920,916
imagenet_vit,sicap,near,holdout_G4,energy,0.7475353616859693,920,916
imagenet_vit,sicap,near,holdout_G4,msp,0.743799838617809,920,916
imagenet_vit,sicap,near,holdout_G5,maha,0.5394415726171843,1592,244
imagenet_vit,sicap,near,holdout_G5,knn,0.5353715297800478,1592,244
imagenet_vit,sicap,near,holdout_G5,energy,0.49002183046379433,1592,244
imagenet_vit,sicap,near,holdout_G5,msp,0.45880272262954114,1592,244
imagenet_vit,sicap,near,holdout_NC,maha,0.6168572927186328,1494,342
imagenet_vit,sicap,near,holdout_NC,knn,0.6038266124928564,1494,342
imagenet_vit,sicap,near,holdout_NC,energy,0.7569302551335949,1494,342
imagenet_vit,sicap,near,holdout_NC,msp,0.7318415964051137,1494,342
imagenet_vit,panda,far,far_nct,maha,0.8302884881812562,5213,1800
imagenet_vit,panda,far,far_nct,knn,0.798536884285014,5213,1800
imagenet_vit,panda,far,far_nct,energy,0.5035460494063986,5213,1800
imagenet_vit,panda,far,far_nct,msp,0.4436529402988256,5213,1800
imagenet_vit,panda,near,holdout_0,maha,0.5006108813731855,4396,817
imagenet_vit,panda,near,holdout_0,knn,0.5597449779091485,4396,817
imagenet_vit,panda,near,holdout_0,energy,0.5383864044647243,4396,817
imagenet_vit,panda,near,holdout_0,msp,0.4887309927908202,4396,817
imagenet_vit,panda,near,holdout_1,maha,0.5047474647320962,4385,828
imagenet_vit,panda,near,holdout_1,knn,0.5016338087132792,4385,828
imagenet_vit,panda,near,holdout_1,energy,0.5773616137579253,4385,828
imagenet_vit,panda,near,holdout_1,msp,0.5426068227763732,4385,828
imagenet_vit,panda,near,holdout_2,maha,0.5165509205493876,4389,824
imagenet_vit,panda,near,holdout_2,knn,0.5084572640781124,4389,824
imagenet_vit,panda,near,holdout_2,energy,0.46447595157355,4389,824
imagenet_vit,panda,near,holdout_2,msp,0.48751484846272786,4389,824
imagenet_vit,panda,near,holdout_3,maha,0.48492484149244586,4256,957
imagenet_vit,panda,near,holdout_3,knn,0.45865643733157346,4256,957
imagenet_vit,panda,near,holdout_3,energy,0.4763105353509165,4256,957
imagenet_vit,panda,near,holdout_3,msp,0.5031424073506651,4256,957
imagenet_vit,panda,near,holdout_4,maha,0.5176160418641863,4418,795
imagenet_vit,panda,near,holdout_4,knn,0.49287078874017387,4418,795
imagenet_vit,panda,near,holdout_4,energy,0.4746204065130925,4418,795
imagenet_vit,panda,near,holdout_4,msp,0.5021003271351333,4418,795
imagenet_vit,panda,near,holdout_5,maha,0.5083171890165149,4221,992
imagenet_vit,panda,near,holdout_5,knn,0.5154407494019915,4221,992
imagenet_vit,panda,near,holdout_5,energy,0.5207120121359409,4221,992
imagenet_vit,panda,near,holdout_5,msp,0.5146882236284017,4221,992
