model,task,seed,folds,criterion,selected_C,accuracy,qwk,ece,mean_confidence,aurc,e_aurc
lunit,breakhis,0,grouped,log-loss,0.001,0.8094395280235989,0.597740673389541,0.01663246103904094,0.8037544741995135,0.07174302456119971,0.05225256256977871
lunit,breakhis,0,grouped,accuracy,0.01,0.8194690265486726,0.6235520394832341,0.05716765062255251,0.8766366771712252,0.06661071499518313,0.04918169827338627
lunit,breakhis,0,ungrouped,log-loss,0.1,0.824188790560472,0.6340419057555208,0.09809431715859088,0.9222831077190631,0.07137321758044922,0.054871725736953716
lunit,breakhis,0,ungrouped,accuracy,1.0,0.8188790560471977,0.622572467841432,0.13173314230211153,0.9506121983493092,0.07715374522649683,0.059606879744994415
lunit,breakhis,1,grouped,log-loss,0.001,0.9531880548829701,0.8864753683997675,0.08498913236733546,0.8705284273841759,0.0037408093451408455,0.00260873570027013
lunit,breakhis,1,grouped,accuracy,1.0,0.9467312348668281,0.8735944895643653,0.020580741161845842,0.964591204103614,0.007058306876691047,0.005592150028456441
lunit,breakhis,1,ungrouped,log-loss,1.0,0.9467312348668281,0.8735944895643653,0.02058130636262873,0.964592608193463,0.007057007252280895,0.005590850404046288
lunit,breakhis,1,ungrouped,accuracy,1.0,0.9467312348668281,0.8735944895643653,0.02058130636262873,0.964592608193463,0.007057007252280895,0.005590850404046288
lunit,breakhis,2,grouped,log-loss,0.001,0.9275956284153005,0.8350804703241768,0.09114779846360553,0.836447829951695,0.010533648557423581,0.007822072815219358
lunit,breakhis,2,grouped,accuracy,0.1,0.9371584699453552,0.8578412746662614,0.018772273958502887,0.9419251144351269,0.010223526974554233,0.008184829258657676
lunit,breakhis,2,ungrouped,log-loss,0.1,0.9371584699453552,0.8578412746662614,0.018771788385030186,0.9419264907721272,0.0102218324654472,0.008183134749550644
lunit,breakhis,2,ungrouped,accuracy,1.0,0.9323770491803278,0.8478055419045099,0.030240384298103877,0.9588147403072874,0.01163942372280491,0.00927654709963886
lunit,breakhis,3,grouped,log-loss,0.001,0.7089385474860335,0.38949602441518383,0.08333613266459754,0.7894903802967642,0.14057046017243569,0.09329296465816841
lunit,breakhis,3,grouped,accuracy,0.01,0.7553072625698324,0.4935408729220525,0.09822112965185659,0.8527906193331867,0.12208909380635757,0.08929038341674872
lunit,breakhis,3,ungrouped,log-loss,0.1,0.758659217877095,0.5023585968118722,0.14184685807208933,0.9005060759491843,0.12301043405569519,0.09114589430536123
lunit,breakhis,3,ungrouped,accuracy,1.0,0.7491620111731844,0.48374693444432026,0.18404854508852325,0.9332105562617075,0.12886718690633828,0.09431714731293717
lunit,breakhis,4,grouped,log-loss,0.001,0.7039473684210527,0.31330523094177865,0.12653531212893235,0.8193682093413016,0.16362567546153198,0.11462005788380757
lunit,breakhis,4,grouped,accuracy,0.01,0.7459514170040485,0.4288142600656204,0.13359010635335355,0.8747022436388954,0.1298422454074717,0.09436387707673521
lunit,breakhis,4,ungrouped,log-loss,0.1,0.7555668016194332,0.4577412133677261,0.15645538499200407,0.9120221866114372,0.12223831272165729,0.0895188891083325
lunit,breakhis,4,ungrouped,accuracy,0.1,0.7555668016194332,0.4577412133677261,0.15645538499200407,0.9120221866114372,0.12223831272165729,0.0895188891083325
lunit,pcam,0,grouped,log-loss,0.01,0.9216300940438872,0.8417512203510907,0.010550340383232926,0.9225953521473607,0.016760044955229963,0.013585132671253757
lunit,pcam,0,grouped,accuracy,0.01,0.9216300940438872,0.8417512203510907,0.010550340383232926,0.9225953521473607,0.016760044955229963,0.013585132671253757
lunit,pcam,0,ungrouped,log-loss,0.1,0.9205851619644723,0.8397165089880138,0.019628413408969536,0.9347768910626575,0.017389461352989587,0.014128405258461253
lunit,pcam,0,ungrouped,accuracy,0.1,0.9205851619644723,0.8397165089880138,0.019628413408969536,0.9347768910626575,0.017389461352989587,0.014128405258461253
lunit,pcam,1,grouped,log-loss,0.01,0.9115925058548009,0.8188257971698644,0.021114116249762463,0.9252454100224833,0.023964219935199278,0.019909860809411095
lunit,pcam,1,grouped,accuracy,0.01,0.9115925058548009,0.8188257971698644,0.021114116249762463,0.9252454100224833,0.023964219935199278,0.019909860809411095
lunit,pcam,1,ungrouped,log-loss,0.1,0.9069086651053864,0.8091123794528636,0.0345875318931361,0.9408126344119568,0.026025460728162135,0.02152413048386527
lunit,pcam,1,ungrouped,accuracy,0.1,0.9069086651053864,0.8091123794528636,0.0345875318931361,0.9408126344119568,0.026025460728162135,0.02152413048386527
lunit,pcam,2,grouped,log-loss,0.01,0.8936046511627908,0.7820487253631137,0.02111843190122919,0.9123359723725589,0.034875544282186546,0.028972492086988412
lunit,pcam,2,grouped,accuracy,0.01,0.8936046511627908,0.7820487253631137,0.02111843190122919,0.9123359723725589,0.034875544282186546,0.028972492086988412
lunit,pcam,2,ungrouped,log-loss,0.1,0.8965116279069767,0.7881327782452722,0.03967361038867698,0.9329998858993064,0.032576576372707035,0.026996656957447913
lunit,pcam,2,ungrouped,accuracy,0.1,0.8965116279069767,0.7881327782452722,0.03967361038867698,0.9329998858993064,0.032576576372707035,0.026996656957447913
lunit,pcam,3,grouped,log-loss,0.01,0.9182498560736903,0.8311678355472017,0.012469208819152597,0.9175104035424133,0.014250395570988688,0.010790352969692012
lunit,pcam,3,grouped,accuracy,0.01,0.9182498560736903,0.8311678355472017,0.012469208819152597,0.9175104035424133,0.014250395570988688,0.010790352969692012
lunit,pcam,3,ungrouped,log-loss,0.1,0.9142199194012666,0.8234511653479604,0.018491945632632983,0.9319687086509291,0.01449501154344635,0.010681256896204187
lunit,pcam,3,ungrouped,accuracy,0.1,0.9142199194012666,0.8234511653479604,0.018491945632632983,0.9319687086509291,0.01449501154344635,0.010681256896204187
lunit,pcam,4,grouped,log-loss,0.001,0.9177119919719017,0.8342565754377709,0.04489591836633306,0.8776473084021138,0.021285543085285623,0.01778235740953501
lunit,pcam,4,grouped,accuracy,0.01,0.924234821876568,0.8474963121069816,0.015244952965980545,0.9187729896414615,0.01992814344692261,0.016963593755427303
lunit,pcam,4,ungrouped,log-loss,0.1,0.9187155042649272,0.8365122864156722,0.021150064112642114,0.9340041153378483,0.02149355982792569,0.01807625067636418
lunit,pcam,4,ungrouped,accuracy,1.0,0.9061716006021073,0.8113695247379127,0.03945519583143228,0.9424017238125599,0.025670842549626857,0.021100902155745654
lunit,sicap,0,grouped,log-loss,0.001,0.7757847533632287,0.7744509423511123,0.02345969342329267,0.768990214375852,0.08038576917413591,0.05307104531621318
lunit,sicap,0,grouped,accuracy,0.001,0.7757847533632287,0.7744509423511123,0.02345969342329267,0.768990214375852,0.08038576917413591,0.05307104531621318
lunit,sicap,0,ungrouped,log-loss,0.1,0.7772795216741405,0.7831755943639356,0.0718862609547608,0.8491657826289013,0.08137177596519633,0.054435477334528026
lunit,sicap,0,ungrouped,accuracy,0.1,0.7772795216741405,0.7831755943639356,0.0718862609547608,0.8491657826289013,0.08137177596519633,0.054435477334528026
lunit,sicap,1,grouped,log-loss,0.001,0.8461167390255668,0.9025401093563098,0.05809963795005915,0.7893079102509906,0.04928416844957628,0.0367481615783716
lunit,sicap,1,grouped,accuracy,0.001,0.8461167390255668,0.9025401093563098,0.05809963795005915,0.7893079102509906,0.04928416844957628,0.0367481615783716
lunit,sicap,1,ungrouped,log-loss,0.1,0.8055957549445248,0.8902070160042345,0.07212325104114115,0.8776176089101041,0.06827662952686152,0.04797372124173287
lunit,sicap,1,ungrouped,accuracy,0.1,0.8055957549445248,0.8902070160042345,0.07212325104114115,0.8776176089101041,0.06827662952686152,0.04797372124173287
lunit,sicap,2,grouped,log-loss,0.001,0.7928358208955224,0.6823504294157267,0.015122213072117694,0.7865089933199203,0.08391837274230528,0.06074057268543567
lunit,sicap,2,grouped,accuracy,0.001,0.7928358208955224,0.6823504294157267,0.015122213072117694,0.7865089933199203,0.08391837274230528,0.06074057268543567
lunit,sicap,2,ungrouped,log-loss,0.1,0.7976119402985075,0.7300653522569174,0.07419226322012928,0.8659967866158181,0.08839884828548052,0.06631684059617414
lunit,sicap,2,ungrouped,accuracy,0.1,0.7976119402985075,0.7300653522569174,0.07419226322012928,0.8659967866158181,0.08839884828548052,0.06631684059617414
lunit,sicap,3,grouped,log-loss,0.001,0.8165728077232502,0.8618471032035644,0.02718012552745612,0.7979282895683348,0.06152794724226681,0.04353352896112313
lunit,sicap,3,grouped,accuracy,0.001,0.8165728077232502,0.8618471032035644,0.02718012552745612,0.7979282895683348,0.06152794724226681,0.04353352896112313
lunit,sicap,3,ungrouped,log-loss,0.1,0.8145615446500403,0.8739724017822046,0.07500280082277953,0.8876244189434526,0.0616285852811183,0.04322372284866167
lunit,sicap,3,ungrouped,accuracy,0.1,0.8145615446500403,0.8739724017822046,0.07500280082277953,0.8876244189434526,0.0616285852811183,0.04322372284866167
lunit,sicap,4,grouped,log-loss,0.001,0.730692076228686,0.6393499610224703,0.025259467481715755,0.7521588350077058,0.1257501822255681,0.0856389856257552
lunit,sicap,4,grouped,accuracy,0.001,0.730692076228686,0.6393499610224703,0.025259467481715755,0.7521588350077058,0.1257501822255681,0.0856389856257552
lunit,sicap,4,ungrouped,log-loss,0.1,0.7136409227683049,0.6627959842831387,0.15094593793563052,0.8596137464461964,0.15216150857771757,0.10649549840180597
lunit,sicap,4,ungrouped,accuracy,1.0,0.6865596790371113,0.6391044923621914,0.1984491111386295,0.885008790175741,0.17906492820805997,0.12373511951342722
lunit,panda,0,grouped,log-loss,0.0001,0.34606299212598424,0.43891983943559165,0.027577188211855213,0.3306718578493569,0.5238786222801652,0.237096625822115
lunit,panda,0,grouped,accuracy,0.001,0.35531496062992124,0.45502110464813794,0.05650552604262599,0.4103576223297401,0.5164576732605172,0.2393715820830996
lunit,panda,0,ungrouped,log-loss,0.1,0.3736220472440945,0.47072859804530454,0.12397206795895428,0.4973532464418572,0.5148179105027986,0.2562131652946793
lunit,panda,0,ungrouped,accuracy,0.1,0.3736220472440945,0.47072859804530454,0.12397206795895428,0.4973532464418572,0.5148179105027986,0.2562131652946793
lunit,panda,1,grouped,log-loss,0.001,0.3440840052503282,0.41137608427496464,0.0710578174097223,0.41081129840401515,0.516888908312825,0.2280041385762096
lunit,panda,1,grouped,accuracy,0.01,0.34764672792049506,0.42726913661265653,0.11791009911888221,0.4648246863341313,0.5157799675824504,0.23067811046934
lunit,panda,1,ungrouped,log-loss,0.1,0.35214700918807423,0.42745803904722135,0.14703630797079417,0.4991833171588685,0.5216670640842087,0.24129148089250324
lunit,panda,1,ungrouped,accuracy,1.0,0.3453965872867054,0.4196899910873262,0.16924412215454224,0.5146407094412475,0.5300056066512203,0.24251881323096497
lunit,panda,2,grouped,log-loss,0.001,0.3745264297311925,0.42981671916634157,0.04523892030846512,0.41682619017319855,0.49225809908397866,0.23454786433452474
lunit,panda,2,grouped,accuracy,0.001,0.3745264297311925,0.42981671916634157,0.04523892030846512,0.41682619017319855,0.49225809908397866,0.23454786433452474
lunit,panda,2,ungrouped,log-loss,0.1,0.3804798845390583,0.4477280896792124,0.12963283438766024,0.5078811457174378,0.4888830832608058,0.23697316196042206
lunit,panda,2,ungrouped,accuracy,1.0,0.37633050694569725,0.4448942440611847,0.14788582418103005,0.5242163311267274,0.49365830623967744,0.23771566749795786
lunit,panda,3,grouped,log-loss,0.0001,0.38964773544212794,0.44195350169321157,0.06241811816512921,0.32962806209631784,0.45695003581425936,0.21379066943011674
lunit,panda,3,grouped,accuracy,0.01,0.40168943206326385,0.4623687839992595,0.06942897906849797,0.47011433337784814,0.46013699748164466,0.2281439778529156
lunit,panda,3,ungrouped,log-loss,0.1,0.3968368080517613,0.44961741621307183,0.10889981479233832,0.5054473715774036,0.47344552140752055,0.23699667377797137
lunit,panda,3,ungrouped,accuracy,0.1,0.3968368080517613,0.44961741621307183,0.10889981479233832,0.5054473715774036,0.47344552140752055,0.23699667377797137
lunit,panda,4,grouped,log-loss,0.0001,0.3316888045540797,0.39227168496260567,0.024301670142756412,0.33267852695259736,0.5308531530092063,0.22851642055571847
lunit,panda,4,grouped,accuracy,0.01,0.3650853889943074,0.44662114752464643,0.1080577090568161,0.4711516491661944,0.5013887330727905,0.23428269437639515
lunit,panda,4,ungrouped,log-loss,0.1,0.36318785578747625,0.4445484476990409,0.1444689678479516,0.507656823635428,0.5038602467786165,0.23483708829470795
lunit,panda,4,ungrouped,accuracy,1.0,0.3574952561669829,0.4443100601770279,0.16613030426095432,0.5236255604279372,0.5089363057777985,0.23410209503455814
ctranspath,breakhis,0,grouped,log-loss,0.001,0.8342182890855457,0.6506731012530576,0.03012748292679678,0.8517730354309567,0.05454205111561416,0.03992199931241788
ctranspath,breakhis,0,grouped,accuracy,0.001,0.8342182890855457,0.6506731012530576,0.03012748292679678,0.8517730354309567,0.05454205111561416,0.03992199931241788
ctranspath,breakhis,0,ungrouped,log-loss,0.1,0.8336283185840708,0.6491945249715607,0.09584326391102595,0.929429099551134,0.047495820785301734,0.032768448169083725
ctranspath,breakhis,0,ungrouped,accuracy,0.1,0.8336283185840708,0.6491945249715607,0.09584326391102595,0.929429099551134,0.047495820785301734,0.032768448169083725
ctranspath,breakhis,1,grouped,log-loss,0.0001,0.9499596448748991,0.8800651992668205,0.11401540451154744,0.836313550234103,0.0053845204283552274,0.004090891020093419
ctranspath,breakhis,1,grouped,accuracy,0.001,0.9628732849071832,0.9111645219212928,0.043021582799730174,0.9218327444262532,0.003904088318827149,0.003191222260446799
ctranspath,breakhis,1,ungrouped,log-loss,0.1,0.9661016949152542,0.918207281152058,0.013560017299391007,0.970555970845243,0.0034836426429753964,0.0028888147531820623
ctranspath,breakhis,1,ungrouped,accuracy,0.1,0.9661016949152542,0.918207281152058,0.013560017299391007,0.970555970845243,0.0034836426429753964,0.0028888147531820623
ctranspath,breakhis,2,grouped,log-loss,0.001,0.9412568306010929,0.8663507591969836,0.05742310737086584,0.883833723230227,0.010013419587312578,0.008233168284967377
ctranspath,breakhis,2,grouped,accuracy,0.01,0.9378415300546448,0.8583368423738978,0.018712542985673427,0.9191289870689714,0.010606452392907858,0.008612071610202809
ctranspath,breakhis,2,ungrouped,log-loss,0.1,0.9255464480874317,0.8275428289823497,0.02259729600932118,0.9439103571703115,0.012911278260904867,0.010042722575867523
ctranspath,breakhis,2,ungrouped,accuracy,0.1,0.9255464480874317,0.8275428289823497,0.02259729600932118,0.9439103571703115,0.012911278260904867,0.010042722575867523
ctranspath,breakhis,3,grouped,log-loss,0.001,0.8055865921787709,0.5984109731049074,0.0359087361590327,0.8387058448642856,0.07822922492335344,0.05791692289520131
ctranspath,breakhis,3,grouped,accuracy,0.0001,0.740782122905028,0.4535192659198307,0.03648539763959035,0.7605903951524694,0.11504687014508008,0.0780273354333718
ctranspath,breakhis,3,ungrouped,log-loss,0.1,0.8273743016759777,0.6462798987525693,0.09782513963526514,0.9251994413112429,0.059589289861374524,0.04370122737226667
ctranspath,breakhis,3,ungrouped,accuracy,1.0,0.8335195530726257,0.6589093950504711,0.12222179788881092,0.9544171435967995,0.05924632954209011,0.04450173121114047
ctranspath,breakhis,4,grouped,log-loss,0.001,0.743421052631579,0.3962918147064354,0.11076822267662019,0.8535024095921396,0.10740512285947634,0.07118018122835088
ctranspath,breakhis,4,grouped,accuracy,0.001,0.743421052631579,0.3962918147064354,0.11076822267662019,0.8535024095921396,0.10740512285947634,0.07118018122835088
ctranspath,breakhis,4,ungrouped,log-loss,0.1,0.7793522267206477,0.49463567775821193,0.15506390670385084,0.9280410162236044,0.09338374415461342,0.06696656754768401
ctranspath,breakhis,4,ungrouped,accuracy,0.1,0.7793522267206477,0.49463567775821193,0.15506390670385084,0.9280410162236044,0.09338374415461342,0.06696656754768401
ctranspath,pcam,0,grouped,log-loss,0.01,0.906478578892372,0.8113779081482656,0.01190853449072956,0.902201365581136,0.023944230514483134,0.019403592591065416
ctranspath,pcam,0,grouped,accuracy,0.01,0.906478578892372,0.8113779081482656,0.01190853449072956,0.902201365581136,0.023944230514483134,0.019403592591065416
ctranspath,pcam,0,ungrouped,log-loss,0.1,0.9022988505747126,0.802947870523607,0.03288242446419608,0.9282657485136478,0.024269836646996282,0.01930805728463533
ctranspath,pcam,0,ungrouped,accuracy,0.1,0.9022988505747126,0.802947870523607,0.03288242446419608,0.9282657485136478,0.024269836646996282,0.01930805728463533
ctranspath,pcam,1,grouped,log-loss,0.01,0.8916861826697893,0.7778312141589535,0.019077354256041797,0.9059809563745741,0.03202124324745431,0.025899539486320566
ctranspath,pcam,1,grouped,accuracy,0.01,0.8916861826697893,0.7778312141589535,0.019077354256041797,0.9059809563745741,0.03202124324745431,0.025899539486320566
ctranspath,pcam,1,ungrouped,log-loss,0.1,0.8875878220140515,0.7686939520002709,0.04311881232463566,0.9283322492023554,0.03603779178514581,0.029435615394304518
ctranspath,pcam,1,ungrouped,accuracy,0.1,0.8875878220140515,0.7686939520002709,0.04311881232463566,0.9283322492023554,0.03603779178514581,0.029435615394304518
ctranspath,pcam,2,grouped,log-loss,0.001,0.836046511627907,0.6607922121517288,0.025150881650141385,0.8465265338140227,0.07045581371630473,0.05616638583005905
ctranspath,pcam,2,grouped,accuracy,0.01,0.8633720930232558,0.718263129133349,0.03596183862878284,0.8898851662219188,0.05473356477627845,0.044903527224346845
ctranspath,pcam,2,ungrouped,log-loss,0.1,0.8633720930232558,0.7179863584098951,0.060311116339092856,0.9132348613920118,0.05553181355381138,0.045701776001879774
ctranspath,pcam,2,ungrouped,accuracy,0.1,0.8633720930232558,0.7179863584098951,0.060311116339092856,0.9132348613920118,0.05553181355381138,0.045701776001879774
ctranspath,pcam,3,grouped,log-loss,0.01,0.899251583189407,0.7924769435893655,0.018027668329057975,0.8987005782960179,0.022921162743059675,0.017637467167005542
ctranspath,pcam,3,grouped,accuracy,0.001,0.8848589522164652,0.7629740008269301,0.026462570766778715,0.8627776603255886,0.02911424306441637,0.022182219539110197
ctranspath,pcam,3,ungrouped,log-loss,0.1,0.8894645941278065,0.7708871473009662,0.034809871531573444,0.9216284128899283,0.024009737649895592,0.01763046873040723
ctranspath,pcam,3,ungrouped,accuracy,0.1,0.8894645941278065,0.7708871473009662,0.034809871531573444,0.9216284128899283,0.024009737649895592,0.01763046873040723
ctranspath,pcam,4,grouped,log-loss,0.01,0.8866031108881084,0.7718311942518348,0.02637209745474556,0.8994263532979534,0.0345476316997994,0.027831941219074136
ctranspath,pcam,4,grouped,accuracy,0.01,0.8866031108881084,0.7718311942518348,0.02637209745474556,0.8994263532979534,0.0345476316997994,0.027831941219074136
ctranspath,pcam,4,ungrouped,log-loss,0.1,0.8891118916206724,0.776799238249291,0.03765999704319878,0.9254386854792286,0.03372115367330834,0.027304497772580594
ctranspath,pcam,4,ungrouped,accuracy,0.1,0.8891118916206724,0.776799238249291,0.03765999704319878,0.9254386854792286,0.03372115367330834,0.027304497772580594
ctranspath,sicap,0,grouped,log-loss,0.001,0.7857498754359741,0.8114789295278324,0.025947138682271196,0.7983088185850533,0.08035331348792822,0.05550728885733124
ctranspath,sicap,0,grouped,accuracy,0.001,0.7857498754359741,0.8114789295278324,0.025947138682271196,0.7983088185850533,0.08035331348792822,0.05550728885733124
ctranspath,sicap,0,ungrouped,log-loss,0.1,0.783756851021425,0.8111096221347321,0.1041020918228866,0.8859900744872696,0.08578283557654275,0.060453233187986566
ctranspath,sicap,0,ungrouped,accuracy,0.1,0.783756851021425,0.8111096221347321,0.1041020918228866,0.8859900744872696,0.08578283557654275,0.060453233187986566
ctranspath,sicap,1,grouped,log-loss,0.001,0.8268210323203087,0.8740341998204153,0.03897275890726788,0.7906124151266464,0.057207916179301356,0.04122127201927178
ctranspath,sicap,1,grouped,accuracy,0.001,0.8268210323203087,0.8740341998204153,0.03897275890726788,0.7906124151266464,0.057207916179301356,0.04122127201927178
ctranspath,sicap,1,ungrouped,log-loss,0.1,0.7761698022190062,0.8227445240337907,0.10149639900201174,0.8731716180410387,0.09309148071387323,0.06587628818612819
ctranspath,sicap,1,ungrouped,accuracy,0.1,0.7761698022190062,0.8227445240337907,0.10149639900201174,0.8731716180410387,0.09309148071387323,0.06587628818612819
ctranspath,sicap,2,grouped,log-loss,0.001,0.7940298507462686,0.7247002322370248,0.016804061269808133,0.7985196819765837,0.07483858911743545,0.05193742775965546
ctranspath,sicap,2,grouped,accuracy,0.001,0.7940298507462686,0.7247002322370248,0.016804061269808133,0.7985196819765837,0.07483858911743545,0.05193742775965546
ctranspath,sicap,2,ungrouped,log-loss,0.1,0.7898507462686567,0.7493792829159092,0.10003666235666803,0.8882062749890608,0.08015383083523936,0.05627656080301526
ctranspath,sicap,2,ungrouped,accuracy,0.1,0.7898507462686567,0.7493792829159092,0.10003666235666803,0.8882062749890608,0.08015383083523936,0.05627656080301526
ctranspath,sicap,3,grouped,log-loss,0.001,0.826226870474658,0.8742978634547302,0.013838633544295353,0.8231376009983772,0.05587975523176812,0.039786725095094226
ctranspath,sicap,3,grouped,accuracy,0.001,0.826226870474658,0.8742978634547302,0.013838633544295353,0.8231376009983772,0.05587975523176812,0.039786725095094226
ctranspath,sicap,3,ungrouped,log-loss,0.1,0.828238133547868,0.8734186540731995,0.0823102866286701,0.910548420176538,0.06449966081251562,0.048788510852477415
ctranspath,sicap,3,ungrouped,accuracy,0.1,0.828238133547868,0.8734186540731995,0.0823102866286701,0.910548420176538,0.06449966081251562,0.048788510852477415
ctranspath,sicap,4,grouped,log-loss,0.001,0.7447342026078235,0.6593947725393255,0.025185516518756477,0.7593027223365851,0.11713592513180349,0.08130007885911641
ctranspath,sicap,4,grouped,accuracy,0.001,0.7447342026078235,0.6593947725393255,0.025185516518756477,0.7593027223365851,0.11713592513180349,0.08130007885911641
ctranspath,sicap,4,ungrouped,log-loss,0.1,0.7021063189568706,0.6142987385057394,0.16554319893012392,0.8665658214633143,0.15216625469453623,0.1025121384591478
ctranspath,sicap,4,ungrouped,accuracy,0.1,0.7021063189568706,0.6142987385057394,0.16554319893012392,0.8665658214633143,0.15216625469453623,0.1025121384591478
ctranspath,panda,0,grouped,log-loss,0.0001,0.3498031496062992,0.45612105079810283,0.010619886227517849,0.35635854279326895,0.5315343652142616,0.24870140787147493
ctranspath,panda,0,grouped,accuracy,0.001,0.3549212598425197,0.46768834186789465,0.07793777888954488,0.4324226030574382,0.5176915084192666,0.24019777815227267
ctranspath,panda,0,ungrouped,log-loss,0.01,0.3598425196850394,0.45760198549605813,0.13216106662724264,0.49200358631228197,0.5194560395574382,0.24702656444501492
ctranspath,panda,0,ungrouped,accuracy,0.1,0.35216535433070867,0.43961128200538424,0.18630039011828678,0.5382222787653786,0.5342903634482824,0.2539309042294407
ctranspath,panda,1,grouped,log-loss,0.0001,0.34052128258016123,0.42726881004757544,0.018533707395923922,0.3540964797625579,0.5416576591764348,0.2489530869324061
ctranspath,panda,1,grouped,accuracy,0.001,0.3437089818113632,0.45691749988945074,0.08816200633311524,0.4318644788492707,0.5422245549400904,0.2529394445563761
ctranspath,panda,1,ungrouped,log-loss,0.01,0.33358334895930997,0.4506690565299202,0.15979491057630626,0.49337825953561626,0.5589188613143117,0.25866839471121
ctranspath,panda,1,ungrouped,accuracy,0.1,0.3210200637539846,0.42255092088938107,0.22123231257686266,0.5422523763308472,0.5801709375276958,0.2658869294959271
ctranspath,panda,2,grouped,log-loss,0.0001,0.3783149918816525,0.45564199868252675,0.023529964093015124,0.3583715436950695,0.4800240991372915,0.2260158285400834
ctranspath,panda,2,grouped,accuracy,0.0001,0.3783149918816525,0.45564199868252675,0.023529964093015124,0.3583715436950695,0.4800240991372915,0.2260158285400834
ctranspath,panda,2,ungrouped,log-loss,0.01,0.38210355403211255,0.46357655924368113,0.12060336717992108,0.5011978932284362,0.477562335803493,0.22721808890455325
ctranspath,panda,2,ungrouped,accuracy,0.1,0.3718203139094353,0.4472653153132716,0.1775730279337376,0.549393341843173,0.4914635243253613,0.23108558832309606
ctranspath,panda,3,grouped,log-loss,0.0001,0.3876707404744788,0.48482270005592953,0.03458860711556328,0.3543420811322102,0.4647269308453523,0.2196990210414282
ctranspath,panda,3,grouped,accuracy,0.001,0.39809489575844714,0.5025791203975394,0.03974621558010601,0.4366520575722672,0.4755534127759625,0.24026544861479543
ctranspath,panda,3,ungrouped,log-loss,0.01,0.38533429187634793,0.4922336462981247,0.11077991953553594,0.49589357542798307,0.5003017182442676,0.253052527444648
ctranspath,panda,3,ungrouped,accuracy,0.1,0.3634076204169662,0.44935647265329126,0.17708500662343046,0.5404926270403967,0.5258826928172189,0.25708526468686377
ctranspath,panda,4,grouped,log-loss,0.0001,0.3586337760910816,0.4496043605233384,0.017841539765872813,0.3596534223271285,0.4999960375480065,0.22633124316265735
ctranspath,panda,4,grouped,accuracy,0.001,0.36603415559772295,0.47999487037127464,0.07239348904792892,0.4376047710326916,0.49085523996743247,0.22470405953417028
ctranspath,panda,4,ungrouped,log-loss,0.01,0.3554079696394687,0.46629288732743357,0.1372431800429638,0.49265114968243245,0.5005078726293041,0.22352030636265802
ctranspath,panda,4,ungrouped,accuracy,0.1,0.34800759013282734,0.45278110962991913,0.18727030627209695,0.5352778964049243,0.5121670507617422,0.22744558530458153
conch,breakhis,0,grouped,log-loss,0.001,0.7174041297935103,0.39670078579257306,0.12569180495817084,0.8430959347516812,0.13309378416560153,0.0886759312970056
conch,breakhis,0,grouped,accuracy,0.01,0.7427728613569321,0.45098359681445377,0.12720859231762088,0.8687602092513624,0.10900000745020651,0.07257164944880232
conch,breakhis,0,ungrouped,log-loss,1.0,0.7669616519174042,0.5042960637616565,0.16253480903206285,0.9271565633878673,0.09303161365163573,0.06341363518311484
conch,breakhis,0,ungrouped,accuracy,1.0,0.7669616519174042,0.5042960637616565,0.16253480903206285,0.9271565633878673,0.09303161365163573,0.06341363518311484
conch,breakhis,1,grouped,log-loss,0.0001,0.9257465698143664,0.8092883027883647,0.10212635126151143,0.827535280248947,0.010176952486271961,0.007319324201427722
conch,breakhis,1,grouped,accuracy,0.1,0.9693301049233253,0.9253694909236163,0.021702939435241337,0.9509101060452313,0.00216499930705407,0.001677421229486508
conch,breakhis,1,ungrouped,log-loss,1.0,0.966908797417272,0.9195458368110383,0.010637330871077674,0.967344180541439,0.0028444019790191824,0.0022773965430228013
conch,breakhis,1,ungrouped,accuracy,1.0,0.966908797417272,0.9195458368110383,0.010637330871077674,0.967344180541439,0.0028444019790191824,0.0022773965430228013
conch,breakhis,2,grouped,log-loss,0.0001,0.8790983606557377,0.7238230441622223,0.0970057128054863,0.7865642492166255,0.03135794903098503,0.023694312803718472
conch,breakhis,2,grouped,accuracy,1.0,0.9357923497267759,0.8535825545171339,0.018994432950082865,0.9441964047042395,0.015453347234913201,0.013324521717831717
conch,breakhis,2,ungrouped,log-loss,1.0,0.9357923497267759,0.8535825545171339,0.018992903678156453,0.9441964124770936,0.015456504369615367,0.013327678852533883
conch,breakhis,2,ungrouped,accuracy,1.0,0.9357923497267759,0.8535825545171339,0.018992903678156453,0.9441964124770936,0.015456504369615367,0.013327678852533883
conch,breakhis,3,grouped,log-loss,0.001,0.6821229050279329,0.3374277748070199,0.14321328266914352,0.8215777333488794,0.18163677747590676,0.1246139068247964
conch,breakhis,3,grouped,accuracy,0.01,0.6966480446927374,0.367703482812323,0.14719877864101738,0.8438468233337549,0.15400643012453472,0.1023905781697757
conch,breakhis,3,ungrouped,log-loss,1.0,0.7564245810055866,0.49607743118555214,0.16193596099371352,0.9171786055956248,0.12117008026182735,0.08868440967086295
conch,breakhis,3,ungrouped,accuracy,1.0,0.7564245810055866,0.49607743118555214,0.16193596099371352,0.9171786055956248,0.12117008026182735,0.08868440967086295
conch,breakhis,4,grouped,log-loss,0.0001,0.792004048582996,0.5306060641089366,0.03236125030294765,0.7612870808590396,0.10804178405579987,0.08467966627668383
conch,breakhis,4,grouped,accuracy,0.1,0.8081983805668016,0.5711029507776115,0.08231222757340771,0.8866001720774301,0.08660579516509861,0.06685966269835679
conch,breakhis,4,ungrouped,log-loss,1.0,0.7839068825910931,0.5214242607121304,0.13667800604964586,0.9187599756069686,0.10082669951049646,0.07553283203732628
conch,breakhis,4,ungrouped,accuracy,1.0,0.7839068825910931,0.5214242607121304,0.13667800604964586,0.9187599756069686,0.10082669951049646,0.07553283203732628
conch,pcam,0,grouped,log-loss,0.01,0.9137931034482759,0.8259672070439719,0.012734371187990388,0.920426672922927,0.020856844052391833,0.017006882221428096
conch,pcam,0,grouped,accuracy,0.1,0.9117032392894462,0.8217482302450378,0.02989117874607785,0.9338195698439918,0.02089017105231523,0.016848868232256148
conch,pcam,0,ungrouped,log-loss,0.1,0.9117032392894462,0.8217482302450378,0.029891654090676418,0.9338201683885454,0.020890916712424268,0.016849613892365188
conch,pcam,0,ungrouped,accuracy,1.0,0.9106583072100314,0.8195822698984063,0.03126782924840473,0.9416872371481292,0.023318193707443678,0.01917942463324175
conch,pcam,1,grouped,log-loss,0.1,0.927400468384075,0.8511988151662098,0.017500267099669342,0.9322153168648217,0.022239989054226743,0.019517198610893675
conch,pcam,1,grouped,accuracy,0.1,0.927400468384075,0.8511988151662098,0.017500267099669342,0.9322153168648217,0.022239989054226743,0.019517198610893675
conch,pcam,1,ungrouped,log-loss,0.1,0.927400468384075,0.8511988151662098,0.01750104586530643,0.9322155256264819,0.022239833600197764,0.019517043156864696
conch,pcam,1,ungrouped,accuracy,1.0,0.9139344262295082,0.8233063658013411,0.031906210717543695,0.9452279027578483,0.02636058881406134,0.02252068274864657
conch,pcam,2,grouped,log-loss,0.01,0.8813953488372093,0.7561165480427046,0.026080327593968597,0.901404585777661,0.04218148712570537,0.034817649570953874
conch,pcam,2,grouped,accuracy,0.1,0.8796511627906977,0.7526813003612114,0.035944316535649064,0.9155954793263467,0.037972115882158174,0.030385842741350397
conch,pcam,2,ungrouped,log-loss,0.1,0.8796511627906977,0.7526813003612114,0.03594590403776285,0.9155970668284605,0.03797409958783038,0.030387826447022603
conch,pcam,2,ungrouped,accuracy,0.1,0.8796511627906977,0.7526813003612114,0.03594590403776285,0.9155970668284605,0.03797409958783038,0.030387826447022603
conch,pcam,3,grouped,log-loss,0.01,0.9084628670120898,0.8105346995980647,0.011708767568641872,0.9089387803138677,0.020889097027870666,0.016539204436705725
conch,pcam,3,grouped,accuracy,0.1,0.9061600460564191,0.8053744053089644,0.023589119348393785,0.9263656134670711,0.020070725250106263,0.015496175075336086
conch,pcam,3,ungrouped,log-loss,0.1,0.9061600460564191,0.8053744053089644,0.023589072042744727,0.926365384678772,0.020071958099779724,0.015497407925009546
conch,pcam,3,ungrouped,accuracy,0.1,0.9061600460564191,0.8053744053089644,0.023589072042744727,0.926365384678772,0.020071958099779724,0.015497407925009546
conch,pcam,4,grouped,log-loss,0.01,0.9182137481184145,0.8356795827990602,0.009440563519032262,0.9143888756416139,0.019256304538133855,0.015796194216321103
conch,pcam,4,grouped,accuracy,0.1,0.91921726041144,0.8376626103357262,0.01705985752871393,0.9273184726421131,0.01893118086503134,0.015556398849779777
conch,pcam,4,ungrouped,log-loss,0.1,0.91921726041144,0.8376626103357262,0.01705972041797181,0.9273198745706386,0.018931405390662806,0.015556623375411242
conch,pcam,4,ungrouped,accuracy,0.1,0.91921726041144,0.8376626103357262,0.01705972041797181,0.9273198745706386,0.018931405390662806,0.015556623375411242
conch,sicap,0,grouped,log-loss,0.001,0.8141504733432985,0.8547206352787136,0.02815299362997979,0.7981134393715473,0.06620674332481262,0.047708463468640994
conch,sicap,0,grouped,accuracy,0.001,0.8141504733432985,0.8547206352787136,0.02815299362997979,0.7981134393715473,0.06620674332481262,0.047708463468640994
conch,sicap,0,ungrouped,log-loss,0.1,0.8181365221723966,0.849602964555158,0.046180561995402984,0.8643170841677995,0.056081689909515973,0.03839423279209956
conch,sicap,0,ungrouped,accuracy,0.1,0.8181365221723966,0.849602964555158,0.046180561995402984,0.8643170841677995,0.056081689909515973,0.03839423279209956
conch,sicap,1,grouped,log-loss,0.001,0.8369512783405693,0.8940738790970171,0.041067907112433105,0.8026835886522352,0.05225323067181259,0.038133661844071104
conch,sicap,1,grouped,accuracy,0.001,0.8369512783405693,0.8940738790970171,0.041067907112433105,0.8026835886522352,0.05225323067181259,0.038133661844071104
conch,sicap,1,ungrouped,log-loss,0.1,0.8456343463579353,0.9026237129662669,0.03559893149213167,0.8718461480660196,0.04645635516184671,0.03383948760263127
conch,sicap,1,ungrouped,accuracy,0.1,0.8456343463579353,0.9026237129662669,0.03559893149213167,0.8718461480660196,0.04645635516184671,0.03383948760263127
conch,sicap,2,grouped,log-loss,0.001,0.8280597014925373,0.7880983750548968,0.033464781572501025,0.7994131387680554,0.060894172965277174,0.04513260397796291
conch,sicap,2,grouped,accuracy,0.001,0.8280597014925373,0.7880983750548968,0.033464781572501025,0.7994131387680554,0.060894172965277174,0.04513260397796291
conch,sicap,2,ungrouped,log-loss,0.1,0.8608955223880597,0.8349042345996042,0.025483026804506693,0.8724956974878718,0.036284876366394374,0.026085645924637323
conch,sicap,2,ungrouped,accuracy,0.1,0.8608955223880597,0.8349042345996042,0.025483026804506693,0.8724956974878718,0.036284876366394374,0.026085645924637323
conch,sicap,3,grouped,log-loss,0.01,0.8374899436846339,0.8889525837359757,0.02972937631645406,0.8636987495023817,0.04187966841343698,0.02786244258594312
conch,sicap,3,grouped,accuracy,0.01,0.8374899436846339,0.8889525837359757,0.02972937631645406,0.8636987495023817,0.04187966841343698,0.02786244258594312
conch,sicap,3,ungrouped,log-loss,0.1,0.8539823008849557,0.90418150740525,0.04266889043017215,0.8931315756636735,0.040407573736204634,0.02915718523527078
conch,sicap,3,ungrouped,accuracy,0.1,0.8539823008849557,0.90418150740525,0.04266889043017215,0.8931315756636735,0.040407573736204634,0.02915718523527078
conch,sicap,4,grouped,log-loss,0.001,0.7497492477432297,0.7152149032762987,0.04001942564799679,0.7879060586871054,0.1195483555098995,0.08517499229710493
conch,sicap,4,grouped,accuracy,0.001,0.7497492477432297,0.7152149032762987,0.04001942564799679,0.7879060586871054,0.1195483555098995,0.08517499229710493
conch,sicap,4,ungrouped,log-loss,0.1,0.7632898696088265,0.7363657841281519,0.08943102774739833,0.8495499580908851,0.11549366068028387,0.08490207041163325
conch,sicap,4,ungrouped,accuracy,1.0,0.734704112337011,0.6770503654533111,0.14516291639340906,0.87986702873042,0.14543605414249627,0.10657369798535218
conch,panda,0,grouped,log-loss,0.001,0.3494094488188976,0.43765076769708366,0.027928924833732778,0.3773383736526304,0.5377958695360588,0.2545491145297258
conch,panda,0,grouped,accuracy,0.01,0.35236220472440943,0.43903487973486677,0.06772581221737049,0.4195813658759956,0.5366394488318498,0.256485397766418
conch,panda,0,ungrouped,log-loss,0.1,0.3551181102362205,0.44943364137101716,0.10749445304536907,0.4626125632815895,0.5360942134326622,0.25880435726987827
conch,panda,0,ungrouped,accuracy,1.0,0.3505905511811024,0.44551565846939933,0.140612358434788,0.49120290961589036,0.5395585353602347,0.2575518445207482
conch,panda,1,grouped,log-loss,0.0001,0.31033189574348397,0.39668048013134205,0.025161938192310683,0.32869678640043554,0.5789756244682392,0.2523662298812563
conch,panda,1,grouped,accuracy,0.01,0.3326457903618976,0.4401413907315842,0.08866703020901605,0.4210036242451896,0.5554808731744856,0.25419968947807026
conch,panda,1,ungrouped,log-loss,1.0,0.33902118882430154,0.43447601487138554,0.15329568546919317,0.4920907067839393,0.5571579471097342,0.2628339077534191
conch,panda,1,ungrouped,accuracy,1.0,0.33902118882430154,0.43447601487138554,0.15329568546919317,0.4920907067839393,0.5571579471097342,0.2628339077534191
conch,panda,2,grouped,log-loss,0.001,0.3588309579650009,0.44151958124132384,0.027364428531529403,0.38409528468083465,0.5084052428295338,0.23494560915406326
conch,panda,2,grouped,accuracy,0.001,0.3588309579650009,0.44151958124132384,0.027364428531529403,0.38409528468083465,0.5084052428295338,0.23494560915406326
conch,panda,2,ungrouped,log-loss,0.1,0.3687533826447772,0.45527243683732177,0.10390526016403806,0.4726586428088153,0.49797923504603964,0.2345540870802949
conch,panda,2,ungrouped,accuracy,1.0,0.37218112935233627,0.4574331973971426,0.13125666535217956,0.5034377947045159,0.49866070601813345,0.23863959834189769
conch,panda,3,grouped,log-loss,0.0001,0.37994248741912295,0.47741552906309226,0.052123413543420725,0.3289081515117363,0.48501279199042835,0.2325833549439083
conch,panda,3,grouped,accuracy,0.1,0.3808411214953271,0.47662770815955957,0.09068350334834216,0.46986822337923284,0.4897835020206504,0.23822272382363824
conch,panda,3,ungrouped,log-loss,1.0,0.37778576563623295,0.4708145130497863,0.12192283009964441,0.49970859573587734,0.49996176155627686,0.24543886188807856
conch,panda,3,ungrouped,accuracy,1.0,0.37778576563623295,0.4708145130497863,0.12192283009964441,0.49970859573587734,0.49996176155627686,0.24543886188807856
conch,panda,4,grouped,log-loss,0.0001,0.32751423149905123,0.43187184221175057,0.025135599484916022,0.33218026222301716,0.5338825916203511,0.22691219827152376
conch,panda,4,grouped,accuracy,0.01,0.34876660341555976,0.44793561576260144,0.07949749392391042,0.4275314773497719,0.5175398913678179,0.23361883283063045
conch,panda,4,ungrouped,log-loss,1.0,0.3426944971537002,0.42733171571972695,0.16171107537663668,0.5044055725303369,0.5268773585082485,0.23650648887309128
conch,panda,4,ungrouped,accuracy,1.0,0.3426944971537002,0.42733171571972695,0.16171107537663668,0.5044055725303369,0.5268773585082485,0.23650648887309128
hibou_b,breakhis,0,grouped,log-loss,0.001,0.8412979351032448,0.6661883513128659,0.017185200670584204,0.8298619709746418,0.05161731187895416,0.03825264952532997
hibou_b,breakhis,0,grouped,accuracy,0.01,0.8501474926253687,0.6875235883292206,0.04609760383281718,0.8947673659555272,0.0469614229979682,0.03508227579864634
hibou_b,breakhis,0,ungrouped,log-loss,1.0,0.8424778761061947,0.6698497576206335,0.11669249181784011,0.9591703679240348,0.051348492230622864,0.03818725571712414
hibou_b,breakhis,0,ungrouped,accuracy,1.0,0.8424778761061947,0.6698497576206335,0.11669249181784011,0.9591703679240348,0.051348492230622864,0.03818725571712414
hibou_b,breakhis,1,grouped,log-loss,0.0001,0.9394673123486683,0.8497727798138589,0.12767295942679197,0.8138122075626878,0.005402262742132641,0.0035076097528947445
hibou_b,breakhis,1,grouped,accuracy,0.01,0.9709443099273608,0.9298919552731926,0.016861685295168474,0.9558852320451746,0.001943458857457862,0.0015054712902670732
hibou_b,breakhis,1,ungrouped,log-loss,0.1,0.9628732849071832,0.9116067855913198,0.012455681219856135,0.9752844026672434,0.0023330851536742733,0.0016202190952939236
hibou_b,breakhis,1,ungrouped,accuracy,0.1,0.9628732849071832,0.9116067855913198,0.012455681219856135,0.9752844026672434,0.0023330851536742733,0.0016202190952939236
hibou_b,breakhis,2,grouped,log-loss,0.001,0.9433060109289617,0.8709389617507233,0.07492005849857761,0.8711701715130445,0.005875663383940655,0.004217938608855295
hibou_b,breakhis,2,grouped,accuracy,0.01,0.9549180327868853,0.897196261682243,0.030189728540121568,0.9272056559835902,0.004037357998920611,0.0029901483984221718
hibou_b,breakhis,2,ungrouped,log-loss,0.1,0.9556010928961749,0.8982276466587097,0.01167189169054038,0.9552354528512815,0.004915469531645489,0.0038997583271503516
hibou_b,breakhis,2,ungrouped,accuracy,0.1,0.9556010928961749,0.8982276466587097,0.01167189169054038,0.9552354528512815,0.004915469531645489,0.0038997583271503516
hibou_b,breakhis,3,grouped,log-loss,0.001,0.770391061452514,0.5253410790394946,0.041130427800541006,0.811521489253055,0.09413707852180687,0.0654259344501359
hibou_b,breakhis,3,grouped,accuracy,0.01,0.806145251396648,0.6020800260355605,0.07558118597774059,0.8790385151913312,0.07885244612567105,0.05866087995451828
hibou_b,breakhis,3,ungrouped,log-loss,1.0,0.8050279329608938,0.6002270484596157,0.14599309438800612,0.9510210273489,0.08009121904034112,0.05965779373548237
hibou_b,breakhis,3,ungrouped,accuracy,1.0,0.8050279329608938,0.6002270484596157,0.14599309438800612,0.9510210273489,0.08009121904034112,0.05965779373548237
hibou_b,breakhis,4,grouped,log-loss,0.001,0.743421052631579,0.4073192375498421,0.10608282913231458,0.8488932514473202,0.12153081925247147,0.085305877621346
hibou_b,breakhis,4,grouped,accuracy,0.01,0.770242914979757,0.4753047500178388,0.1256824802942603,0.8959253952740175,0.09508780299836729,0.06634399684124284
hibou_b,breakhis,4,ungrouped,log-loss,1.0,0.7854251012145749,0.5181169714824063,0.1696243274694506,0.9550494286840256,0.08627622219660072,0.061350902713590144
hibou_b,breakhis,4,ungrouped,accuracy,1.0,0.7854251012145749,0.5181169714824063,0.1696243274694506,0.9550494286840256,0.08627622219660072,0.061350902713590144
hibou_b,pcam,0,grouped,log-loss,0.001,0.9467084639498433,0.8924918058786213,0.03082444945405035,0.9166827371183364,0.011498103241667787,0.01003827135345586
hibou_b,pcam,0,grouped,accuracy,0.01,0.945141065830721,0.8893384535245733,0.007120870317316254,0.9470391173829042,0.012362197661789929,0.010814821036808475
hibou_b,pcam,0,ungrouped,log-loss,0.01,0.945141065830721,0.8893384535245733,0.00712099636165848,0.9470387148929944,0.012361860369317555,0.010814483744336103
hibou_b,pcam,0,ungrouped,accuracy,0.01,0.945141065830721,0.8893384535245733,0.00712099636165848,0.9470387148929944,0.012361860369317555,0.010814483744336103
hibou_b,pcam,1,grouped,log-loss,0.01,0.9344262295081968,0.8655585026010371,0.022902898534659502,0.9524767422930918,0.019125781056850227,0.01690803134644115
hibou_b,pcam,1,grouped,accuracy,0.01,0.9344262295081968,0.8655585026010371,0.022902898534659502,0.9524767422930918,0.019125781056850227,0.01690803134644115
hibou_b,pcam,1,ungrouped,log-loss,0.01,0.9344262295081968,0.8655585026010371,0.02290265486000219,0.9524767237043732,0.019126751116092727,0.016909001405683646
hibou_b,pcam,1,ungrouped,accuracy,0.01,0.9344262295081968,0.8655585026010371,0.02290265486000219,0.9524767237043732,0.019126751116092727,0.016909001405683646
hibou_b,pcam,2,grouped,log-loss,0.001,0.9255813953488372,0.8478683884663011,0.024301803458896095,0.912452771435041,0.03137583546135417,0.028513776168633195
hibou_b,pcam,2,grouped,accuracy,0.01,0.9197674418604651,0.83578339126392,0.027081650504099247,0.9406219979568012,0.031103662454805357,0.027772003510440405
hibou_b,pcam,2,ungrouped,log-loss,0.01,0.9197674418604651,0.83578339126392,0.02708191890495083,0.9406218856929252,0.03110468818267302,0.02777302923830807
hibou_b,pcam,2,ungrouped,accuracy,0.01,0.9197674418604651,0.83578339126392,0.02708191890495083,0.9406218856929252,0.03110468818267302,0.02777302923830807
hibou_b,pcam,3,grouped,log-loss,0.001,0.9424294761082326,0.8807670447525144,0.03195425130136016,0.9146142238953897,0.008071916180321083,0.006365415092732248
hibou_b,pcam,3,grouped,accuracy,0.01,0.9424294761082326,0.880863543832888,0.011965259438869615,0.9440689049611803,0.008673439045485513,0.006966937957896678
hibou_b,pcam,3,ungrouped,log-loss,0.01,0.9424294761082326,0.880863543832888,0.01196517195106751,0.9440688246411895,0.008673439045485513,0.006966937957896678
hibou_b,pcam,3,ungrouped,accuracy,0.01,0.9424294761082326,0.880863543832888,0.01196517195106751,0.9440688246411895,0.008673439045485513,0.006966937957896678
hibou_b,pcam,4,grouped,log-loss,0.001,0.946312092323131,0.8920449799505814,0.030697919680037038,0.9169797591618708,0.013652481296906206,0.012171311704231774
hibou_b,pcam,4,grouped,accuracy,0.001,0.946312092323131,0.8920449799505814,0.030697919680037038,0.9169797591618708,0.013652481296906206,0.012171311704231774
hibou_b,pcam,4,ungrouped,log-loss,0.01,0.9483191169091821,0.8961337881044071,0.012399184887547616,0.9498911701811086,0.014509236425798938,0.013137196776425069
hibou_b,pcam,4,ungrouped,accuracy,0.01,0.9483191169091821,0.8961337881044071,0.012399184887547616,0.9498911701811086,0.014509236425798938,0.013137196776425069
hibou_b,sicap,0,grouped,log-loss,0.001,0.817140009965122,0.8293621586639772,0.019082425856486243,0.8102909953918742,0.05969585200932545,0.04180751358048343
hibou_b,sicap,0,grouped,accuracy,0.001,0.817140009965122,0.8293621586639772,0.019082425856486243,0.8102909953918742,0.05969585200932545,0.04180751358048343
hibou_b,sicap,0,ungrouped,log-loss,0.1,0.7992027902341804,0.8248877154992168,0.09932126570679559,0.8985240559409758,0.06758719868212572,0.045873735302892085
hibou_b,sicap,0,ungrouped,accuracy,0.1,0.7992027902341804,0.8248877154992168,0.09932126570679559,0.8985240559409758,0.06758719868212572,0.045873735302892085
hibou_b,sicap,1,grouped,log-loss,0.001,0.8364688856729378,0.8984688747772737,0.04007574152335756,0.8026142948966437,0.05343027381982368,0.03922458882752927
hibou_b,sicap,1,grouped,accuracy,0.001,0.8364688856729378,0.8984688747772737,0.04007574152335756,0.8026142948966437,0.05343027381982368,0.03922458882752927
hibou_b,sicap,1,ungrouped,log-loss,0.1,0.7882296189097926,0.8422058722621802,0.09945637489342295,0.8860411018370091,0.08980604739627732,0.06555631840764498
hibou_b,sicap,1,ungrouped,accuracy,0.1,0.7882296189097926,0.8422058722621802,0.09945637489342295,0.8860411018370091,0.08980604739627732,0.06555631840764498
hibou_b,sicap,2,grouped,log-loss,0.001,0.808955223880597,0.7334300791390755,0.014958303734831039,0.8166974441509112,0.06331054388293259,0.043716733254272964
hibou_b,sicap,2,grouped,accuracy,0.001,0.808955223880597,0.7334300791390755,0.014958303734831039,0.8166974441509112,0.06331054388293259,0.043716733254272964
hibou_b,sicap,2,ungrouped,log-loss,0.1,0.8011940298507463,0.75071587460005,0.10215508735697043,0.9033491172077167,0.06919341069843536,0.047914469396498474
hibou_b,sicap,2,ungrouped,accuracy,0.1,0.8011940298507463,0.75071587460005,0.10215508735697043,0.9033491172077167,0.06919341069843536,0.047914469396498474
hibou_b,sicap,3,grouped,log-loss,0.001,0.827031375703942,0.8820318494870167,0.013666802340266402,0.8277913815351683,0.05149030130799432,0.035550610091430485
hibou_b,sicap,3,grouped,accuracy,0.001,0.827031375703942,0.8820318494870167,0.013666802340266402,0.8277913815351683,0.05149030130799432,0.035550610091430485
hibou_b,sicap,3,ungrouped,log-loss,0.1,0.833467417538214,0.8758694105278655,0.0858166188947289,0.9157034011533393,0.05198689033730121,0.037245800843010254
hibou_b,sicap,3,ungrouped,accuracy,0.1,0.833467417538214,0.8758694105278655,0.0858166188947289,0.9157034011533393,0.05198689033730121,0.037245800843010254
hibou_b,sicap,4,grouped,log-loss,0.001,0.7457372116349047,0.6575494141719214,0.03504573474716816,0.7752499061290018,0.1064887037760187,0.07094804857081423
hibou_b,sicap,4,grouped,accuracy,0.001,0.7457372116349047,0.6575494141719214,0.03504573474716816,0.7752499061290018,0.1064887037760187,0.07094804857081423
hibou_b,sicap,4,ungrouped,log-loss,0.1,0.7191574724172518,0.6791662025332122,0.16273350161510408,0.8794841394385426,0.13512793350486682,0.09130318701493356
hibou_b,sicap,4,ungrouped,accuracy,0.1,0.7191574724172518,0.6791662025332122,0.16273350161510408,0.8794841394385426,0.13512793350486682,0.09130318701493356
hibou_b,panda,0,grouped,log-loss,0.0001,0.36161417322834644,0.46799295415752074,0.018810976699698348,0.3630475735450088,0.5313676879118299,0.2607448201972604
hibou_b,panda,0,grouped,accuracy,0.001,0.3690944881889764,0.4822828572522371,0.07660031786550964,0.445694806054486,0.514838980276899,0.2517488158475425
hibou_b,panda,0,ungrouped,log-loss,0.01,0.37283464566929136,0.48482370056598834,0.14668139493768367,0.5195160406069751,0.5189338818924534,0.2595530237378806
hibou_b,panda,0,ungrouped,accuracy,0.1,0.3631889763779528,0.47156067465029183,0.21022501566980462,0.5725413356854774,0.5335083239050196,0.26448404129834774
hibou_b,panda,1,grouped,log-loss,0.0001,0.32908306769173074,0.44657412164966515,0.03612818468635598,0.35615994396048334,0.539443982572449,0.2342219105631853
hibou_b,panda,1,grouped,accuracy,0.0001,0.32908306769173074,0.44657412164966515,0.03612818468635598,0.35615994396048334,0.539443982572449,0.2342219105631853
hibou_b,panda,1,ungrouped,log-loss,0.01,0.3339583723982749,0.4473256698267405,0.18169619115354926,0.5156545635518243,0.5640547303513316,0.2642158123499721
hibou_b,panda,1,ungrouped,accuracy,0.1,0.33302081380086257,0.4376087950547851,0.23506757779888826,0.5680883915997508,0.576147575101005,0.27527899492533614
hibou_b,panda,2,grouped,log-loss,0.0001,0.3768717301100487,0.4258656671107428,0.016701778941857107,0.3623088221320975,0.4841220155487268,0.22870796726025028
hibou_b,panda,2,grouped,accuracy,0.0001,0.3768717301100487,0.4258656671107428,0.016701778941857107,0.3623088221320975,0.4841220155487268,0.22870796726025028
hibou_b,panda,2,ungrouped,log-loss,0.01,0.3790366227674544,0.456602901370583,0.15775015810456763,0.536786780872022,0.49817812616944135,0.2448706783491763
hibou_b,panda,2,ungrouped,accuracy,0.1,0.37488724517409344,0.4458073645372983,0.21851243838221052,0.5909607093115072,0.5142081839529897,0.2568521622816558
hibou_b,panda,3,grouped,log-loss,0.0001,0.3914450035945363,0.44810455834283835,0.03107082678131975,0.3604092586812152,0.45610904009376285,0.21463964369212127
hibou_b,panda,3,grouped,accuracy,0.001,0.37688713156002873,0.4499746795702301,0.07111196639640452,0.4475567111162324,0.4792169674074203,0.22381816179830932
hibou_b,panda,3,ungrouped,log-loss,0.01,0.3643062544931704,0.43384965243284357,0.15726173221083475,0.5215679867040051,0.5048470450059585,0.2369582119619681
hibou_b,panda,3,ungrouped,accuracy,0.01,0.3643062544931704,0.43384965243284357,0.15726173221083475,0.5215679867040051,0.5048470450059585,0.2369582119619681
hibou_b,panda,4,grouped,log-loss,0.0001,0.35332068311195447,0.4369171585251328,0.02688180896312577,0.36435502879591547,0.5091550146445958,0.2300018342946395
hibou_b,panda,4,grouped,accuracy,0.001,0.3552182163187856,0.45469358893791056,0.09708937115804851,0.45181521152709886,0.509305793462456,0.2321218608223905
hibou_b,panda,4,ungrouped,log-loss,0.01,0.3510436432637571,0.4469777907179916,0.1760643326786024,0.5268783617227052,0.5157947152916775,0.23426498089363584
hibou_b,panda,4,ungrouped,accuracy,0.1,0.34876660341555976,0.44490743358009843,0.2253325095703967,0.5740991129859564,0.5289745952310763,0.24505353669388885
phikon,breakhis,0,grouped,log-loss,0.001,0.8407079646017699,0.6673982717646461,0.024139788627246986,0.8603304332935607,0.0464911520547244,0.033024156339918856
phikon,breakhis,0,grouped,accuracy,0.001,0.8407079646017699,0.6673982717646461,0.024139788627246986,0.8603304332935607,0.0464911520547244,0.033024156339918856
phikon,breakhis,0,ungrouped,log-loss,0.1,0.8454277286135693,0.6769667212220404,0.09722799009087743,0.9407204425647919,0.046754381264594164,0.03409448437318411
phikon,breakhis,0,ungrouped,accuracy,1.0,0.840117994100295,0.6657960122085642,0.12153124676461016,0.9608414504510135,0.049849695648175214,0.03627995255780132
phikon,breakhis,1,grouped,log-loss,0.0001,0.9564164648910412,0.8969183031408595,0.10684802530856148,0.8523407724937756,0.004050784964234544,0.0030693325669386064
phikon,breakhis,1,grouped,accuracy,0.0001,0.9564164648910412,0.8969183031408595,0.10684802530856148,0.8523407724937756,0.004050784964234544,0.0030693325669386064
phikon,breakhis,1,ungrouped,log-loss,0.1,0.9677158999192897,0.9230085691027609,0.012153303804206246,0.9757699305827423,0.004720986327085339,0.004181129636620453
phikon,breakhis,1,ungrouped,accuracy,0.1,0.9677158999192897,0.9230085691027609,0.012153303804206246,0.9757699305827423,0.004720986327085339,0.004181129636620453
phikon,breakhis,2,grouped,log-loss,0.0001,0.9542349726775956,0.8953379684759087,0.12635604748038018,0.8278789251972153,0.00543436035372219,0.0043551637591451335
phikon,breakhis,2,grouped,accuracy,0.0001,0.9542349726775956,0.8953379684759087,0.12635604748038018,0.8278789251972153,0.00543436035372219,0.0043551637591451335
phikon,breakhis,2,ungrouped,log-loss,0.1,0.9200819672131147,0.8223499981331441,0.039483414278171036,0.955230247994836,0.01391695930831883,0.010607582513404669
phikon,breakhis,2,ungrouped,accuracy,1.0,0.9159836065573771,0.8142798797014814,0.061640420822914425,0.9717778844709772,0.01669576342849996,0.013034483154531347
phikon,breakhis,3,grouped,log-loss,0.001,0.8016759776536313,0.589741636333351,0.05308656546403106,0.8439433378784169,0.09438546361017512,0.07321714774917525
phikon,breakhis,3,grouped,accuracy,0.0001,0.7893854748603352,0.5602149038029163,0.047293983895958736,0.7771039204790197,0.11176985969019368,0.08778658834055611
phikon,breakhis,3,ungrouped,log-loss,0.1,0.8212290502793296,0.6330825295269916,0.11589048735160949,0.9371195376309389,0.07476298007275364,0.05768580968358225
phikon,breakhis,3,ungrouped,accuracy,1.0,0.823463687150838,0.6383861501972241,0.138157602274048,0.9607113420907709,0.07161330188466933,0.05497383690859932
phikon,breakhis,4,grouped,log-loss,0.001,0.7894736842105263,0.5274797918192364,0.08662760615032372,0.871286798490341,0.09834858082276524,0.07439172391327065
phikon,breakhis,4,grouped,accuracy,0.001,0.7894736842105263,0.5274797918192364,0.08662760615032372,0.871286798490341,0.09834858082276524,0.07439172391327065
phikon,breakhis,4,ungrouped,log-loss,1.0,0.7682186234817814,0.47947540787486354,0.1952976213379914,0.9635162448197728,0.12278694011823726,0.09351151952377702
phikon,breakhis,4,ungrouped,accuracy,0.1,0.7763157894736842,0.499951334410465,0.16909453031303562,0.9451876291388761,0.1155224812176594,0.08834165354935823
phikon,pcam,0,grouped,log-loss,0.001,0.93521421107628,0.8692833208125786,0.031236059959008973,0.9113720033206307,0.010855093693340872,0.008692725841267141
phikon,pcam,0,grouped,accuracy,0.001,0.93521421107628,0.8692833208125786,0.031236059959008973,0.9113720033206307,0.010855093693340872,0.008692725841267141
phikon,pcam,0,ungrouped,log-loss,0.01,0.9320794148380356,0.8628510576376119,0.01469180650221556,0.9439022168479362,0.012645368641213874,0.010266954673924777
phikon,pcam,0,ungrouped,accuracy,0.01,0.9320794148380356,0.8628510576376119,0.01469180650221556,0.9439022168479362,0.012645368641213874,0.010266954673924777
phikon,pcam,1,grouped,log-loss,0.001,0.9180327868852459,0.8313393400001975,0.02205156968228962,0.9113948129176727,0.018490556457502427,0.015011512370799677
phikon,pcam,1,grouped,accuracy,0.001,0.9180327868852459,0.8313393400001975,0.02205156968228962,0.9113948129176727,0.018490556457502427,0.015011512370799677
phikon,pcam,1,ungrouped,log-loss,0.01,0.9203747072599532,0.8361087396724828,0.023769670509690352,0.943495714599273,0.01853821430367936,0.015257157158764635
phikon,pcam,1,ungrouped,accuracy,0.1,0.9180327868852459,0.8311864531223305,0.042936403834265294,0.9593765849631254,0.020959204086173286,0.017480159999470536
phikon,pcam,2,grouped,log-loss,0.001,0.9174418604651163,0.8306936403362836,0.0184922727081907,0.9096420714883359,0.029013262444525845,0.02548348641420177
phikon,pcam,2,grouped,accuracy,0.001,0.9174418604651163,0.8306936403362836,0.0184922727081907,0.9096420714883359,0.029013262444525845,0.02548348641420177
phikon,pcam,2,ungrouped,log-loss,0.01,0.911046511627907,0.8174670114419523,0.029098829969083275,0.9362774032075492,0.0287803368862369,0.024675297591238765
phikon,pcam,2,ungrouped,accuracy,0.01,0.911046511627907,0.8174670114419523,0.029098829969083275,0.9362774032075492,0.0287803368862369,0.024675297591238765
phikon,pcam,3,grouped,log-loss,0.001,0.9447322970639033,0.8858599451586716,0.0308376933753316,0.9169964132646191,0.007196886839309796,0.005624781214349907
phikon,pcam,3,grouped,accuracy,0.001,0.9447322970639033,0.8858599451586716,0.0308376933753316,0.9169964132646191,0.007196886839309796,0.005624781214349907
phikon,pcam,3,ungrouped,log-loss,0.01,0.943580886586068,0.8834349526689456,0.009938755317394066,0.9446806305531638,0.008141519516452003,0.006502918668226541
phikon,pcam,3,ungrouped,accuracy,0.1,0.9458837075417387,0.8881475199381818,0.020028690138922146,0.9575053295406087,0.009850750069764925,0.008343736364363573
phikon,pcam,4,grouped,log-loss,0.001,0.9387857501254391,0.8769677140564233,0.03534158782460539,0.9113809521585158,0.013238153470959704,0.011309761509284649
phikon,pcam,4,grouped,accuracy,0.001,0.9387857501254391,0.8769677140564233,0.03534158782460539,0.9113809521585158,0.013238153470959704,0.011309761509284649
phikon,pcam,4,ungrouped,log-loss,0.01,0.9367787255393879,0.8729208795613124,0.007830622045322946,0.9387903321420578,0.013454291547099026,0.01139646950646047
phikon,pcam,4,ungrouped,accuracy,0.1,0.9277471149021576,0.8546924507839232,0.028885796612515384,0.9566329115146728,0.016582507400789245,0.013888903825084165
phikon,sicap,0,grouped,log-loss,0.001,0.7354260089686099,0.7535510953870854,0.049301214268865814,0.7758414563890682,0.11492876887655998,0.07628922036341797
phikon,sicap,0,grouped,accuracy,0.001,0.7354260089686099,0.7535510953870854,0.049301214268865814,0.7758414563890682,0.11492876887655998,0.07628922036341797
phikon,sicap,0,ungrouped,log-loss,0.1,0.7199800697558545,0.7764671658315525,0.16104847298071978,0.8788418000466743,0.14109159486938058,0.0975382286668062
phikon,sicap,0,ungrouped,accuracy,0.1,0.7199800697558545,0.7764671658315525,0.16104847298071978,0.8788418000466743,0.14109159486938058,0.0975382286668062
phikon,sicap,1,grouped,log-loss,0.001,0.7756874095513748,0.8348721811877504,0.017640205752498396,0.7719791763919276,0.09748418640093777,0.07014649704415551
phikon,sicap,1,grouped,accuracy,0.001,0.7756874095513748,0.8348721811877504,0.017640205752498396,0.7719791763919276,0.09748418640093777,0.07014649704415551
phikon,sicap,1,ungrouped,log-loss,0.1,0.7317896767969126,0.7763389352213232,0.1409228751249703,0.8723475106409363,0.12826405716778544,0.0884992603743628
phikon,sicap,1,ungrouped,accuracy,0.1,0.7317896767969126,0.7763389352213232,0.1409228751249703,0.8723475106409363,0.12826405716778544,0.0884992603743628
phikon,sicap,2,grouped,log-loss,0.001,0.7737313432835821,0.6839878448646539,0.03246150196200699,0.7654808132958372,0.09001975506703261,0.06216931134141902
phikon,sicap,2,grouped,accuracy,0.001,0.7737313432835821,0.6839878448646539,0.03246150196200699,0.7654808132958372,0.09001975506703261,0.06216931134141902
phikon,sicap,2,ungrouped,log-loss,0.1,0.7205970149253731,0.6699528871836808,0.15690964989101827,0.8753103277637714,0.12680752308375967,0.08344294162385309
phikon,sicap,2,ungrouped,accuracy,0.1,0.7205970149253731,0.6699528871836808,0.15690964989101827,0.8753103277637714,0.12680752308375967,0.08344294162385309
phikon,sicap,3,grouped,log-loss,0.001,0.7763475462590507,0.8186446235352995,0.022172904550693234,0.7875231186070373,0.0819790681874303,0.054817894397593395
phikon,sicap,3,grouped,accuracy,0.001,0.7763475462590507,0.8186446235352995,0.022172904550693234,0.7875231186070373,0.0819790681874303,0.054817894397593395
phikon,sicap,3,ungrouped,log-loss,0.1,0.7687047465808527,0.8240910057003024,0.1364240899842774,0.9016436316931389,0.09718892870179233,0.06805366108173906
phikon,sicap,3,ungrouped,accuracy,0.1,0.7687047465808527,0.8240910057003024,0.1364240899842774,0.9016436316931389,0.09718892870179233,0.06805366108173906
phikon,sicap,4,grouped,log-loss,0.001,0.6815446339017052,0.5830793753404844,0.05729436828015619,0.7345555530193559,0.16545750077319618,0.10822210512680859
phikon,sicap,4,grouped,accuracy,0.001,0.6815446339017052,0.5830793753404844,0.05729436828015619,0.7345555530193559,0.16545750077319618,0.10822210512680859
phikon,sicap,4,ungrouped,log-loss,0.1,0.6549648946840522,0.6299774231959991,0.2057014533192063,0.8590196050967935,0.19764327509301416,0.1296855487230168
phikon,sicap,4,ungrouped,accuracy,0.1,0.6549648946840522,0.6299774231959991,0.2057014533192063,0.8590196050967935,0.19764327509301416,0.1296855487230168
phikon,panda,0,grouped,log-loss,0.0001,0.34153543307086615,0.4595407676045401,0.020083807166087448,0.3552878805772422,0.5548499790893505,0.26323344104939556
phikon,panda,0,grouped,accuracy,0.001,0.35846456692913387,0.4798472619727977,0.08942096060873485,0.44764641970079816,0.5278676746636439,0.2540270322156398
phikon,panda,0,ungrouped,log-loss,0.01,0.36141732283464567,0.4652096496296063,0.1647515030084517,0.5261688258430974,0.5276293678987799,0.25680619544308314
phikon,panda,0,ungrouped,accuracy,0.01,0.36141732283464567,0.4652096496296063,0.1647515030084517,0.5261688258430974,0.5276293678987799,0.25680619544308314
phikon,panda,1,grouped,log-loss,0.0001,0.33358334895930997,0.4305744463363713,0.031444801405767386,0.34948978634278066,0.5342760871622478,0.23402562055914616
phikon,panda,1,grouped,accuracy,0.001,0.33583348959309955,0.4347955557412232,0.10475778964423159,0.43921668640303546,0.5294193570333299,0.2316318744008441
phikon,panda,1,ungrouped,log-loss,0.01,0.33527095443465216,0.4201103335528591,0.18477989631746197,0.5198173806100497,0.5442442971451306,0.2458424858846282
phikon,panda,1,ungrouped,accuracy,0.1,0.3320832552034502,0.4060618931070733,0.2442732076602151,0.5763564628636654,0.558049825297037,0.2561489434206331
phikon,panda,2,grouped,log-loss,0.0001,0.3665884899873715,0.43356762531656157,0.017043043987179974,0.36206304988690746,0.497855700633264,0.23226423429556942
phikon,panda,2,grouped,accuracy,0.0001,0.3665884899873715,0.43356762531656157,0.017043043987179974,0.36206304988690746,0.497855700633264,0.23226423429556942
phikon,panda,2,ungrouped,log-loss,0.01,0.3797582536532564,0.4375761647645473,0.15294904321285663,0.5312879460638431,0.4917997204744951,0.23919172154960344
phikon,panda,2,ungrouped,accuracy,0.1,0.3638823741656143,0.4187921110190448,0.2197865444568131,0.583522196733383,0.5131930942411657,0.24487574233029946
phikon,panda,3,grouped,log-loss,0.0001,0.3930625449317038,0.46183114063773156,0.038028578087535084,0.35503396684416866,0.4663270493722312,0.22637156946121423
phikon,panda,3,grouped,accuracy,0.001,0.39378145219266714,0.4721587174011722,0.05275431144844769,0.44613184708188436,0.4633525267550248,0.22406776031487344
phikon,panda,3,ungrouped,log-loss,0.01,0.3855140186915888,0.4558882097247081,0.13745209022708102,0.5229661089186698,0.47533591839522643,0.22825809723988114
phikon,panda,3,ungrouped,accuracy,0.01,0.3855140186915888,0.4558882097247081,0.13745209022708102,0.5229661089186698,0.47533591839522643,0.22825809723988114
phikon,panda,4,grouped,log-loss,0.0001,0.34743833017077796,0.436859882161692,0.022279120980070267,0.3551452481058545,0.5305073924833713,0.24518453565906256
phikon,panda,4,grouped,accuracy,0.001,0.35426944971537,0.4432660859859482,0.09205821492504053,0.44560831072407825,0.5176405962356742,0.2394733101848146
phikon,panda,4,ungrouped,log-loss,0.01,0.350853889943074,0.43301020548194036,0.17536354547852043,0.5249593084594394,0.5313217495667185,0.24959330361426657
phikon,panda,4,ungrouped,accuracy,0.01,0.350853889943074,0.43301020548194036,0.17536354547852043,0.5249593084594394,0.5313217495667185,0.24959330361426657
phikon_v2,breakhis,0,grouped,log-loss,0.001,0.8430678466076696,0.6693943993488638,0.03119432501980165,0.8742621716274714,0.046056486102783095,0.03299634264767394
phikon_v2,breakhis,0,grouped,accuracy,0.001,0.8430678466076696,0.6693943993488638,0.03119432501980165,0.8742621716274714,0.046056486102783095,0.03299634264767394
phikon_v2,breakhis,0,ungrouped,log-loss,0.1,0.8424778761061947,0.6658347577926849,0.10632233741615577,0.9479205031658849,0.059099125718252106,0.04593788920475338
phikon_v2,breakhis,0,ungrouped,accuracy,0.1,0.8424778761061947,0.6658347577926849,0.10632233741615577,0.9479205031658849,0.059099125718252106,0.04593788920475338
phikon_v2,breakhis,1,grouped,log-loss,0.0001,0.9612590799031477,0.907610282923313,0.10257070720383155,0.8586883726993161,0.0044375296181190255,0.0036615875474383065
phikon_v2,breakhis,1,grouped,accuracy,0.0001,0.9612590799031477,0.907610282923313,0.10257070720383155,0.8586883726993161,0.0044375296181190255,0.0036615875474383065
phikon_v2,breakhis,1,ungrouped,log-loss,0.1,0.9556093623890234,0.8947491169243172,0.024296966406738275,0.9768653285903224,0.0060725122117547175,0.005054427590649767
phikon_v2,breakhis,1,ungrouped,accuracy,0.1,0.9556093623890234,0.8947491169243172,0.024296966406738275,0.9768653285903224,0.0060725122117547175,0.005054427590649767
phikon_v2,breakhis,2,grouped,log-loss,0.001,0.9631147540983607,0.9157910882736406,0.052849694618027916,0.9131752436100434,0.0039006071953834034,0.0031992304035448403
phikon_v2,breakhis,2,grouped,accuracy,0.001,0.9631147540983607,0.9157910882736406,0.052849694618027916,0.9131752436100434,0.0039006071953834034,0.0031992304035448403
phikon_v2,breakhis,2,ungrouped,log-loss,0.1,0.9467213114754098,0.880292852290739,0.027555167358108573,0.9658874300056866,0.007604559468274744,0.006141158078251257
phikon_v2,breakhis,2,ungrouped,accuracy,1.0,0.9398907103825137,0.8652508974069333,0.04498010357913422,0.9784478491106454,0.008980446072922688,0.007116032569873239
phikon_v2,breakhis,3,grouped,log-loss,0.001,0.8195530726256983,0.6267226719314714,0.04662589902517713,0.8638039403646824,0.06758081552545873,0.05017137655464392
phikon_v2,breakhis,3,grouped,accuracy,0.001,0.8195530726256983,0.6267226719314714,0.04662589902517713,0.8638039403646824,0.06758081552545873,0.05017137655464392
phikon_v2,breakhis,3,ungrouped,log-loss,0.1,0.7966480446927374,0.5784513021840876,0.1488929862266377,0.945541030919375,0.08565027282266645,0.06335332428754202
phikon_v2,breakhis,3,ungrouped,accuracy,1.0,0.788268156424581,0.5606397571119743,0.17696358309639937,0.9652317395209803,0.09204814311317093,0.06779952223707568
phikon_v2,breakhis,4,grouped,log-loss,0.001,0.8087044534412956,0.5723565710569135,0.05665073225688888,0.8653551856981844,0.0649671526341509,0.045328756853048685
phikon_v2,breakhis,4,grouped,accuracy,0.001,0.8087044534412956,0.5723565710569135,0.05665073225688888,0.8653551856981844,0.0649671526341509,0.045328756853048685
phikon_v2,breakhis,4,ungrouped,log-loss,0.1,0.7889676113360324,0.5299768180490654,0.1493574769543373,0.937236299037734,0.08848817833532631,0.0644114012131686
phikon_v2,breakhis,4,ungrouped,accuracy,1.0,0.7818825910931174,0.5141966632593458,0.17659812519470114,0.9572606606283903,0.09508241063402047,0.06929257092082022
phikon_v2,pcam,0,grouped,log-loss,0.001,0.9383490073145245,0.8757249542742314,0.03929436489408093,0.9039064315978161,0.010787939802027585,0.00883111034915102
phikon_v2,pcam,0,grouped,accuracy,0.01,0.9373040752351097,0.8735988447348262,0.009589797082696925,0.942431420159838,0.010557293134501959,0.008533116234157825
phikon_v2,pcam,0,ungrouped,log-loss,0.01,0.9367816091954023,0.8725355407197856,0.009851910787253887,0.942431174876382,0.010557513772615197,0.008499226385144946
phikon_v2,pcam,0,ungrouped,accuracy,0.1,0.9315569487983281,0.86200128788671,0.03168778930293743,0.9632447381012657,0.013338649273886349,0.010923203559268561
phikon_v2,pcam,1,grouped,log-loss,0.01,0.9110070257611241,0.8162169355991907,0.03079026433266929,0.9374522235403214,0.020426418908325025,0.01631750704322208
phikon_v2,pcam,1,grouped,accuracy,0.01,0.9110070257611241,0.8162169355991907,0.03079026433266929,0.9374522235403214,0.020426418908325025,0.01631750704322208
phikon_v2,pcam,1,ungrouped,log-loss,0.01,0.9110070257611241,0.8162169355991907,0.03079045896592642,0.9374524699797426,0.020425919236937456,0.016317007371834513
phikon_v2,pcam,1,ungrouped,accuracy,0.01,0.9110070257611241,0.8162169355991907,0.03079045896592642,0.9374524699797426,0.020425919236937456,0.016317007371834513
phikon_v2,pcam,2,grouped,log-loss,0.001,0.9052325581395348,0.8054417463331224,0.015041205309737349,0.898121142703443,0.03258736055771232,0.027920405085254413
phikon_v2,pcam,2,grouped,accuracy,0.01,0.897093023255814,0.78842112286086,0.03937100037088724,0.9361308377426791,0.03332787236461216,0.02781144740634251
phikon_v2,pcam,2,ungrouped,log-loss,0.1,0.8912790697674419,0.7762485669445589,0.06907004151633858,0.9589610587490331,0.03786327766331467,0.03169491191727123
phikon_v2,pcam,2,ungrouped,accuracy,0.1,0.8912790697674419,0.7762485669445589,0.06907004151633858,0.9589610587490331,0.03786327766331467,0.03169491191727123
phikon_v2,pcam,3,grouped,log-loss,0.01,0.9424294761082326,0.881247983198333,0.008279558475649748,0.9434884616328936,0.008542698757628793,0.006836197670039958
phikon_v2,pcam,3,grouped,accuracy,0.01,0.9424294761082326,0.881247983198333,0.008279558475649748,0.9434884616328936,0.008542698757628793,0.006836197670039958
phikon_v2,pcam,3,ungrouped,log-loss,0.01,0.9424294761082326,0.881247983198333,0.008279985356573115,0.9434893717851529,0.008541661966153268,0.006835160878564433
phikon_v2,pcam,3,ungrouped,accuracy,0.01,0.9424294761082326,0.881247983198333,0.008279985356573115,0.9434893717851529,0.008541661966153268,0.006835160878564433
phikon_v2,pcam,4,grouped,log-loss,0.001,0.9387857501254391,0.8768670283825789,0.040024706810116474,0.9076936983897306,0.012001032065312696,0.010072640103637641
phikon_v2,pcam,4,grouped,accuracy,0.01,0.943803311590567,0.8870176830971943,0.016207820230497785,0.9441508641153635,0.011779346076664674,0.010155777035139448
phikon_v2,pcam,4,ungrouped,log-loss,0.1,0.9322629202207727,0.8638089949690495,0.03192263168233571,0.9627597054561681,0.015632530629023096,0.01326775495886043
phikon_v2,pcam,4,ungrouped,accuracy,0.1,0.9322629202207727,0.8638089949690495,0.03192263168233571,0.9627597054561681,0.015632530629023096,0.01326775495886043
phikon_v2,sicap,0,grouped,log-loss,0.001,0.7473841554559043,0.7579601457825805,0.03144928243353785,0.7747113821177608,0.10753180524471147,0.07247333945494752
phikon_v2,sicap,0,grouped,accuracy,0.001,0.7473841554559043,0.7579601457825805,0.03144928243353785,0.7747113821177608,0.10753180524471147,0.07247333945494752
phikon_v2,sicap,0,ungrouped,log-loss,0.1,0.7314399601395117,0.7692688817059493,0.15897555679047248,0.8904155169299841,0.11132815074560852,0.07145185345671505
phikon_v2,sicap,0,ungrouped,accuracy,0.1,0.7314399601395117,0.7692688817059493,0.15897555679047248,0.8904155169299841,0.11132815074560852,0.07145185345671505
phikon_v2,sicap,1,grouped,log-loss,0.001,0.7747226242161119,0.8442943696470768,0.017707746215852666,0.7746546097120087,0.09520359558360184,0.06762001239574451
phikon_v2,sicap,1,grouped,accuracy,0.0001,0.7539797395079595,0.8120743906421946,0.06244134601607683,0.6968115897230248,0.10073841827540278,0.0675750039796263
phikon_v2,sicap,1,ungrouped,log-loss,0.1,0.7231066087795466,0.7829966695001463,0.16026309309852438,0.8827259429296036,0.12751348626986536,0.08498348275515291
phikon_v2,sicap,1,ungrouped,accuracy,0.1,0.7231066087795466,0.7829966695001463,0.16026309309852438,0.8827259429296036,0.12751348626986536,0.08498348275515291
phikon_v2,sicap,2,grouped,log-loss,0.001,0.7665671641791045,0.6690701373738699,0.021160427183709595,0.7624768113732795,0.09294749958557348,0.06322381659910024
phikon_v2,sicap,2,grouped,accuracy,0.0001,0.7283582089552239,0.5608282809647998,0.0655664871097211,0.665631827375695,0.13225481086687538,0.09139404975799967
phikon_v2,sicap,2,ungrouped,log-loss,0.1,0.7319402985074627,0.6865606565946079,0.15615304161367854,0.8880933401211413,0.1268098421358809,0.0870767433558716
phikon_v2,sicap,2,ungrouped,accuracy,0.1,0.7319402985074627,0.6865606565946079,0.15615304161367854,0.8880933401211413,0.1268098421358809,0.0870767433558716
phikon_v2,sicap,3,grouped,log-loss,0.001,0.7767497988736927,0.8160871956855829,0.02981702589318014,0.7880072854572658,0.07768494358515249,0.050625578748658126
phikon_v2,sicap,3,grouped,accuracy,0.001,0.7767497988736927,0.8160871956855829,0.02981702589318014,0.7880072854572658,0.07768494358515249,0.050625578748658126
phikon_v2,sicap,3,ungrouped,log-loss,0.1,0.7735317779565567,0.8153859073532247,0.12933192765115778,0.9028637056077145,0.08496245097689348,0.057082772665990336
phikon_v2,sicap,3,ungrouped,accuracy,0.1,0.7735317779565567,0.8153859073532247,0.12933192765115778,0.9028637056077145,0.08496245097689348,0.057082772665990336
phikon_v2,sicap,4,grouped,log-loss,0.001,0.6715145436308927,0.5818984941283866,0.07114274657492145,0.7426572902058142,0.16600426314943179,0.10484671165070339
phikon_v2,sicap,4,grouped,accuracy,0.0001,0.633901705115346,0.5062446435819237,0.03530280855659979,0.6570670538552796,0.2025980100218238,0.1253792383663137
phikon_v2,sicap,4,ungrouped,log-loss,0.01,0.6770310932798396,0.5916597331877089,0.13200144533257427,0.8086836861179402,0.16718720105045032,0.10820523302190788
phikon_v2,sicap,4,ungrouped,accuracy,0.1,0.6629889669007021,0.5822826434065382,0.21070383374679202,0.8735224933708492,0.18739855797279523,0.1227894664067017
phikon_v2,panda,0,grouped,log-loss,0.0001,0.3346456692913386,0.4454658012784293,0.021544136492604532,0.35330480771289974,0.5619366896042652,0.2628478085536022
phikon_v2,panda,0,grouped,accuracy,0.001,0.347244094488189,0.46615318858728416,0.10265218998946068,0.4498962844776496,0.5413539684050994,0.2558233833378386
phikon_v2,panda,0,ungrouped,log-loss,0.01,0.3387795275590551,0.448957410356273,0.20569739359903466,0.5444769211580898,0.5619098952700483,0.2673212572135703
phikon_v2,panda,0,ungrouped,accuracy,0.01,0.3387795275590551,0.448957410356273,0.20569739359903466,0.5444769211580898,0.5619098952700483,0.2673212572135703
phikon_v2,panda,1,grouped,log-loss,0.0001,0.342021376336021,0.4212290025810911,0.025647952176144125,0.3506928162280982,0.5293061511558488,0.2382144376605292
phikon_v2,panda,1,grouped,accuracy,0.001,0.34633414588411776,0.42442308523311856,0.09975264855704702,0.4453376387513099,0.5400802793734125,0.2535889854170385
phikon_v2,panda,1,ungrouped,log-loss,0.01,0.32777048565535344,0.3998669828191356,0.20362776969322352,0.5313982553485771,0.5667875559797357,0.260103876936011
phikon_v2,panda,1,ungrouped,accuracy,0.01,0.32777048565535344,0.3998669828191356,0.20362776969322352,0.5313982553485771,0.5667875559797357,0.260103876936011
phikon_v2,panda,2,grouped,log-loss,0.0001,0.3687533826447772,0.4323900717367215,0.02479247044210641,0.359478614598067,0.500547963961109,0.23712281599536428
phikon_v2,panda,2,grouped,accuracy,0.0001,0.3687533826447772,0.4323900717367215,0.02479247044210641,0.359478614598067,0.500547963961109,0.23712281599536428
phikon_v2,panda,2,ungrouped,log-loss,0.01,0.374706837452643,0.43146690263127807,0.17776484596980613,0.5511109383743111,0.5039633956861027,0.24643031090558876
phikon_v2,panda,2,ungrouped,accuracy,0.01,0.374706837452643,0.43146690263127807,0.17776484596980613,0.5511109383743111,0.5039633956861027,0.24643031090558876
phikon_v2,panda,3,grouped,log-loss,0.0001,0.3788641265276779,0.44674182435730714,0.029751715047444918,0.3526915041384004,0.47666757656692477,0.22319294288078056
phikon_v2,panda,3,grouped,accuracy,0.001,0.3803019410496046,0.4356072150139587,0.0679111490532351,0.44652000801139624,0.48284328316687275,0.23076156443124707
phikon_v2,panda,3,ungrouped,log-loss,0.01,0.36951833213515456,0.41147740113501907,0.16358618534911068,0.5323092934303714,0.5089466956858827,0.2462841728573888
phikon_v2,panda,3,ungrouped,accuracy,0.01,0.36951833213515456,0.41147740113501907,0.16358618534911068,0.5323092934303714,0.5089466956858827,0.2462841728573888
phikon_v2,panda,4,grouped,log-loss,0.0001,0.3535104364326376,0.4212300339382199,0.012566271154460197,0.35535388634847836,0.5260566875796718,0.24710088968757704
phikon_v2,panda,4,grouped,accuracy,0.001,0.36129032258064514,0.4431781553735128,0.09470087632182551,0.45550183568934555,0.515783613742055,0.24483342145938214
phikon_v2,panda,4,ungrouped,log-loss,0.01,0.36091081593927893,0.45255364123745234,0.1801897871867728,0.5411006031260518,0.5224276373272996,0.2510908440309986
phikon_v2,panda,4,ungrouped,accuracy,0.01,0.36091081593927893,0.45255364123745234,0.1801897871867728,0.5411006031260518,0.5224276373272996,0.2510908440309986
hibou_l,breakhis,0,grouped,log-loss,0.001,0.8206489675516224,0.6233443466565305,0.039393186493758725,0.8523884279645451,0.053841941511282194,0.03664734838012377
hibou_l,breakhis,0,grouped,accuracy,0.01,0.8324483775811209,0.6490632062404316,0.07694953176191256,0.9059970860075852,0.04452405920224845,0.029580792072987284
hibou_l,breakhis,0,ungrouped,log-loss,1.0,0.8359882005899705,0.6573915193113076,0.12464798846066366,0.9598064814227465,0.04264639706780942,0.02834580547182785
hibou_l,breakhis,0,ungrouped,accuracy,1.0,0.8359882005899705,0.6573915193113076,0.12464798846066366,0.9598064814227465,0.04264639706780942,0.02834580547182785
hibou_l,breakhis,1,grouped,log-loss,0.001,0.9685230024213075,0.9230793721037961,0.03385766904628565,0.9360653075670111,0.002588954076328801,0.002075572985021751
hibou_l,breakhis,1,grouped,accuracy,0.01,0.9749798224374495,0.9391688034424923,0.011530212500552703,0.9680373526272452,0.00204185812803708,0.001716115679593368
hibou_l,breakhis,1,ungrouped,log-loss,1.0,0.9725585149313963,0.9335633786379594,0.02029662197760275,0.9884139215559299,0.0022329344453805447,0.0018418537550474404
hibou_l,breakhis,1,ungrouped,accuracy,1.0,0.9725585149313963,0.9335633786379594,0.02029662197760275,0.9884139215559299,0.0022329344453805447,0.0018418537550474404
hibou_l,breakhis,2,grouped,log-loss,0.001,0.9515027322404371,0.8899770097422804,0.060343092965550287,0.8911596392748868,0.0051611916754113855,0.003949154121282466
hibou_l,breakhis,2,grouped,accuracy,0.1,0.9378415300546448,0.8610495750885493,0.013834122723897571,0.9516756527785423,0.0066629027415828785,0.00466852195887783
hibou_l,breakhis,2,ungrouped,log-loss,1.0,0.9296448087431693,0.8436072633137935,0.039812426967883674,0.9666366459640986,0.007854835425431177,0.005295712714846311
hibou_l,breakhis,2,ungrouped,accuracy,0.1,0.9378415300546448,0.8610495750885493,0.013833781627185212,0.95167531168183,0.006663067986678858,0.0046686872039738096
hibou_l,breakhis,3,grouped,log-loss,0.001,0.7988826815642458,0.5871268668669951,0.0502458390730953,0.849128520637341,0.06521025506223611,0.04341882685247062
hibou_l,breakhis,3,grouped,accuracy,0.01,0.835195530726257,0.6629733403966072,0.06593437074959026,0.9011299014758472,0.04858819236070927,0.03414757061446301
hibou_l,breakhis,3,ungrouped,log-loss,1.0,0.8519553072625698,0.6973801227194257,0.10789250768418007,0.9578112831337346,0.03889150115597226,0.027306773541715474
hibou_l,breakhis,3,ungrouped,accuracy,1.0,0.8519553072625698,0.6973801227194257,0.10789250768418007,0.9578112831337346,0.03889150115597226,0.027306773541715474
hibou_l,breakhis,4,grouped,log-loss,0.001,0.8071862348178138,0.5758557746478874,0.044935311672260864,0.851523389132531,0.06258755563811805,0.04262499893240023
hibou_l,breakhis,4,grouped,accuracy,0.01,0.8243927125506073,0.6175685805564975,0.08487310838745132,0.9027032289108131,0.057051013070840845,0.04059634915191356
hibou_l,breakhis,4,ungrouped,log-loss,1.0,0.8299595141700404,0.6338613811153525,0.12764769081513133,0.9557858043484996,0.06077881753143368,0.04538180429829548
hibou_l,breakhis,4,ungrouped,accuracy,1.0,0.8299595141700404,0.6338613811153525,0.12764769081513133,0.9557858043484996,0.06077881753143368,0.04538180429829548
hibou_l,pcam,0,grouped,log-loss,0.001,0.9629049111807733,0.925218493804252,0.02718813602130033,0.9364491476036828,0.009555530679059189,0.008849150314510227
hibou_l,pcam,0,grouped,accuracy,0.01,0.9649947753396029,0.9294756235048258,0.01171879874099824,0.9626220837801556,0.010311470149722824,0.00968236752221956
hibou_l,pcam,0,ungrouped,log-loss,0.01,0.9649947753396029,0.9294756235048258,0.011719178070497572,0.9626224209852945,0.01031207053076903,0.009682967903265767
hibou_l,pcam,0,ungrouped,accuracy,0.1,0.9425287356321839,0.8840779200757618,0.026979353004146,0.9685769181322561,0.0145939441402444,0.012894881189884582
hibou_l,pcam,1,grouped,log-loss,0.001,0.9373536299765808,0.8713087418457136,0.009131911646581902,0.9323866135484283,0.017594205359887292,0.015571275592048336
hibou_l,pcam,1,grouped,accuracy,0.01,0.9391100702576113,0.875161466700963,0.026511597912355245,0.9595995505683993,0.017193807399755606,0.015283379406996365
hibou_l,pcam,1,ungrouped,log-loss,0.01,0.9391100702576113,0.875161466700963,0.02651222441686121,0.9596003404132926,0.017192466278776772,0.015282038286017532
hibou_l,pcam,1,ungrouped,accuracy,0.01,0.9391100702576113,0.875161466700963,0.02651222441686121,0.9596003404132926,0.017192466278776772,0.015282038286017532
hibou_l,pcam,2,grouped,log-loss,0.001,0.9337209302325581,0.8645407317342766,0.02148210736123025,0.9264566929282142,0.02727549291397085,0.02500957061659916
hibou_l,pcam,2,grouped,accuracy,0.001,0.9337209302325581,0.8645407317342766,0.02148210736123025,0.9264566929282142,0.02727549291397085,0.02500957061659916
hibou_l,pcam,2,ungrouped,log-loss,0.01,0.925,0.8463622162395719,0.029698821458017468,0.9522659765419478,0.024094257453597764,0.02118688538405061
hibou_l,pcam,2,ungrouped,accuracy,0.1,0.9116279069767442,0.8184605812816639,0.06261085715815276,0.9684389428932837,0.028416517770851378,0.02436562553971865
hibou_l,pcam,3,grouped,log-loss,0.01,0.9643062751871042,0.9263143058106151,0.0089620550433717,0.9566596186119952,0.005927331169763943,0.005272320200028139
hibou_l,pcam,3,grouped,accuracy,0.01,0.9643062751871042,0.9263143058106151,0.0089620550433717,0.9566596186119952,0.005927331169763943,0.005272320200028139
hibou_l,pcam,3,ungrouped,log-loss,0.01,0.9643062751871042,0.9263143058106151,0.0089626038051135,0.9566588813970955,0.005927331169763943,0.005272320200028139
hibou_l,pcam,3,ungrouped,accuracy,0.01,0.9643062751871042,0.9263143058106151,0.0089626038051135,0.9566588813970955,0.005927331169763943,0.005272320200028139
hibou_l,pcam,4,grouped,log-loss,0.001,0.951329653788259,0.9020440819619052,0.021705986350794328,0.9317201387389065,0.011024239368338535,0.0098079330499224
hibou_l,pcam,4,grouped,accuracy,0.01,0.9493226292022078,0.8980151011803402,0.010852633709198888,0.9565904129294462,0.01275850217073969,0.01143943405368086
hibou_l,pcam,4,ungrouped,log-loss,0.01,0.9493226292022078,0.8980151011803402,0.010853064472415255,0.9565908155127287,0.01275851825792884,0.01143945014087001
hibou_l,pcam,4,ungrouped,accuracy,0.1,0.9237330657300552,0.8460845910828076,0.03552760734098524,0.9568166465934783,0.02064922338090981,0.0176448786923578
hibou_l,sicap,0,grouped,log-loss,0.001,0.8480318883906328,0.8763368560089876,0.01767645303948329,0.8341854018598206,0.04615699321436172,0.033938094958873816
hibou_l,sicap,0,grouped,accuracy,0.001,0.8480318883906328,0.8763368560089876,0.01767645303948329,0.8341854018598206,0.04615699321436172,0.033938094958873816
hibou_l,sicap,0,ungrouped,log-loss,0.1,0.8216243148978575,0.8552608567879376,0.08875437114908401,0.9064686876758593,0.05850405668073033,0.04151013532675174
hibou_l,sicap,0,ungrouped,accuracy,0.1,0.8216243148978575,0.8552608567879376,0.08875437114908401,0.9064686876758593,0.05850405668073033,0.04151013532675174
hibou_l,sicap,1,grouped,log-loss,0.001,0.8832609744331886,0.9344408532214178,0.04824376347746896,0.836779027252475,0.03166930122266652,0.024545342739317903
hibou_l,sicap,1,grouped,accuracy,0.001,0.8832609744331886,0.9344408532214178,0.04824376347746896,0.836779027252475,0.03166930122266652,0.024545342739317903
hibou_l,sicap,1,ungrouped,log-loss,0.1,0.8210323203087313,0.8901601337059974,0.0815986484993043,0.9026273624967915,0.06005235936673443,0.04294318586839795
hibou_l,sicap,1,ungrouped,accuracy,0.1,0.8210323203087313,0.8901601337059974,0.0815986484993043,0.9026273624967915,0.06005235936673443,0.04294318586839795
hibou_l,sicap,2,grouped,log-loss,0.001,0.8483582089552238,0.8133224461786055,0.019130549265973983,0.8348557349768941,0.042445263900590544,0.030272688860616508
hibou_l,sicap,2,grouped,accuracy,0.001,0.8483582089552238,0.8133224461786055,0.019130549265973983,0.8348557349768941,0.042445263900590544,0.030272688860616508
hibou_l,sicap,2,ungrouped,log-loss,0.1,0.817910447761194,0.7994709503590556,0.0892416041045305,0.9044614651223052,0.06306431094327589,0.04532239942551597
hibou_l,sicap,2,ungrouped,accuracy,0.1,0.817910447761194,0.7994709503590556,0.0892416041045305,0.9044614651223052,0.06306431094327589,0.04532239942551597
hibou_l,sicap,3,grouped,log-loss,0.001,0.8563958165728077,0.911630713183627,0.01693742189950294,0.8508001292716331,0.03775846267523654,0.02688611312705267
hibou_l,sicap,3,grouped,accuracy,0.001,0.8563958165728077,0.911630713183627,0.01693742189950294,0.8508001292716331,0.03775846267523654,0.02688611312705267
hibou_l,sicap,3,ungrouped,log-loss,0.1,0.831858407079646,0.8953557261099725,0.09359004370096993,0.9254484507806159,0.04550145622502865,0.030465390649045604
hibou_l,sicap,3,ungrouped,accuracy,0.1,0.831858407079646,0.8953557261099725,0.09359004370096993,0.9254484507806159,0.04550145622502865,0.030465390649045604
hibou_l,sicap,4,grouped,log-loss,0.001,0.779839518555667,0.6950141155390233,0.027577306397182432,0.7945587855322505,0.08590600291485304,0.059610778013346695
hibou_l,sicap,4,grouped,accuracy,0.001,0.779839518555667,0.6950141155390233,0.027577306397182432,0.7945587855322505,0.08590600291485304,0.059610778013346695
hibou_l,sicap,4,ungrouped,log-loss,0.1,0.7331995987963892,0.6510759519348859,0.14876376276276143,0.8819633615591507,0.12266829843931772,0.08334020099050266
hibou_l,sicap,4,ungrouped,accuracy,0.1,0.7331995987963892,0.6510759519348859,0.14876376276276143,0.8819633615591507,0.12266829843931772,0.08334020099050266
hibou_l,panda,0,grouped,log-loss,0.0001,0.3598425196850394,0.4798104995153126,0.027817803632110557,0.37109261291556034,0.5231981071829855,0.2507686320705622
hibou_l,panda,0,grouped,accuracy,0.001,0.3655511811023622,0.47361542717094407,0.08390879380174648,0.44882440153148995,0.5187155773721092,0.252076378332824
hibou_l,panda,0,ungrouped,log-loss,0.01,0.36338582677165354,0.4651102312329216,0.16200876750783663,0.5253945942794902,0.5255235287248097,0.25669858852519223
hibou_l,panda,0,ungrouped,accuracy,0.1,0.3545275590551181,0.4459012841796285,0.2464955871491217,0.6003004512350764,0.5414445518554121,0.2635427457813178
hibou_l,panda,1,grouped,log-loss,0.0001,0.3378961185074067,0.4476515644273166,0.03928384924541943,0.3652957648278371,0.5178907141792006,0.2223477201696839
hibou_l,panda,1,grouped,accuracy,0.001,0.3423963997749859,0.47778861830949404,0.10704959090285722,0.4494459906778432,0.5194056659447644,0.22871613798199097
hibou_l,panda,1,ungrouped,log-loss,0.01,0.34802175135945995,0.4739005336242379,0.17792549436269625,0.5259472457221562,0.5307367747474225,0.2460309885185073
hibou_l,panda,1,ungrouped,accuracy,0.1,0.34389649353084567,0.4599587214821289,0.2556814707562197,0.5995779642870654,0.5495792150548467,0.2604943261156524
hibou_l,panda,2,grouped,log-loss,0.0001,0.3927476095976908,0.46099823291443,0.016135907788005176,0.3783091920097049,0.4627319909534755,0.22248206747494798
hibou_l,panda,2,grouped,accuracy,0.0001,0.3927476095976908,0.46099823291443,0.016135907788005176,0.3783091920097049,0.4627319909534755,0.22248206747494798
hibou_l,panda,2,ungrouped,log-loss,0.01,0.40032473389861084,0.4681465652010116,0.14175301673994897,0.5420777506385598,0.4635973190921857,0.23035694338914597
hibou_l,panda,2,ungrouped,accuracy,0.1,0.3849900775753202,0.43738437201322555,0.22948465727418854,0.6144747348495088,0.48723388500919546,0.2396560422471803
hibou_l,panda,3,grouped,log-loss,0.0001,0.40222861250898634,0.4714411232542549,0.03223951895713455,0.373359142536704,0.4397487713198234,0.2082472119979942
hibou_l,panda,3,grouped,accuracy,0.01,0.3984543493889288,0.4887806735824155,0.1354716961576931,0.5339260455466218,0.4577564839670389,0.22279946997943825
hibou_l,panda,3,ungrouped,log-loss,0.01,0.3984543493889288,0.4887806735824155,0.1354710937141356,0.5339254431030643,0.45775842772858605,0.22280141374098542
hibou_l,panda,3,ungrouped,accuracy,0.1,0.3856937455068296,0.469600734121292,0.2222231439412878,0.6079168894481175,0.4861770749021951,0.239270539602399
hibou_l,panda,4,grouped,log-loss,0.0001,0.374573055028463,0.48503544916919117,0.02057435390089846,0.3745672150786268,0.4867964453825088,0.22912908047621117
hibou_l,panda,4,grouped,accuracy,0.001,0.37703984819734343,0.49097236269887423,0.08150082004407914,0.45854066824142253,0.47942881126226083,0.22417588843146735
hibou_l,panda,4,ungrouped,log-loss,0.01,0.38235294117647056,0.4883145514015933,0.15515263356900416,0.5375055747454747,0.4893189296907403,0.2392116647187455
hibou_l,panda,4,ungrouped,accuracy,0.1,0.3698292220113852,0.4789047123124275,0.23995959344667697,0.6097888154580623,0.5054237046330666,0.24306742845322243
virchow2,breakhis,0,grouped,log-loss,0.001,0.8902654867256637,0.7736836438031657,0.02533847621855096,0.9155941121484574,0.01920040419748948,0.012914035948431764
virchow2,breakhis,0,grouped,accuracy,1.0,0.904424778761062,0.8032304065238733,0.0709635309889775,0.9753883097500394,0.017327221367091708,0.01257883573223028
virchow2,breakhis,0,ungrouped,log-loss,0.1,0.9056047197640118,0.8056596607643194,0.06131038372532705,0.9653122277837536,0.017053259694998633,0.01242298500945412
virchow2,breakhis,0,ungrouped,accuracy,1.0,0.904424778761062,0.8032304065238733,0.07095343107927779,0.9753782098403396,0.017333535915210002,0.012585150280348574
virchow2,breakhis,1,grouped,log-loss,0.001,0.9919289749798225,0.9802599504825876,0.021714118102410862,0.9702267402849162,0.00019582695996010164,0.0001599120633957404
virchow2,breakhis,1,grouped,accuracy,0.001,0.9919289749798225,0.9802599504825876,0.021714118102410862,0.9702267402849162,0.00019582695996010164,0.0001599120633957404
virchow2,breakhis,1,ungrouped,log-loss,0.1,0.9870863599677159,0.9685766277573121,0.00781782199922469,0.9902225500124687,0.0003846437725130507,0.0002956915654760517
virchow2,breakhis,1,ungrouped,accuracy,1.0,0.9854721549636803,0.9647085631818312,0.00878893808280434,0.9931268857609559,0.0004755696387584886,0.0003636645751121464
virchow2,breakhis,2,grouped,log-loss,0.001,0.9726775956284153,0.9374791810797652,0.026634259614515002,0.9481446389524916,0.0013173538664488266,0.0009313210674246415
virchow2,breakhis,2,grouped,accuracy,1.0,0.967896174863388,0.926917243401012,0.019700980827200114,0.9869567306242336,0.0023082986885850794,0.0017764040832419974
virchow2,breakhis,2,ungrouped,log-loss,1.0,0.9685792349726776,0.928513196779782,0.02027043949850641,0.9868308242492032,0.002317404502602284,0.0018077907233222008
virchow2,breakhis,2,ungrouped,accuracy,1.0,0.9685792349726776,0.928513196779782,0.02027043949850641,0.9868308242492032,0.002317404502602284,0.0018077907233222008
virchow2,breakhis,3,grouped,log-loss,0.001,0.8614525139664805,0.7180618978361797,0.028663376260427503,0.890115890226908,0.02987050867917063,0.01975734763987382
virchow2,breakhis,3,grouped,accuracy,0.01,0.8759776536312849,0.7483347076191165,0.05362639387158106,0.9289712455548607,0.023624483425805008,0.015559817245651045
virchow2,breakhis,3,ungrouped,log-loss,0.1,0.882122905027933,0.760934815825686,0.06936506145424153,0.9512821335543011,0.022088851795564204,0.014818118226764636
virchow2,breakhis,3,ungrouped,accuracy,1.0,0.8871508379888268,0.7712564258610939,0.08212559564718247,0.9644985514981081,0.021427242177007394,0.014774233660065016
virchow2,breakhis,4,grouped,log-loss,0.001,0.8588056680161943,0.6878296931659378,0.03604365104617794,0.884006056569222,0.035351320770157985,0.024842322849086294
virchow2,breakhis,4,grouped,accuracy,0.01,0.8714574898785425,0.7192066910962545,0.05307596868626751,0.9207712714222146,0.032543737015978236,0.023870968434908324
virchow2,breakhis,4,ungrouped,log-loss,0.1,0.8770242914979757,0.7333727211343687,0.07128408103540737,0.9451056115890182,0.032391574143705984,0.024468397663795327
virchow2,breakhis,4,ungrouped,accuracy,0.1,0.8770242914979757,0.7333727211343687,0.07128408103540737,0.9451056115890182,0.032391574143705984,0.024468397663795327
virchow2,pcam,0,grouped,log-loss,0.001,0.9555903866248694,0.9104728446952313,0.02494980028552753,0.9364851369571044,0.009697889500102082,0.008685252851698971
virchow2,pcam,0,grouped,accuracy,0.001,0.9555903866248694,0.9104728446952313,0.02494980028552753,0.9364851369571044,0.009697889500102082,0.008685252851698971
virchow2,pcam,0,ungrouped,log-loss,0.01,0.9535005224660397,0.9061864947235204,0.010489304101128727,0.9596772009229727,0.009655593874253892,0.008545190453298455
virchow2,pcam,0,ungrouped,accuracy,0.1,0.9435736677115988,0.8861321781589188,0.031133589246826153,0.9747072569584251,0.012672892362599716,0.011035371666258786
virchow2,pcam,1,grouped,log-loss,0.01,0.9432084309133489,0.8835815693538368,0.025821258175760822,0.967840159341103,0.016887211024102775,0.01522652232466901
virchow2,pcam,1,grouped,accuracy,0.01,0.9432084309133489,0.8835815693538368,0.025821258175760822,0.967840159341103,0.016887211024102775,0.01522652232466901
virchow2,pcam,1,ungrouped,log-loss,0.01,0.9432084309133489,0.8835815693538368,0.025821106063923502,0.967840398754737,0.016888840893278426,0.01522815219384466
virchow2,pcam,1,ungrouped,accuracy,0.01,0.9432084309133489,0.8835815693538368,0.025821106063923502,0.967840398754737,0.016888840893278426,0.01522815219384466
virchow2,pcam,2,grouped,log-loss,0.001,0.9366279069767441,0.8704346672269093,0.019886409326436143,0.933084403175177,0.023977146713532505,0.02190690250638654
virchow2,pcam,2,grouped,accuracy,0.01,0.9366279069767441,0.8704976735447221,0.025815038441673877,0.9593527590589679,0.02381559338151658,0.021745349174370616
virchow2,pcam,2,ungrouped,log-loss,0.01,0.9372093023255814,0.871701365866596,0.026398401915441266,0.9593557184135659,0.023815255360964935,0.02178306320150122
virchow2,pcam,2,ungrouped,accuracy,0.1,0.9279069767441861,0.8525866454338353,0.047384044354579144,0.9752910210987651,0.024375709951594368,0.02169125207642382
virchow2,pcam,3,grouped,log-loss,0.001,0.9579735175590098,0.9128363901076957,0.0276952476445207,0.932425485691052,0.005392882457752963,0.004485036704539497
virchow2,pcam,3,grouped,accuracy,0.01,0.9614277489925158,0.9200653604198562,0.006682441645990042,0.9579472612669303,0.005533616275239299,0.004768852450476791
virchow2,pcam,3,ungrouped,log-loss,0.01,0.9614277489925158,0.9200653604198562,0.0073527525009460006,0.9579447943108824,0.005535555113129168,0.0047707912883666595
virchow2,pcam,3,ungrouped,accuracy,0.01,0.9614277489925158,0.9200653604198562,0.0073527525009460006,0.9579447943108824,0.005535555113129168,0.0047707912883666595
virchow2,pcam,4,grouped,log-loss,0.001,0.9543401906673357,0.9082440841028018,0.013627234041910666,0.9421817334927133,0.010489485210565513,0.009419385192207384
virchow2,pcam,4,grouped,accuracy,0.01,0.9563472152533868,0.9122593775759965,0.01598052480959986,0.9649309527420695,0.00986054689834024,0.008882639800935037
virchow2,pcam,4,ungrouped,log-loss,0.01,0.9563472152533868,0.9122593775759965,0.015979994060087554,0.9649300566386781,0.009859949455374951,0.008882042357969747
virchow2,pcam,4,ungrouped,accuracy,0.1,0.9508278976417461,0.9012010821069927,0.025735639744908227,0.9765318150980731,0.011097522665360494,0.00985592320557314
virchow2,sicap,0,grouped,log-loss,0.001,0.8440458395615347,0.8866889059226514,0.013099482001339095,0.8501548721848375,0.0413053852563354,0.028419063043562252
virchow2,sicap,0,grouped,accuracy,0.001,0.8440458395615347,0.8866889059226514,0.013099482001339095,0.8501548721848375,0.0413053852563354,0.028419063043562252
virchow2,sicap,0,ungrouped,log-loss,0.1,0.8285999003487793,0.8769055808344643,0.10630103951425865,0.9343160324434299,0.05262198610767939,0.03697078172616855
virchow2,sicap,0,ungrouped,accuracy,0.1,0.8285999003487793,0.8769055808344643,0.10630103951425865,0.9343160324434299,0.05262198610767939,0.03697078172616855
virchow2,sicap,1,grouped,log-loss,0.001,0.8842257597684515,0.9383515108443602,0.014656057527583257,0.87092321368565,0.03023629569750354,0.023231806359329185
virchow2,sicap,1,grouped,accuracy,0.001,0.8842257597684515,0.9383515108443602,0.014656057527583257,0.87092321368565,0.03023629569750354,0.023231806359329185
virchow2,sicap,1,ungrouped,log-loss,0.1,0.8557645923781958,0.9168948059129451,0.08998882212667354,0.9408992331804787,0.05221564836425633,0.041239307505757626
virchow2,sicap,1,ungrouped,accuracy,0.1,0.8557645923781958,0.9168948059129451,0.08998882212667354,0.9408992331804787,0.05221564836425633,0.041239307505757626
virchow2,sicap,2,grouped,log-loss,0.001,0.8585074626865672,0.844978754331476,0.01923451780513267,0.8602725709254807,0.03743682352540074,0.02687587652062521
virchow2,sicap,2,grouped,accuracy,0.001,0.8585074626865672,0.844978754331476,0.01923451780513267,0.8602725709254807,0.03743682352540074,0.02687587652062521
virchow2,sicap,2,ungrouped,log-loss,0.1,0.84,0.8394240895989193,0.09425018616352934,0.9342501861635296,0.043711098784107096,0.030120193201615863
virchow2,sicap,2,ungrouped,accuracy,0.1,0.84,0.8394240895989193,0.09425018616352934,0.9342501861635296,0.043711098784107096,0.030120193201615863
virchow2,sicap,3,grouped,log-loss,0.001,0.8724859211584876,0.9232368068086421,0.013567313597292359,0.8809401458289747,0.03404917562423646,0.025524177744855853
virchow2,sicap,3,grouped,accuracy,0.001,0.8724859211584876,0.9232368068086421,0.013567313597292359,0.8809401458289747,0.03404917562423646,0.025524177744855853
virchow2,sicap,3,ungrouped,log-loss,0.1,0.8688656476267096,0.9162925629803151,0.0819340146249814,0.9493057598162522,0.041170719429418134,0.032143635152045984
virchow2,sicap,3,ungrouped,accuracy,0.1,0.8688656476267096,0.9162925629803151,0.0819340146249814,0.9493057598162522,0.041170719429418134,0.032143635152045984
virchow2,sicap,4,grouped,log-loss,0.001,0.8029087261785356,0.7719705434595581,0.02796606157570703,0.8218013764813755,0.07283805545411143,0.05194726665588134
virchow2,sicap,4,grouped,accuracy,0.001,0.8029087261785356,0.7719705434595581,0.02796606157570703,0.8218013764813755,0.07283805545411143,0.05194726665588134
virchow2,sicap,4,ungrouped,log-loss,0.1,0.7728184553660983,0.74932532534866,0.1467717467596861,0.9180827423453498,0.10545844178336058,0.07738384776792866
virchow2,sicap,4,ungrouped,accuracy,0.1,0.7728184553660983,0.74932532534866,0.1467717467596861,0.9180827423453498,0.10545844178336058,0.07738384776792866
virchow2,panda,0,grouped,log-loss,0.0001,0.38661417322834646,0.5183397812564094,0.027744286650338706,0.4049764389034651,0.48299020359922873,0.23695430529833733
virchow2,panda,0,grouped,accuracy,0.0001,0.38661417322834646,0.5183397812564094,0.027744286650338706,0.4049764389034651,0.48299020359922873,0.23695430529833733
virchow2,panda,0,ungrouped,log-loss,0.01,0.38346456692913383,0.5116346214774655,0.2177938704597194,0.6012584373888533,0.512351326640317,0.26330909486488485
virchow2,panda,0,ungrouped,accuracy,0.1,0.35531496062992124,0.47250666390138096,0.35446296019798124,0.7097768217496462,0.5507761898882223,0.27369009871080474
virchow2,panda,1,grouped,log-loss,0.0001,0.37014813425839116,0.48180541848699476,0.035325382873623835,0.40341698753524186,0.4933477559650935,0.23130930480387724
virchow2,panda,1,grouped,accuracy,0.0001,0.37014813425839116,0.48180541848699476,0.035325382873623835,0.40341698753524186,0.4933477559650935,0.23130930480387724
virchow2,panda,1,ungrouped,log-loss,0.01,0.34389649353084567,0.46497825596708786,0.2566335702871243,0.6005300638179699,0.5450224526975068,0.25593756375831245
virchow2,panda,1,ungrouped,accuracy,0.1,0.33227076692293267,0.43649098678455556,0.3782017402690308,0.7101836706123025,0.5763237768287518,0.27462956681170436
virchow2,panda,2,grouped,log-loss,0.0001,0.40267003427746706,0.5081782955452753,0.016664189213736875,0.40906285349321253,0.4442914528616069,0.21319150585627605
virchow2,panda,2,grouped,accuracy,0.0001,0.40267003427746706,0.5081782955452753,0.016664189213736875,0.40906285349321253,0.4442914528616069,0.21319150585627605
virchow2,panda,2,ungrouped,log-loss,0.01,0.38462926213241927,0.4606145651947333,0.2254246342973687,0.6100538964297879,0.48443914188721854,0.23651668550427127
virchow2,panda,2,ungrouped,accuracy,0.1,0.37163990618798487,0.44396552920568255,0.348282132491828,0.7199220386798127,0.5240190500064648,0.26346256856130296
virchow2,panda,3,grouped,log-loss,0.0001,0.40204888569374553,0.5271399806683006,0.022964281634983017,0.4058329210189818,0.4394300823892673,0.20776478331990264
virchow2,panda,3,grouped,accuracy,0.001,0.3945003594536305,0.5069492096203503,0.10878745076545016,0.5026256628978403,0.46447579532051025,0.22586042987722116
virchow2,panda,3,ungrouped,log-loss,0.01,0.38443565780014377,0.4750109158877679,0.21712506714205232,0.6011726853949125,0.4909740948479245,0.24286679762696045
virchow2,panda,3,ungrouped,accuracy,0.01,0.38443565780014377,0.4750109158877679,0.21712506714205232,0.6011726853949125,0.4909740948479245,0.24286679762696045
virchow2,panda,4,grouped,log-loss,0.0001,0.3899430740037951,0.5211714727124739,0.02860660953163655,0.4085399632431739,0.4638566400934495,0.22097249084028892
virchow2,panda,4,grouped,accuracy,0.0001,0.3899430740037951,0.5211714727124739,0.02860660953163655,0.4085399632431739,0.4638566400934495,0.22097249084028892
virchow2,panda,4,ungrouped,log-loss,0.01,0.38330170777988615,0.4895588587486551,0.22594301565242317,0.6092447234323093,0.483540123853744,0.23434392752548372
virchow2,panda,4,ungrouped,accuracy,0.01,0.38330170777988615,0.4895588587486551,0.22594301565242317,0.6092447234323093,0.483540123853744,0.23434392752548372
uni,breakhis,0,grouped,log-loss,0.01,0.8814159292035398,0.7520117044623262,0.04664704462542667,0.9280629738289665,0.02101492828172707,0.01365318649240898
uni,breakhis,0,grouped,accuracy,0.01,0.8814159292035398,0.7520117044623262,0.04664704462542667,0.9280629738289665,0.02101492828172707,0.01365318649240898
uni,breakhis,0,ungrouped,log-loss,1.0,0.8855457227138643,0.7608074195308238,0.0792379340254234,0.9636746241404276,0.020040361766587744,0.013191464009985252
uni,breakhis,0,ungrouped,accuracy,1.0,0.8855457227138643,0.7608074195308238,0.0792379340254234,0.9636746241404276,0.020040361766587744,0.013191464009985252
uni,breakhis,1,grouped,log-loss,0.001,0.9887005649717514,0.9725045492876482,0.023119469837182858,0.9656917097145439,0.00035698937143391655,0.0002883502735922942
uni,breakhis,1,grouped,accuracy,0.01,0.9854721549636803,0.9648276710436255,0.007969012632958348,0.9821174542891828,0.00044137620270100756,0.00032947113905466537
uni,breakhis,1,ungrouped,log-loss,0.1,0.9814366424535916,0.95524638282034,0.00915639115349799,0.989173479368455,0.0005412443263481262,0.000360379815626076
uni,breakhis,1,ungrouped,accuracy,1.0,0.9806295399515739,0.9533397773063356,0.011897521532058874,0.9925270614836326,0.0006315825460125751,0.00043493711790754423
uni,breakhis,2,grouped,log-loss,0.001,0.9733606557377049,0.939077324933738,0.03027175808051314,0.9449006277693439,0.001742720340711331,0.0013756035329600114
uni,breakhis,2,grouped,accuracy,0.01,0.9719945355191257,0.9358791934263995,0.012629538378335964,0.9677120446913942,0.0016493622548215139,0.001243933787481423
uni,breakhis,2,ungrouped,log-loss,1.0,0.967896174863388,0.9264107598916824,0.020895468344026343,0.9847033521698897,0.002180583944748868,0.0016486893394057859
uni,breakhis,2,ungrouped,accuracy,0.1,0.9713114754098361,0.9344287469287469,0.012418158245055143,0.9781520969921567,0.0019358038812016872,0.001510499731414074
uni,breakhis,3,grouped,log-loss,0.01,0.8782122905027933,0.7525997253503178,0.04939735942215914,0.9276096499249522,0.02452408038190273,0.016753089153143413
uni,breakhis,3,grouped,accuracy,0.01,0.8782122905027933,0.7525997253503178,0.04939735942215914,0.9276096499249522,0.02452408038190273,0.016753089153143413
uni,breakhis,3,ungrouped,log-loss,1.0,0.888268156424581,0.7731756798710523,0.0833982397448941,0.9686111856172949,0.02323882892714508,0.016719217135234
uni,breakhis,3,ungrouped,accuracy,0.1,0.8860335195530726,0.7684373133249374,0.07069777090792582,0.9535701060010183,0.023569900259105183,0.016782087814792346
uni,breakhis,4,grouped,log-loss,0.01,0.8486842105263158,0.662020882005002,0.07260735257999539,0.9212915631063113,0.03583134568941023,0.023719294753436378
uni,breakhis,4,grouped,accuracy,0.01,0.8486842105263158,0.662020882005002,0.07260735257999539,0.9212915631063113,0.03583134568941023,0.023719294753436378
uni,breakhis,4,ungrouped,log-loss,1.0,0.8552631578947368,0.6788200699946918,0.10637879968547057,0.9597519392161227,0.03489205659636639,0.023835631383863187
uni,breakhis,4,ungrouped,accuracy,1.0,0.8552631578947368,0.6788200699946918,0.10637879968547057,0.9597519392161227,0.03489205659636639,0.023835631383863187
uni,pcam,0,grouped,log-loss,0.001,0.9629049111807733,0.925218493804252,0.022179710970819087,0.942636934239708,0.006724480080370566,0.006018099715821605
uni,pcam,0,grouped,accuracy,0.001,0.9629049111807733,0.925218493804252,0.022179710970819087,0.942636934239708,0.006724480080370566,0.006018099715821605
uni,pcam,0,ungrouped,log-loss,0.01,0.9649947753396029,0.9294756235048258,0.012812846283983263,0.9658327342337547,0.007484238027661737,0.006855135400158472
uni,pcam,0,ungrouped,accuracy,0.01,0.9649947753396029,0.9294756235048258,0.012812846283983263,0.9658327342337547,0.007484238027661737,0.006855135400158472
uni,pcam,1,grouped,log-loss,0.01,0.9572599531615925,0.9127011911130031,0.022583418177667132,0.9757557341352506,0.011473485837391523,0.01053432310514234
uni,pcam,1,grouped,accuracy,0.001,0.955503512880562,0.9090181433836155,0.006894331749612418,0.9552491754336762,0.011193617452732627,0.010175606422891286
uni,pcam,1,ungrouped,log-loss,0.01,0.9572599531615925,0.9127011911130031,0.02258407941885774,0.9757561707924874,0.011466960342188338,0.010527797609939155
uni,pcam,1,ungrouped,accuracy,0.01,0.9572599531615925,0.9127011911130031,0.02258407941885774,0.9757561707924874,0.011466960342188338,0.010527797609939155
uni,pcam,2,grouped,log-loss,0.001,0.9511627906976744,0.9004541846723697,0.01931829334276959,0.940559370873888,0.01381914328532489,0.01259251094580656
uni,pcam,2,grouped,accuracy,0.001,0.9511627906976744,0.9004541846723697,0.01931829334276959,0.940559370873888,0.01381914328532489,0.01259251094580656
uni,pcam,2,ungrouped,log-loss,0.01,0.9424418604651162,0.8824929059612009,0.022796958585760953,0.9642818831476307,0.014298070358342862,0.012592143382941283
uni,pcam,2,ungrouped,accuracy,0.1,0.9401162790697675,0.8777451445858958,0.04061443363264464,0.978726525981448,0.014858315191496926,0.01301097773194728
uni,pcam,3,grouped,log-loss,0.001,0.9579735175590098,0.9126592767446138,0.01872031071199503,0.943502432302405,0.004833893845424244,0.003926048092210778
uni,pcam,3,grouped,accuracy,0.001,0.9579735175590098,0.9126592767446138,0.01872031071199503,0.943502432302405,0.004833893845424244,0.003926048092210778
uni,pcam,3,ungrouped,log-loss,0.01,0.9579735175590098,0.9127656310304237,0.008395098207061902,0.9625001300897359,0.004693313523330619,0.003785467770117152
uni,pcam,3,ungrouped,accuracy,0.01,0.9579735175590098,0.9127656310304237,0.008395098207061902,0.9625001300897359,0.004693313523330619,0.003785467770117152
uni,pcam,4,grouped,log-loss,0.001,0.9648770697441044,0.9294149194527646,0.02147873628724507,0.944636541423976,0.007752233102600206,0.007119261967378308
uni,pcam,4,grouped,accuracy,0.001,0.9648770697441044,0.9294149194527646,0.02147873628724507,0.944636541423976,0.007752233102600206,0.007119261967378308
uni,pcam,4,ungrouped,log-loss,0.01,0.9618665328650275,0.9233804310217494,0.009075059286264085,0.9647083692267813,0.009165070979218896,0.008419002714303184
uni,pcam,4,ungrouped,accuracy,0.01,0.9618665328650275,0.9233804310217494,0.009075059286264085,0.9647083692267813,0.009165070979218896,0.008419002714303184
uni,sicap,0,grouped,log-loss,0.001,0.841056302939711,0.8742308285148899,0.02197755155440115,0.8330371209380084,0.046663269528514253,0.033264030715772136
uni,sicap,0,grouped,accuracy,0.001,0.841056302939711,0.8742308285148899,0.02197755155440115,0.8330371209380084,0.046663269528514253,0.033264030715772136
uni,sicap,0,ungrouped,log-loss,0.01,0.8246138515196811,0.8638801138213342,0.060477630009055025,0.8786971060950061,0.05494076183169647,0.03852951318676215
uni,sicap,0,ungrouped,accuracy,0.1,0.8051818634778276,0.8461722313355432,0.11790806913913898,0.920177421675685,0.06871318011976903,0.04831904876305937
uni,sicap,1,grouped,log-loss,0.001,0.8678244090689822,0.9220328696837893,0.03274635182089906,0.8383643884084874,0.042746428904538405,0.03356685294482402
uni,sicap,1,grouped,accuracy,0.001,0.8678244090689822,0.9220328696837893,0.03274635182089906,0.8383643884084874,0.042746428904538405,0.03356685294482402
uni,sicap,1,ungrouped,log-loss,0.01,0.8359864930053064,0.8925233127880136,0.04416060772543612,0.8770816998570244,0.059258239582538674,0.044966160229227885
uni,sicap,1,ungrouped,accuracy,0.1,0.803666184273999,0.8536186331586124,0.11592482535253061,0.919462180173201,0.07747170446634966,0.05674889668074155
uni,sicap,2,grouped,log-loss,0.001,0.8394029850746269,0.7986575880012718,0.024911384564312612,0.8480643275452242,0.041808306674518736,0.02811291913798139
uni,sicap,2,grouped,accuracy,0.001,0.8394029850746269,0.7986575880012718,0.024911384564312612,0.8480643275452242,0.041808306674518736,0.02811291913798139
uni,sicap,2,ungrouped,log-loss,0.01,0.8352238805970149,0.8153746134730826,0.060444212071576124,0.8941906339124434,0.04555703256807311,0.031118365054516792
uni,sicap,2,ungrouped,accuracy,0.01,0.8352238805970149,0.8153746134730826,0.060444212071576124,0.8941906339124434,0.04555703256807311,0.031118365054516792
uni,sicap,3,grouped,log-loss,0.001,0.8616251005631537,0.9104940318616537,0.018166547398233732,0.8572937739418731,0.03296885388647251,0.022892280149150745
uni,sicap,3,grouped,accuracy,0.001,0.8616251005631537,0.9104940318616537,0.018166547398233732,0.8572937739418731,0.03296885388647251,0.022892280149150745
uni,sicap,3,ungrouped,log-loss,0.01,0.8483507642799678,0.9020284110938557,0.05319484485439017,0.9002733206561696,0.04014899897834725,0.027989959809001437
uni,sicap,3,ungrouped,accuracy,0.01,0.8483507642799678,0.9020284110938557,0.05319484485439017,0.9002733206561696,0.04014899897834725,0.027989959809001437
uni,sicap,4,grouped,log-loss,0.001,0.7713139418254764,0.7071333011224405,0.03276600435738349,0.8027663948196554,0.08703188100534051,0.058567714516210345
uni,sicap,4,grouped,accuracy,0.001,0.7713139418254764,0.7071333011224405,0.03276600435738349,0.8027663948196554,0.08703188100534051,0.058567714516210345
uni,sicap,4,ungrouped,log-loss,0.01,0.7387161484453361,0.6674231890245628,0.11052410028909118,0.8492402487344272,0.10518706729608092,0.06755164274481831
uni,sicap,4,ungrouped,accuracy,0.1,0.7101303911735206,0.6358988048710128,0.18954984649098555,0.8994431729575602,0.13539309445798972,0.08853318872311754
uni,panda,0,grouped,log-loss,0.0001,0.3562992125984252,0.4756769144467704,0.028988115811310878,0.38090516931050883,0.5078876891607067,0.2318187882410055
uni,panda,0,grouped,accuracy,0.0001,0.3562992125984252,0.4756769144467704,0.028988115811310878,0.38090516931050883,0.5078876891607067,0.2318187882410055
uni,panda,0,ungrouped,log-loss,0.01,0.35078740157480315,0.4654650663743968,0.21579295704953344,0.5665803586243365,0.5327234272801974,0.2509230265911766
uni,panda,0,ungrouped,accuracy,0.01,0.35078740157480315,0.4654650663743968,0.21579295704953344,0.5665803586243365,0.5327234272801974,0.2509230265911766
uni,panda,1,grouped,log-loss,0.0001,0.3519594974685918,0.455120642037418,0.037503632875762784,0.38333013306137087,0.504480270266775,0.22390891235763621
uni,panda,1,grouped,accuracy,0.0001,0.3519594974685918,0.455120642037418,0.037503632875762784,0.38333013306137087,0.504480270266775,0.22390891235763621
uni,panda,1,ungrouped,log-loss,0.01,0.33583348959309955,0.45806721773750947,0.23333643551776076,0.5691699251108603,0.5498701521878953,0.2520826695554095
uni,panda,1,ungrouped,accuracy,0.01,0.33583348959309955,0.45806721773750947,0.23333643551776076,0.5691699251108603,0.5498701521878953,0.2520826695554095
uni,panda,2,grouped,log-loss,0.0001,0.39527331769799745,0.4866930179152965,0.024603491808157553,0.38803805816748455,0.4440203984783634,0.20612309558747877
uni,panda,2,grouped,accuracy,0.0001,0.39527331769799745,0.4866930179152965,0.024603491808157553,0.38803805816748455,0.4440203984783634,0.20612309558747877
uni,panda,2,ungrouped,log-loss,0.01,0.3792170304889049,0.4560090358187162,0.20126836042790716,0.5794805633208515,0.4885631283721093,0.2354306714749344
uni,panda,2,ungrouped,accuracy,0.01,0.3792170304889049,0.4560090358187162,0.20126836042790716,0.5794805633208515,0.4885631283721093,0.2354306714749344
uni,panda,3,grouped,log-loss,0.0001,0.40654205607476634,0.48517060913789534,0.0243741440141845,0.3831050831321704,0.43939918954379104,0.21180337418837672
uni,panda,3,grouped,accuracy,0.0001,0.40654205607476634,0.48517060913789534,0.0243741440141845,0.3831050831321704,0.43939918954379104,0.21180337418837672
uni,panda,3,ungrouped,log-loss,0.01,0.37473040977713873,0.45958565338793256,0.19827032751520324,0.573000737292342,0.5032646033091704,0.24575487160180848
uni,panda,3,ungrouped,accuracy,0.01,0.37473040977713873,0.45958565338793256,0.19827032751520324,0.573000737292342,0.5032646033091704,0.24575487160180848
uni,panda,4,grouped,log-loss,0.0001,0.3751423149905123,0.47583045310747896,0.028839870508639894,0.3864234444293982,0.4648617065068668,0.20775295855317655
uni,panda,4,grouped,accuracy,0.0001,0.3751423149905123,0.47583045310747896,0.028839870508639894,0.3864234444293982,0.4648617065068668,0.20775295855317655
uni,panda,4,ungrouped,log-loss,0.01,0.3740037950664137,0.47060455918961963,0.20748088531133077,0.5814846803777445,0.4798826967535199,0.2216558497575985
uni,panda,4,ungrouped,accuracy,0.01,0.3740037950664137,0.47060455918961963,0.20748088531133077,0.5814846803777445,0.4798826967535199,0.2216558497575985
hoptimus,breakhis,0,grouped,log-loss,0.001,0.8247787610619469,0.6299548299599754,0.060555758612427936,0.8831501637708402,0.05961349389274016,0.043226039069714256
hoptimus,breakhis,0,grouped,accuracy,0.01,0.8324483775811209,0.6474956063268893,0.10330253842537099,0.9299920486846949,0.05352915381320797,0.0385858866839468
hoptimus,breakhis,0,ungrouped,log-loss,0.1,0.8389380530973451,0.6607701189450726,0.12059579985294153,0.9543030252243926,0.051227273208917325,0.03745079216087534
hoptimus,breakhis,0,ungrouped,accuracy,0.1,0.8389380530973451,0.6607701189450726,0.12059579985294153,0.9543030252243926,0.051227273208917325,0.03745079216087534
hoptimus,breakhis,1,grouped,log-loss,0.0001,0.9652945924132365,0.9170273305061649,0.09150892838417851,0.8737856640290581,0.0030823225931265893,0.002458997978440214
hoptimus,breakhis,1,grouped,accuracy,0.01,0.9725585149313963,0.934008816369498,0.012250000984450372,0.9647183940771255,0.0022336857476639355,0.0018426050573308313
hoptimus,breakhis,1,ungrouped,log-loss,0.1,0.9725585149313963,0.9338980178506421,0.00869534810506752,0.9776524651474111,0.0023492977355072365,0.001958217045174132
hoptimus,breakhis,1,ungrouped,accuracy,1.0,0.9717514124293786,0.9320109183895846,0.015764812514972713,0.9844467174180642,0.0024570856830352676,0.00204288672973097
hoptimus,breakhis,2,grouped,log-loss,0.001,0.9651639344262295,0.9203318864518112,0.04335395888556191,0.9218099755406677,0.0032405520082431937,0.002614710225412926
hoptimus,breakhis,2,grouped,accuracy,0.01,0.9644808743169399,0.9186291108716844,0.015508597636851093,0.9512473572382585,0.003354453152858974,0.002703916901592591
hoptimus,breakhis,2,ungrouped,log-loss,0.1,0.9658469945355191,0.9216683360299972,0.01359208680150728,0.9688756156539216,0.0037655220418292596,0.003163891316175878
hoptimus,breakhis,2,ungrouped,accuracy,0.1,0.9658469945355191,0.9216683360299972,0.01359208680150728,0.9688756156539216,0.0037655220418292596,0.003163891316175878
hoptimus,breakhis,3,grouped,log-loss,0.001,0.8446927374301676,0.6824997798770629,0.0433751467157191,0.8666912632199514,0.06198856483682709,0.049207147745689905
hoptimus,breakhis,3,grouped,accuracy,0.001,0.8446927374301676,0.6824997798770629,0.0433751467157191,0.8666912632199514,0.06198856483682709,0.049207147745689905
hoptimus,breakhis,3,ungrouped,log-loss,0.1,0.8592178770949721,0.7131384716744273,0.08959816190734438,0.947572900604827,0.04274146237032596,0.0322915130561823
hoptimus,breakhis,3,ungrouped,accuracy,0.1,0.8592178770949721,0.7131384716744273,0.08959816190734438,0.947572900604827,0.04274146237032596,0.0322915130561823
hoptimus,breakhis,4,grouped,log-loss,0.001,0.7945344129554656,0.5351121691049071,0.06437743254777246,0.8589118455032381,0.06981252329145121,0.047037060398288796
hoptimus,breakhis,4,grouped,accuracy,0.01,0.8061740890688259,0.5678089607879866,0.09380078938421052,0.8976645557226246,0.06634045038686466,0.04616020029364683
hoptimus,breakhis,4,ungrouped,log-loss,1.0,0.805668016194332,0.568276654699386,0.14356434529418033,0.9492323614885124,0.07015963277155367,0.049870059556105795
hoptimus,breakhis,4,ungrouped,accuracy,1.0,0.805668016194332,0.568276654699386,0.14356434529418033,0.9492323614885124,0.07015963277155367,0.049870059556105795
hoptimus,pcam,0,grouped,log-loss,0.001,0.9540229885057471,0.9072478325227321,0.019527710975606967,0.9376719919164718,0.009240783185334663,0.008155250489920598
hoptimus,pcam,0,grouped,accuracy,0.001,0.9540229885057471,0.9072478325227321,0.019527710975606967,0.9376719919164718,0.009240783185334663,0.008155250489920598
hoptimus,pcam,0,ungrouped,log-loss,0.01,0.9540229885057471,0.9072623360606094,0.01300833481149247,0.9616813950895644,0.010681238906812574,0.009595706211398509
hoptimus,pcam,0,ungrouped,accuracy,0.01,0.9540229885057471,0.9072623360606094,0.01300833481149247,0.9616813950895644,0.010681238906812574,0.009595706211398509
hoptimus,pcam,1,grouped,log-loss,0.01,0.9531615925058547,0.9042296246143322,0.020444740076081873,0.9641763017909408,0.01224396834193822,0.011115802718225322
hoptimus,pcam,1,grouped,accuracy,0.001,0.9514051522248244,0.9005636624310152,0.012985289130571757,0.9412314488538265,0.01259789517238203,0.011383338242756252
hoptimus,pcam,1,ungrouped,log-loss,0.01,0.9531615925058547,0.9042296246143322,0.02044417978864343,0.9641788352397219,0.012243269227560742,0.011115103603847844
hoptimus,pcam,1,ungrouped,accuracy,0.01,0.9531615925058547,0.9042296246143322,0.02044417978864343,0.9641788352397219,0.012243269227560742,0.011115103603847844
hoptimus,pcam,2,grouped,log-loss,0.001,0.9261627906976744,0.8489283066470439,0.01834577789344833,0.9305533303812255,0.021894553034099595,0.01907744132012136
hoptimus,pcam,2,grouped,accuracy,0.001,0.9261627906976744,0.8489283066470439,0.01834577789344833,0.9305533303812255,0.021894553034099595,0.01907744132012136
hoptimus,pcam,2,ungrouped,log-loss,0.01,0.936046511627907,0.8692618963382275,0.02701408488632213,0.9564403366931918,0.018060251593786228,0.015951594447990387
hoptimus,pcam,2,ungrouped,accuracy,0.01,0.936046511627907,0.8692618963382275,0.02701408488632213,0.9564403366931918,0.018060251593786228,0.015951594447990387
hoptimus,pcam,3,grouped,log-loss,0.01,0.9527921704087507,0.9020305916242395,0.01396257980179538,0.9554298186649441,0.008062530475318927,0.006916694279927117
hoptimus,pcam,3,grouped,accuracy,0.01,0.9527921704087507,0.9020305916242395,0.01396257980179538,0.9554298186649441,0.008062530475318927,0.006916694279927117
hoptimus,pcam,3,ungrouped,log-loss,0.01,0.9527921704087507,0.9020305916242395,0.013963355378556842,0.9554293397448607,0.008062762925805917,0.006916926730414108
hoptimus,pcam,3,ungrouped,accuracy,0.01,0.9527921704087507,0.9020305916242395,0.013963355378556842,0.9554293397448607,0.008062762925805917,0.006916926730414108
hoptimus,pcam,4,grouped,log-loss,0.001,0.9603612644254892,0.9203437653200147,0.022745808518120216,0.9376154559073689,0.009448376435148195,0.00864222795047747
hoptimus,pcam,4,grouped,accuracy,0.001,0.9603612644254892,0.9203437653200147,0.022745808518120216,0.9376154559073689,0.009448376435148195,0.00864222795047747
hoptimus,pcam,4,ungrouped,log-loss,0.01,0.958354239839438,0.9163105382476104,0.012730671771287767,0.9599240470917023,0.00849766526824961,0.007607739075077032
hoptimus,pcam,4,ungrouped,accuracy,0.1,0.943803311590567,0.8870523276583557,0.030772030383877737,0.9728906016121043,0.011117581311003714,0.009494012269478488
hoptimus,sicap,0,grouped,log-loss,0.001,0.8226208271051321,0.8349483593814706,0.016748825679964132,0.8110782117023831,0.05551136282944475,0.038712872387149655
hoptimus,sicap,0,grouped,accuracy,0.0001,0.8026905829596412,0.7897818614049963,0.07256822496310526,0.7301223579965359,0.06658046718610873,0.04564202887180323
hoptimus,sicap,0,ungrouped,log-loss,0.1,0.7887394120577977,0.8116342834114054,0.12271142856873579,0.9099164301620519,0.07827377259927135,0.05414364003929696
hoptimus,sicap,0,ungrouped,accuracy,0.1,0.7887394120577977,0.8116342834114054,0.12271142856873579,0.9099164301620519,0.07827377259927135,0.05414364003929696
hoptimus,sicap,1,grouped,log-loss,0.001,0.844187168355041,0.8983064729725835,0.0474712864207202,0.7977156817752449,0.05281958840335037,0.03995848706437341
hoptimus,sicap,1,grouped,accuracy,0.001,0.844187168355041,0.8983064729725835,0.0474712864207202,0.7977156817752449,0.05281958840335037,0.03995848706437341
hoptimus,sicap,1,ungrouped,log-loss,0.01,0.8297153883260975,0.8804853131431399,0.030182889215924436,0.8533241329713122,0.0664108571509186,0.05097026193160651
hoptimus,sicap,1,ungrouped,accuracy,0.1,0.8070429329474192,0.8549058095543889,0.1009481134435698,0.9079589196603327,0.08061621502521495,0.06062519775008804
hoptimus,sicap,2,grouped,log-loss,0.001,0.8250746268656717,0.7715883849425359,0.020266174380209945,0.8291601188506397,0.0546246013880316,0.03829356052201967
hoptimus,sicap,2,grouped,accuracy,0.001,0.8250746268656717,0.7715883849425359,0.020266174380209945,0.8291601188506397,0.0546246013880316,0.03829356052201967
hoptimus,sicap,2,ungrouped,log-loss,0.1,0.7916417910447762,0.7735555033843848,0.1297662258565852,0.9197051833172979,0.0773457705379018,0.05388953354370574
hoptimus,sicap,2,ungrouped,accuracy,0.1,0.7916417910447762,0.7735555033843848,0.1297662258565852,0.9197051833172979,0.0773457705379018,0.05388953354370574
hoptimus,sicap,3,grouped,log-loss,0.001,0.8531777956556718,0.8921018881701507,0.02524235391333338,0.8318809520546516,0.04332557963103921,0.031947663306914065
hoptimus,sicap,3,grouped,accuracy,0.001,0.8531777956556718,0.8921018881701507,0.02524235391333338,0.8318809520546516,0.04332557963103921,0.031947663306914065
hoptimus,sicap,3,ungrouped,log-loss,0.1,0.8403057119871279,0.8797833995980959,0.0898807371228846,0.9296027217108598,0.05056733316684912,0.03704531065819777
hoptimus,sicap,3,ungrouped,accuracy,0.1,0.8403057119871279,0.8797833995980959,0.0898807371228846,0.9296027217108598,0.05056733316684912,0.03704531065819777
hoptimus,sicap,4,grouped,log-loss,0.001,0.7542627883650953,0.715464741644176,0.045127737052811284,0.7928141968478947,0.10442048674391644,0.07133467033561419
hoptimus,sicap,4,grouped,accuracy,0.001,0.7542627883650953,0.715464741644176,0.045127737052811284,0.7928141968478947,0.10442048674391644,0.07133467033561419
hoptimus,sicap,4,ungrouped,log-loss,0.1,0.720160481444333,0.6763314796603541,0.18866211285669768,0.9019527786021778,0.1369676976435903,0.09347317040550682
hoptimus,sicap,4,ungrouped,accuracy,0.1,0.720160481444333,0.6763314796603541,0.18866211285669768,0.9019527786021778,0.1369676976435903,0.09347317040550682
hoptimus,panda,0,grouped,log-loss,0.0001,0.36161417322834644,0.49346447367490276,0.015789709311864072,0.37531338574856765,0.5160419085470641,0.24541904083249466
hoptimus,panda,0,grouped,accuracy,0.001,0.3641732283464567,0.4882373115647911,0.0985172558171366,0.46269048416359326,0.5082938213690477,0.2402651850128542
hoptimus,panda,0,ungrouped,log-loss,0.01,0.352755905511811,0.4584923860754574,0.1999545649855825,0.5522623237474638,0.5375260433465147,0.25778247873244464
hoptimus,panda,0,ungrouped,accuracy,0.01,0.352755905511811,0.4584923860754574,0.1999545649855825,0.5522623237474638,0.5375260433465147,0.25778247873244464
hoptimus,panda,1,grouped,log-loss,0.0001,0.34070879429964374,0.4324611667525371,0.04020942798990021,0.3707295314141004,0.5236640562315223,0.23116145212911027
hoptimus,panda,1,grouped,accuracy,0.0001,0.34070879429964374,0.4324611667525371,0.04020942798990021,0.3707295314141004,0.5236640562315223,0.23116145212911027
hoptimus,panda,1,ungrouped,log-loss,0.01,0.3228951809488093,0.4196918177625404,0.22921372364161066,0.55210890459042,0.5600650135707481,0.24790632053563094
hoptimus,panda,1,ungrouped,accuracy,0.01,0.3228951809488093,0.4196918177625404,0.22921372364161066,0.55210890459042,0.5600650135707481,0.24790632053563094
hoptimus,panda,2,grouped,log-loss,0.0001,0.38318600036081546,0.4515468556867308,0.011391544903172318,0.38133421357981234,0.4750126350243047,0.2257083362158362
hoptimus,panda,2,grouped,accuracy,0.0001,0.38318600036081546,0.4515468556867308,0.011391544903172318,0.38133421357981234,0.4750126350243047,0.2257083362158362
hoptimus,panda,2,ungrouped,log-loss,0.01,0.366408082265921,0.4518180557380125,0.19686278584520758,0.5632708681111285,0.5135534333813019,0.24778086445925862
hoptimus,panda,2,ungrouped,accuracy,0.01,0.366408082265921,0.4518180557380125,0.19686278584520758,0.5632708681111285,0.5135534333813019,0.24778086445925862
hoptimus,panda,3,grouped,log-loss,0.0001,0.38946800862688713,0.45521960642106263,0.01720857728526734,0.37663600328508323,0.4661927247992663,0.22286390609732434
hoptimus,panda,3,grouped,accuracy,0.001,0.38946800862688713,0.4641194867828663,0.07535176416361958,0.46454298166056757,0.4796767365758365,0.2363479178738945
hoptimus,panda,3,ungrouped,log-loss,0.01,0.3754493170381021,0.44305409416376085,0.18012188677380683,0.5555712038119089,0.5101901467144813,0.2533854327214328
hoptimus,panda,3,ungrouped,accuracy,0.01,0.3754493170381021,0.44305409416376085,0.18012188677380683,0.5555712038119089,0.5101901467144813,0.2533854327214328
hoptimus,panda,4,grouped,log-loss,0.0001,0.36242884250474383,0.4406950852376018,0.026090268452914765,0.380049201556847,0.5011198938281399,0.23132711440977205
hoptimus,panda,4,grouped,accuracy,0.001,0.36280834914611004,0.45957682436463676,0.10721230821867725,0.4699379566381766,0.5010677688351679,0.23165999837079398
hoptimus,panda,4,ungrouped,log-loss,0.01,0.35028462998102466,0.46381897324938226,0.21138570632617013,0.5616703363071948,0.517438272374554,0.23511307578766716
hoptimus,panda,4,ungrouped,accuracy,0.01,0.35028462998102466,0.46381897324938226,0.21138570632617013,0.5616703363071948,0.517438272374554,0.23511307578766716
midnight,breakhis,0,grouped,log-loss,0.001,0.8713864306784661,0.732522114284887,0.02754880051077381,0.89262464546818,0.031237222153229636,0.022549262720916875
midnight,breakhis,0,grouped,accuracy,0.1,0.8725663716814159,0.7330903258730044,0.0769478218707042,0.9495141935521203,0.031000299986231283,0.02247433219132211
midnight,breakhis,0,ungrouped,log-loss,0.1,0.8731563421828908,0.7343850787715789,0.07659112980645058,0.9495174381425631,0.031004314791079762,0.022558744332562528
midnight,breakhis,0,ungrouped,accuracy,1.0,0.8684365781710914,0.7236416411073783,0.09822956860556295,0.9633635363523504,0.03226630848161729,0.0231663750416642
midnight,breakhis,1,grouped,log-loss,0.001,0.9854721549636803,0.9644679108686578,0.035795472571228,0.9496766823924524,0.0006329331887052999,0.0005210281250589578
midnight,breakhis,1,grouped,accuracy,0.01,0.9830508474576272,0.9587917700739464,0.012058633432698517,0.9722795838450502,0.0008024417885141402,0.0006511484511141118
midnight,breakhis,1,ungrouped,log-loss,0.1,0.9830508474576272,0.9588614849961975,0.00811865871423924,0.98225849423897,0.0012346435016821786,0.0010833501642821502
midnight,breakhis,1,ungrouped,accuracy,1.0,0.9806295399515739,0.9530242903723176,0.010694681254485819,0.9880819711534992,0.0015337467282069799,0.001337101300101949
midnight,breakhis,2,grouped,log-loss,0.001,0.9521857923497268,0.890335670441996,0.024112348127753792,0.929351551307463,0.00631761070323344,0.005139518037981357
midnight,breakhis,2,grouped,accuracy,0.01,0.9583333333333334,0.9048203711519524,0.0095600431978066,0.960567266073256,0.004471567322542954,0.003576970698792163
midnight,breakhis,2,ungrouped,log-loss,0.1,0.9583333333333334,0.9049298023735612,0.01755207944781382,0.9758854127811472,0.00423059532359961,0.003335998699848819
midnight,breakhis,2,ungrouped,accuracy,1.0,0.9596994535519126,0.9081524582424173,0.026739632283223895,0.984171246902337,0.004261962089790801,0.0034250002247617423
midnight,breakhis,3,grouped,log-loss,0.001,0.8463687150837989,0.6877422416078943,0.03030311606967471,0.8741042591508114,0.04542865067262974,0.03292891548311444
midnight,breakhis,3,grouped,accuracy,1.0,0.8692737430167597,0.7334536480692158,0.09508673081539143,0.9622871974920661,0.04179097229026707,0.032811019202417586
midnight,breakhis,3,ungrouped,log-loss,0.1,0.870391061452514,0.7358474723971804,0.07952847474819683,0.9467451760425813,0.04046954317705724,0.031645717536108654
midnight,breakhis,3,ungrouped,accuracy,1.0,0.8687150837988827,0.732285258601048,0.09576116143738486,0.9622542695349063,0.041821081145585776,0.032762525896352444
midnight,breakhis,4,grouped,log-loss,0.001,0.8441295546558705,0.6523427994319656,0.031712561205501706,0.8748362050425417,0.04691064465369909,0.034037923928576165
midnight,breakhis,4,grouped,accuracy,0.01,0.8532388663967612,0.6724740826770887,0.06467155761307497,0.9149519465571025,0.04346637746706844,0.032090552612921056
midnight,breakhis,4,ungrouped,log-loss,1.0,0.8502024291497976,0.6655072669314872,0.1090729944500673,0.9592754235998647,0.043530352966309055,0.0316664202193644
midnight,breakhis,4,ungrouped,accuracy,1.0,0.8502024291497976,0.6655072669314872,0.1090729944500673,0.9592754235998647,0.043530352966309055,0.0316664202193644
midnight,pcam,0,grouped,log-loss,0.001,0.9566353187042842,0.9126612634544273,0.022803856033800897,0.9377143795277432,0.00834786481873835,0.007382396990955421
midnight,pcam,0,grouped,accuracy,0.01,0.9592476489028213,0.9179034056789912,0.009069417082590792,0.9617560244233545,0.00875442209187016,0.007901885507154295
midnight,pcam,0,ungrouped,log-loss,0.01,0.9592476489028213,0.9179034056789912,0.009070178510854846,0.9617570439169711,0.008754308288382756,0.00790177170366689
midnight,pcam,0,ungrouped,accuracy,0.01,0.9592476489028213,0.9179034056789912,0.009070178510854846,0.9617570439169711,0.008754308288382756,0.00790177170366689
midnight,pcam,1,grouped,log-loss,0.01,0.9326697892271663,0.8616869655351127,0.024833121024601668,0.9563228131537124,0.016589892173820057,0.014250850225531625
midnight,pcam,1,grouped,accuracy,0.01,0.9326697892271663,0.8616869655351127,0.024833121024601668,0.9563228131537124,0.016589892173820057,0.014250850225531625
midnight,pcam,1,ungrouped,log-loss,0.01,0.9326697892271663,0.8616869655351127,0.024835908422159478,0.9563259647363738,0.016587895537142506,0.014248853588854074
midnight,pcam,1,ungrouped,accuracy,0.1,0.9139344262295082,0.8226117772734851,0.05441907479715827,0.9683535010266664,0.021252778291628423,0.017412872226213648
midnight,pcam,2,grouped,log-loss,0.001,0.9226744186046512,0.8416368530066568,0.01490804142637669,0.9356529693681007,0.0238076623857422,0.020715382632922413
midnight,pcam,2,grouped,accuracy,0.001,0.9226744186046512,0.8416368530066568,0.01490804142637669,0.9356529693681007,0.0238076623857422,0.020715382632922413
midnight,pcam,2,ungrouped,log-loss,0.01,0.9267441860465117,0.8500265733646308,0.03658998809402606,0.959182477272518,0.022604909144689808,0.01983238004062265
midnight,pcam,2,ungrouped,accuracy,0.1,0.9244186046511628,0.8452655122016033,0.05171873235096218,0.9755519183202757,0.024078814016877344,0.021125763742880603
midnight,pcam,3,grouped,log-loss,0.001,0.9395509499136442,0.8745259076465,0.02085709834691076,0.936808592115909,0.0070472841695426724,0.005164874262755547
midnight,pcam,3,grouped,accuracy,0.01,0.945308002302821,0.8866598394012887,0.015641871153396127,0.9576586008509753,0.006286879598799832,0.004747495239721197
midnight,pcam,3,ungrouped,log-loss,0.01,0.945308002302821,0.8866598394012887,0.015642364294385397,0.9576588995497354,0.006286532579367091,0.0047471482202884555
midnight,pcam,3,ungrouped,accuracy,0.1,0.943580886586068,0.8832935001254644,0.0302693680763376,0.9734506493457278,0.007901698208898435,0.006263097360672974
midnight,pcam,4,grouped,log-loss,0.001,0.9543401906673357,0.908215944027632,0.019417169545031695,0.9372553199379604,0.00949796468696661,0.008427864668608481
midnight,pcam,4,grouped,accuracy,0.001,0.9543401906673357,0.908215944027632,0.019417169545031695,0.9372553199379604,0.00949796468696661,0.008427864668608481
midnight,pcam,4,ungrouped,log-loss,0.01,0.9598595082789764,0.9193148441659127,0.016980593439281173,0.9620425882860165,0.008657363705281477,0.007830664362075562
midnight,pcam,4,ungrouped,accuracy,0.1,0.9493226292022078,0.8980881110306116,0.028909959555470394,0.9767049979179065,0.010358232049467975,0.009039163932409146
midnight,sicap,0,grouped,log-loss,0.001,0.8440458395615347,0.8799406196691921,0.008777449911377385,0.8477862467744979,0.042541902699805435,0.02965558048703229
midnight,sicap,0,grouped,accuracy,0.001,0.8440458395615347,0.8799406196691921,0.008777449911377385,0.8477862467744979,0.042541902699805435,0.02965558048703229
midnight,sicap,0,ungrouped,log-loss,0.01,0.8460388639760837,0.8848132493308487,0.0512530588304579,0.8923387730287222,0.04507326993560824,0.032523007199879
midnight,sicap,0,ungrouped,accuracy,0.1,0.8425510712506228,0.8820790688885959,0.09001907067677689,0.9309023723269858,0.050655604999296965,0.03751415042001767
midnight,sicap,1,grouped,log-loss,0.001,0.8842257597684515,0.939297309645774,0.020087344124626604,0.8695294576709319,0.02916815204617366,0.022163662707999306
midnight,sicap,1,grouped,accuracy,0.001,0.8842257597684515,0.939297309645774,0.020087344124626604,0.8695294576709319,0.02916815204617366,0.022163662707999306
midnight,sicap,1,ungrouped,log-loss,0.01,0.874095513748191,0.9246620311251741,0.031860386092457046,0.9054665998826443,0.03965789476750395,0.031346255895144774
midnight,sicap,1,ungrouped,accuracy,0.1,0.8687891944042451,0.9195349482709643,0.07212244828810552,0.9346655680273747,0.05140297831464362,0.04235987256352895
midnight,sicap,2,grouped,log-loss,0.001,0.8585074626865672,0.8453086651066313,0.02360003311451681,0.8416386213699547,0.0389615766572894,0.028400629652513873
midnight,sicap,2,grouped,accuracy,0.001,0.8585074626865672,0.8453086651066313,0.02360003311451681,0.8416386213699547,0.0389615766572894,0.028400629652513873
midnight,sicap,2,ungrouped,log-loss,0.01,0.8525373134328358,0.841794123407709,0.03468020324131069,0.8846744155684337,0.04174929396976715,0.030254953038520077
midnight,sicap,2,ungrouped,accuracy,0.1,0.8316417910447761,0.8230385340195212,0.09208732686238369,0.9219841647744123,0.05263451002965377,0.03754210628098599
midnight,sicap,3,grouped,log-loss,0.001,0.8720836685438456,0.9248617247679853,0.016007200464252507,0.8727399464074754,0.031085154134779955,0.022505111841578794
midnight,sicap,3,grouped,accuracy,0.001,0.8720836685438456,0.9248617247679853,0.016007200464252507,0.8727399464074754,0.031085154134779955,0.022505111841578794
midnight,sicap,3,ungrouped,log-loss,0.01,0.8543845534995977,0.9075514970599111,0.06250447752511273,0.9149508302040684,0.03712685041519533,0.025939941570697705
midnight,sicap,3,ungrouped,accuracy,1.0,0.831858407079646,0.8869902390801508,0.13381789494814408,0.9654564733920321,0.050368526546553834,0.035332460970570786
midnight,sicap,4,grouped,log-loss,0.001,0.804914744232698,0.7658391387307919,0.027634648382515233,0.8250816205063641,0.07451318255910526,0.05406074231899487
midnight,sicap,4,grouped,accuracy,0.001,0.804914744232698,0.7658391387307919,0.027634648382515233,0.8250816205063641,0.07451318255910526,0.05406074231899487
midnight,sicap,4,ungrouped,log-loss,0.01,0.7833500501504513,0.7453373342627889,0.09145901040345611,0.8748090605539075,0.08328159680500953,0.057852316097127134
midnight,sicap,4,ungrouped,accuracy,0.1,0.7607823470411234,0.718458068387273,0.15819109484155558,0.9187006836174944,0.09635622539647865,0.06508255768417909
midnight,panda,0,grouped,log-loss,0.0001,0.3763779527559055,0.4809320443639714,0.02485840904638643,0.39464845234119234,0.49869331889751856,0.2427919238141239
midnight,panda,0,grouped,accuracy,0.0001,0.3763779527559055,0.4809320443639714,0.02485840904638643,0.39464845234119234,0.49869331889751856,0.2427919238141239
midnight,panda,0,ungrouped,log-loss,0.01,0.3724409448818898,0.4817940295751052,0.21689756961390852,0.5893385144957983,0.5141884536414194,0.25441891563071045
midnight,panda,0,ungrouped,accuracy,0.01,0.3724409448818898,0.4817940295751052,0.21689756961390852,0.5893385144957983,0.5141884536414194,0.25441891563071045
midnight,panda,1,grouped,log-loss,0.0001,0.3422088880555035,0.4531956758545428,0.059786129829655976,0.3993649157089773,0.5243860512477991,0.23349548189182645
midnight,panda,1,grouped,accuracy,0.001,0.3540221263828989,0.4901212090849245,0.1406709330496421,0.4940916763277107,0.5152690948516051,0.23684577602612633
midnight,panda,1,ungrouped,log-loss,0.01,0.3470841927620476,0.48993863922911474,0.24611401141297787,0.5931982041750254,0.5396173773623222,0.2539206552437642
midnight,panda,1,ungrouped,accuracy,0.01,0.3470841927620476,0.48993863922911474,0.24611401141297787,0.5931982041750254,0.5396173773623222,0.2539206552437642
midnight,panda,2,grouped,log-loss,0.0001,0.39383005592639364,0.5042960803200652,0.014613179963214368,0.40597674456259614,0.45672308636477366,0.21748341166078733
midnight,panda,2,grouped,accuracy,0.0001,0.39383005592639364,0.5042960803200652,0.014613179963214368,0.40597674456259614,0.45672308636477366,0.21748341166078733
midnight,panda,2,ungrouped,log-loss,0.01,0.3833664080822659,0.48713718308922227,0.21361421887276488,0.5969806269550308,0.47526536514985407,0.2261340935075017
midnight,panda,2,ungrouped,accuracy,0.01,0.3833664080822659,0.48713718308922227,0.21361421887276488,0.5969806269550308,0.47526536514985407,0.2261340935075017
midnight,panda,3,grouped,log-loss,0.0001,0.4263120057512581,0.5227731087734802,0.025710340697459966,0.4023329359044049,0.41619853520578565,0.20592569939877606
midnight,panda,3,grouped,accuracy,0.0001,0.4263120057512581,0.5227731087734802,0.025710340697459966,0.4023329359044049,0.41619853520578565,0.20592569939877606
midnight,panda,3,ungrouped,log-loss,0.01,0.3988138030194105,0.5084484173710659,0.19288569940997224,0.5916995024293827,0.4721088717855596,0.23748248370118974
midnight,panda,3,ungrouped,accuracy,0.01,0.3988138030194105,0.5084484173710659,0.19288569940997224,0.5916995024293827,0.4721088717855596,0.23748248370118974
midnight,panda,4,grouped,log-loss,0.0001,0.38633776091081595,0.5148377692967405,0.026050047643430368,0.4008506047274341,0.4675595200167004,0.22126299040198297
midnight,panda,4,grouped,accuracy,0.0001,0.38633776091081595,0.5148377692967405,0.026050047643430368,0.4008506047274341,0.4675595200167004,0.22126299040198297
midnight,panda,4,ungrouped,log-loss,0.01,0.3743833017077799,0.4823115321800685,0.21859994491298554,0.5926734983881187,0.48034847038965306,0.22249470764476076
midnight,panda,4,ungrouped,accuracy,0.01,0.3743833017077799,0.4823115321800685,0.21859994491298554,0.5926734983881187,0.48034847038965306,0.22249470764476076
dinov2_nat,breakhis,0,grouped,log-loss,0.001,0.7887905604719764,0.553050446721221,0.02530901730195799,0.8054107173975023,0.08702858419913051,0.06290091973619413
dinov2_nat,breakhis,0,grouped,accuracy,0.1,0.8165191740412979,0.6138966303985585,0.09825512004747446,0.9147742940887722,0.07499351380628426,0.05697099971127845
dinov2_nat,breakhis,0,ungrouped,log-loss,0.1,0.8165191740412979,0.6138966303985585,0.09825504614378225,0.9147742201850803,0.07499272566033857,0.05697021156533276
dinov2_nat,breakhis,0,ungrouped,accuracy,0.1,0.8165191740412979,0.6138966303985585,0.09825504614378225,0.9147742201850803,0.07499272566033857,0.05697021156533276
dinov2_nat,breakhis,1,grouped,log-loss,0.001,0.8966908797417272,0.7564611684925322,0.05454428187171694,0.8421465978700102,0.03458897076486927,0.02901701462087956
dinov2_nat,breakhis,1,grouped,accuracy,0.1,0.9209039548022598,0.8159597913174225,0.02499834899810561,0.9371051989480503,0.024807824210931775,0.021561923339515086
dinov2_nat,breakhis,1,ungrouped,log-loss,0.1,0.9209039548022598,0.8159597913174225,0.02499798302229158,0.9371052614168943,0.024807906557564475,0.021562005686147787
dinov2_nat,breakhis,1,ungrouped,accuracy,0.1,0.9209039548022598,0.8159597913174225,0.02499798302229158,0.9371052614168943,0.024807906557564475,0.021562005686147787
dinov2_nat,breakhis,2,grouped,log-loss,0.001,0.875,0.7151169467519045,0.05695103171769052,0.8180489682823094,0.049025348327549276,0.04082263603170862
dinov2_nat,breakhis,2,grouped,accuracy,0.1,0.8989071038251366,0.7728633607567866,0.027799895087374436,0.9247005990875542,0.03364532836424492,0.028319462556036436
dinov2_nat,breakhis,2,ungrouped,log-loss,0.1,0.8989071038251366,0.7728633607567866,0.02780166540551584,0.9247032462779036,0.03364663502266778,0.028320769214459293
dinov2_nat,breakhis,2,ungrouped,accuracy,0.1,0.8989071038251366,0.7728633607567866,0.02780166540551584,0.9247032462779036,0.03364663502266778,0.028320769214459293
dinov2_nat,breakhis,3,grouped,log-loss,0.001,0.6994413407821229,0.36736734369436663,0.07558648828106825,0.7750278290631911,0.17706791200565866,0.12645695408996466
dinov2_nat,breakhis,3,grouped,accuracy,0.01,0.7346368715083799,0.447133547565697,0.099853467439637,0.834490338948017,0.16482732089148786,0.12593663508662561
dinov2_nat,breakhis,3,ungrouped,log-loss,0.1,0.7374301675977654,0.4561767538671372,0.15254330093585286,0.88896074648268,0.16250644911040563,0.12447263334497721
dinov2_nat,breakhis,3,ungrouped,accuracy,0.1,0.7374301675977654,0.4561767538671372,0.15254330093585286,0.88896074648268,0.16250644911040563,0.12447263334497721
dinov2_nat,breakhis,4,grouped,log-loss,0.001,0.7064777327935222,0.31163968474577486,0.12611901645325696,0.831012213810363,0.17615588862187453,0.12803465753200075
dinov2_nat,breakhis,4,grouped,accuracy,0.01,0.7353238866396761,0.3900529060557485,0.15183726890566002,0.8816741017115656,0.1451077829226139,0.10643578509818595
dinov2_nat,breakhis,4,ungrouped,log-loss,0.1,0.7419028340080972,0.40989711729331224,0.1749366106243594,0.9153877235300931,0.1450795560309591,0.10840253827057972
dinov2_nat,breakhis,4,ungrouped,accuracy,0.1,0.7419028340080972,0.40989711729331224,0.1749366106243594,0.9153877235300931,0.1450795560309591,0.10840253827057972
dinov2_nat,pcam,0,grouped,log-loss,0.01,0.8787878787878788,0.7561199584350305,0.011995956571148488,0.8787678969181288,0.03437412842295498,0.026680051919065324
dinov2_nat,pcam,0,grouped,accuracy,0.01,0.8787878787878788,0.7561199584350305,0.011995956571148488,0.8787678969181288,0.03437412842295498,0.026680051919065324
dinov2_nat,pcam,0,ungrouped,log-loss,0.01,0.8782654127481714,0.7550496478675969,0.012518004889921056,0.878767024530341,0.03437913703850732,0.0266172599931504
dinov2_nat,pcam,0,ungrouped,accuracy,0.1,0.8850574712643678,0.7687344433435634,0.03333881323629634,0.9088883978318923,0.03385410715532806,0.02694946126986006
dinov2_nat,pcam,1,grouped,log-loss,0.01,0.8747072599531616,0.7448856664651877,0.019273515991048894,0.8697848443087812,0.040703260381475426,0.032467419434968434
dinov2_nat,pcam,1,grouped,accuracy,0.1,0.8665105386416861,0.7270544301508468,0.03471339794396976,0.8993114693024714,0.044182879033203816,0.03480885124180723
dinov2_nat,pcam,1,ungrouped,log-loss,0.1,0.8665105386416861,0.7270544301508468,0.034897720404414245,0.8993108270571026,0.04418457561321858,0.03481054782182199
dinov2_nat,pcam,1,ungrouped,accuracy,0.1,0.8665105386416861,0.7270544301508468,0.034897720404414245,0.8993108270571026,0.04418457561321858,0.03481054782182199
dinov2_nat,pcam,2,grouped,log-loss,0.01,0.8244186046511628,0.6367349222334117,0.060059489371354635,0.8685689531651131,0.10088369506741994,0.08442742731059102
dinov2_nat,pcam,2,grouped,accuracy,0.01,0.8244186046511628,0.6367349222334117,0.060059489371354635,0.8685689531651131,0.10088369506741994,0.08442742731059102
dinov2_nat,pcam,2,ungrouped,log-loss,0.01,0.8244186046511628,0.6367349222334117,0.060059553034271254,0.8685689070531868,0.1008836622121409,0.08442739445531199
dinov2_nat,pcam,2,ungrouped,accuracy,0.1,0.8197674418604651,0.6271120062660849,0.08510819076732962,0.9016523132786206,0.10130375030876464,0.083934953784881
dinov2_nat,pcam,3,grouped,log-loss,0.01,0.8842832469775475,0.7611639407399097,0.010947551405563473,0.8754828557731641,0.026751026696552282,0.019748225858625977
dinov2_nat,pcam,3,grouped,accuracy,0.01,0.8842832469775475,0.7611639407399097,0.010947551405563473,0.8754828557731641,0.026751026696552282,0.019748225858625977
dinov2_nat,pcam,3,ungrouped,log-loss,0.01,0.8842832469775475,0.7611639407399097,0.010947432132222035,0.8754829615268642,0.026750804978328678,0.019748004140402373
dinov2_nat,pcam,3,ungrouped,accuracy,0.1,0.8952216465169833,0.7840455443434352,0.018138173259928156,0.9079986299809216,0.025276719853881184,0.01955487224096204
dinov2_nat,pcam,4,grouped,log-loss,0.01,0.8695434019066733,0.7376659774774865,0.020556038383104505,0.8731144717332381,0.042937847588691735,0.03399941672091557
dinov2_nat,pcam,4,grouped,accuracy,0.01,0.8695434019066733,0.7376659774774865,0.020556038383104505,0.8731144717332381,0.042937847588691735,0.03399941672091557
dinov2_nat,pcam,4,ungrouped,log-loss,0.1,0.8720521826392373,0.742724017639236,0.036521788178215095,0.9021994261525088,0.04432272017110153,0.03573199793398365
dinov2_nat,pcam,4,ungrouped,accuracy,0.1,0.8720521826392373,0.742724017639236,0.036521788178215095,0.9021994261525088,0.04432272017110153,0.03573199793398365
dinov2_nat,sicap,0,grouped,log-loss,0.001,0.7543597409068261,0.7250074358431333,0.03997632311705559,0.728457058408267,0.11339721707851275,0.08033915957769366
dinov2_nat,sicap,0,grouped,accuracy,0.01,0.7558545092177379,0.7531257121820382,0.05120465544501087,0.802548729752859,0.11289771838256636,0.08025990734909202
dinov2_nat,sicap,0,ungrouped,log-loss,0.01,0.7558545092177379,0.7531257121820382,0.05120591482009736,0.8025498975915272,0.11289532256260051,0.08025751152912618
dinov2_nat,sicap,0,ungrouped,accuracy,0.01,0.7558545092177379,0.7531257121820382,0.05120591482009736,0.8025498975915272,0.11289532256260051,0.08025751152912618
dinov2_nat,sicap,1,grouped,log-loss,0.001,0.7525325615050651,0.7617481907402217,0.036009028411728886,0.7231299951255011,0.11163437116066625,0.07806054987172868
dinov2_nat,sicap,1,grouped,accuracy,0.001,0.7525325615050651,0.7617481907402217,0.036009028411728886,0.7231299951255011,0.11163437116066625,0.07806054987172868
dinov2_nat,sicap,1,ungrouped,log-loss,0.01,0.7554269175108539,0.7707377945415615,0.038964826520282915,0.7870176590584865,0.1120766556832844,0.07932087068624916
dinov2_nat,sicap,1,ungrouped,accuracy,0.01,0.7554269175108539,0.7707377945415615,0.038964826520282915,0.7870176590584865,0.1120766556832844,0.07932087068624916
dinov2_nat,sicap,2,grouped,log-loss,0.001,0.6961194029850746,0.5424553513832315,0.038956774143074635,0.7175999825382744,0.17072296302875223,0.11890984704469948
dinov2_nat,sicap,2,grouped,accuracy,0.001,0.6961194029850746,0.5424553513832315,0.038956774143074635,0.7175999825382744,0.17072296302875223,0.11890984704469948
dinov2_nat,sicap,2,ungrouped,log-loss,0.01,0.7253731343283583,0.5873157711467696,0.061232176453915876,0.7807852835125806,0.15022844984587697,0.10841451645766212
dinov2_nat,sicap,2,ungrouped,accuracy,0.01,0.7253731343283583,0.5873157711467696,0.061232176453915876,0.7807852835125806,0.15022844984587697,0.10841451645766212
dinov2_nat,sicap,3,grouped,log-loss,0.001,0.7369267900241352,0.7183980787968859,0.01999944554061094,0.729889017300755,0.12466605136594289,0.0864991679165036
dinov2_nat,sicap,3,grouped,accuracy,0.001,0.7369267900241352,0.7183980787968859,0.01999944554061094,0.729889017300755,0.12466605136594289,0.0864991679165036
dinov2_nat,sicap,3,ungrouped,log-loss,0.01,0.7550281576830249,0.7573073652998232,0.05549217625363233,0.8027665580734717,0.11317673811028983,0.08031872329546108
dinov2_nat,sicap,3,ungrouped,accuracy,0.01,0.7550281576830249,0.7573073652998232,0.05549217625363233,0.8027665580734717,0.11317673811028983,0.08031872329546108
dinov2_nat,sicap,4,grouped,log-loss,0.001,0.6529588766298897,0.44811408181887713,0.06249833557027986,0.7101067826224056,0.2119174635972998,0.14310726524658723
dinov2_nat,sicap,4,grouped,accuracy,0.001,0.6529588766298897,0.44811408181887713,0.06249833557027986,0.7101067826224056,0.2119174635972998,0.14310726524658723
dinov2_nat,sicap,4,ungrouped,log-loss,0.01,0.6795386158475426,0.5330629241584501,0.11015547564107364,0.786722895708553,0.1921430545593049,0.1341351065783848
dinov2_nat,sicap,4,ungrouped,accuracy,0.01,0.6795386158475426,0.5330629241584501,0.11015547564107364,0.786722895708553,0.1921430545593049,0.1341351065783848
dinov2_nat,panda,0,grouped,log-loss,0.001,0.3127952755905512,0.4074708511953894,0.05407520565776847,0.36590578604545587,0.5873389971915598,0.2635993068949903
dinov2_nat,panda,0,grouped,accuracy,0.001,0.3127952755905512,0.4074708511953894,0.05407520565776847,0.36590578604545587,0.5873389971915598,0.2635993068949903
dinov2_nat,panda,0,ungrouped,log-loss,0.01,0.30452755905511814,0.3803948059746304,0.12081566416142174,0.4253432232165399,0.6139340519315045,0.2804745147426979
dinov2_nat,panda,0,ungrouped,accuracy,0.01,0.30452755905511814,0.3803948059746304,0.12081566416142174,0.4253432232165399,0.6139340519315045,0.2804745147426979
dinov2_nat,panda,1,grouped,log-loss,0.0001,0.29476842302643913,0.34679848359729704,0.0235861974722586,0.29396771332749405,0.5917645158628181,0.24654568708758706
dinov2_nat,panda,1,grouped,accuracy,0.001,0.30039377461091316,0.35704167254483554,0.06579943649539476,0.36324347078456853,0.5881520700834196,0.2497521636767609
dinov2_nat,panda,1,ungrouped,log-loss,0.01,0.3045190324395275,0.3615000633305101,0.12001745172103666,0.4245364841605642,0.6045626536516567,0.2710962239563448
dinov2_nat,panda,1,ungrouped,accuracy,0.01,0.3045190324395275,0.3615000633305101,0.12001745172103666,0.4245364841605642,0.6045626536516567,0.2710962239563448
dinov2_nat,panda,2,grouped,log-loss,0.001,0.32635756810391486,0.3476905073654156,0.04074576646329473,0.3660375909722089,0.5638953650182335,0.2556348689265688
dinov2_nat,panda,2,grouped,accuracy,0.001,0.32635756810391486,0.3476905073654156,0.04074576646329473,0.3660375909722089,0.5638953650182335,0.2556348689265688
dinov2_nat,panda,2,ungrouped,log-loss,0.01,0.32978531481147394,0.3501733270128432,0.0967968755769129,0.4265821903883868,0.5790317703414497,0.27459190451864957
dinov2_nat,panda,2,ungrouped,accuracy,0.01,0.32978531481147394,0.3501733270128432,0.0967968755769129,0.4265821903883868,0.5790317703414497,0.27459190451864957
dinov2_nat,panda,3,grouped,log-loss,0.0001,0.3510064701653487,0.3851067826011415,0.0585311403919385,0.2924753297734102,0.5192545431700692,0.2376891416134282
dinov2_nat,panda,3,grouped,accuracy,0.001,0.35190510424155286,0.40904238828576456,0.013553364052934615,0.3607215734466105,0.5266913914332034,0.24606574676924314
dinov2_nat,panda,3,ungrouped,log-loss,0.001,0.35190510424155286,0.40904238828576456,0.013552814985561027,0.36072094948909583,0.5266910319285975,0.24606538726463717
dinov2_nat,panda,3,ungrouped,accuracy,0.01,0.3404025880661395,0.40358553856525503,0.08233654783506114,0.42252068578862717,0.5558495784054294,0.26301967423279093
dinov2_nat,panda,4,grouped,log-loss,0.0001,0.29601518026565465,0.3240758886297389,0.02826585566855098,0.2982335581625875,0.5968875453608823,0.2531884069820131
dinov2_nat,panda,4,grouped,accuracy,0.001,0.31309297912713474,0.35676377555935723,0.05306383435174785,0.3639398260766214,0.5689617551712897,0.24557038234416118
dinov2_nat,panda,4,ungrouped,log-loss,0.01,0.31043643263757115,0.3678867560708008,0.11507228124440819,0.4255087138819793,0.5824513087980853,0.25596345371619966
dinov2_nat,panda,4,ungrouped,accuracy,0.01,0.31043643263757115,0.3678867560708008,0.11507228124440819,0.4255087138819793,0.5824513087980853,0.25596345371619966
imagenet_vit,breakhis,0,grouped,log-loss,0.001,0.8412979351032448,0.6694361372410418,0.015164653036737355,0.8360404332677664,0.06151913834273159,0.048154475989107395
imagenet_vit,breakhis,0,grouped,accuracy,0.01,0.8536873156342183,0.6962497290266638,0.03824591164522893,0.890549509952956,0.0504849169304739,0.03917412844272714
imagenet_vit,breakhis,0,ungrouped,log-loss,0.1,0.8613569321533924,0.7103206780819676,0.06868135109701119,0.9297963344018004,0.048959941494547736,0.03883032418453908
imagenet_vit,breakhis,0,ungrouped,accuracy,0.1,0.8613569321533924,0.7103206780819676,0.06868135109701119,0.9297963344018004,0.048959941494547736,0.03883032418453908
imagenet_vit,breakhis,1,grouped,log-loss,0.001,0.9152542372881356,0.7997284453496266,0.05032978814039787,0.866441411040935,0.031079626104690873,0.027348545904013116
imagenet_vit,breakhis,1,grouped,accuracy,0.01,0.9209039548022598,0.8150599803822417,0.02046705612580263,0.9082503249330729,0.022460482080843867,0.01921458120942718
imagenet_vit,breakhis,1,ungrouped,log-loss,0.1,0.9241323648103309,0.8217369875929458,0.030054077159240668,0.9383694795115404,0.021317190514642557,0.018332959251955636
imagenet_vit,breakhis,1,ungrouped,accuracy,0.1,0.9241323648103309,0.8217369875929458,0.030054077159240668,0.9383694795115404,0.021317190514642557,0.018332959251955636
imagenet_vit,breakhis,2,grouped,log-loss,0.001,0.8968579234972678,0.7643914105564722,0.0670466619464693,0.8392191402570918,0.052606059668025056,0.04705876412554932
imagenet_vit,breakhis,2,grouped,accuracy,0.01,0.9050546448087432,0.786070216604221,0.024976307905714035,0.8954172546503346,0.03395087005449684,0.029261307576351914
imagenet_vit,breakhis,2,ungrouped,log-loss,0.1,0.9112021857923497,0.7977401994541791,0.028695737190121716,0.929278820028265,0.027315520374201093,0.02322050402683285
imagenet_vit,breakhis,2,ungrouped,accuracy,0.1,0.9112021857923497,0.7977401994541791,0.028695737190121716,0.929278820028265,0.027315520374201093,0.02322050402683285
imagenet_vit,breakhis,3,grouped,log-loss,0.001,0.7687150837988826,0.5187253293639505,0.045540254118484724,0.801438255912434,0.14199248518804117,0.11284185818600337
imagenet_vit,breakhis,3,grouped,accuracy,0.001,0.7687150837988826,0.5187253293639505,0.045540254118484724,0.801438255912434,0.14199248518804117,0.11284185818600337
imagenet_vit,breakhis,3,ungrouped,log-loss,0.1,0.7782122905027933,0.5428285788912292,0.1302130586351476,0.9084253491379407,0.11679813393758018,0.09008982854102104
imagenet_vit,breakhis,3,ungrouped,accuracy,0.1,0.7782122905027933,0.5428285788912292,0.1302130586351476,0.9084253491379407,0.11679813393758018,0.09008982854102104
imagenet_vit,breakhis,4,grouped,log-loss,0.001,0.7029352226720648,0.2946822302380506,0.14431950619841533,0.8469897080807516,0.16093754107977956,0.1115756239975928
imagenet_vit,breakhis,4,grouped,accuracy,0.01,0.7277327935222672,0.3656606786331865,0.16966169029983952,0.8973944838221066,0.14962531839862533,0.10857824381142897
imagenet_vit,breakhis,4,ungrouped,log-loss,0.1,0.7398785425101214,0.4010772382413679,0.1921453739677478,0.9320239164778692,0.1483892269834389,0.11110460705494635
imagenet_vit,breakhis,4,ungrouped,accuracy,0.1,0.7398785425101214,0.4010772382413679,0.1921453739677478,0.9320239164778692,0.1483892269834389,0.11110460705494635
imagenet_vit,pcam,0,grouped,log-loss,0.01,0.8735632183908046,0.7443317679320143,0.014813944657553622,0.8883771630483582,0.03613090531536454,0.027744814849062122
imagenet_vit,pcam,0,grouped,accuracy,0.01,0.8735632183908046,0.7443317679320143,0.014813944657553622,0.8883771630483582,0.03613090531536454,0.027744814849062122
imagenet_vit,pcam,0,ungrouped,log-loss,0.01,0.8735632183908046,0.7443317679320143,0.014814963065391797,0.8883781814561964,0.036130814613119865,0.02774472414681745
imagenet_vit,pcam,0,ungrouped,accuracy,0.1,0.8631138975966562,0.7230284887381665,0.0539918544862697,0.917105752082926,0.045502728551193375,0.03563867768251708
imagenet_vit,pcam,1,grouped,log-loss,0.01,0.8635831381733021,0.7193428361067778,0.02747380454492114,0.8841965728848462,0.04634179144789167,0.03654251548451941
imagenet_vit,pcam,1,grouped,accuracy,0.01,0.8635831381733021,0.7193428361067778,0.02747380454492114,0.8841965728848462,0.04634179144789167,0.03654251548451941
imagenet_vit,pcam,1,ungrouped,log-loss,0.01,0.8635831381733021,0.7193428361067778,0.027474029651418506,0.8841969051852302,0.04634082279317597,0.036541546829803706
imagenet_vit,pcam,1,ungrouped,accuracy,0.1,0.8618266978922716,0.715686316000333,0.05551571939884522,0.9162939761196036,0.053681683022917204,0.04362249707479162
imagenet_vit,pcam,2,grouped,log-loss,0.01,0.8087209302325581,0.602151928636512,0.06917731134599185,0.8762615595466072,0.09859987707486247,0.07895778278914092
imagenet_vit,pcam,2,grouped,accuracy,0.01,0.8087209302325581,0.602151928636512,0.06917731134599185,0.8762615595466072,0.09859987707486247,0.07895778278914092
imagenet_vit,pcam,2,ungrouped,log-loss,0.01,0.8087209302325581,0.602151928636512,0.06917714645129629,0.8762612327141077,0.09859968877252857,0.07895759448680703
imagenet_vit,pcam,2,ungrouped,accuracy,0.1,0.8081395348837209,0.6008932790315684,0.10479506348357893,0.9129345983673,0.10833129405668918,0.08856539073370627
imagenet_vit,pcam,3,grouped,log-loss,0.01,0.8831318364997122,0.7587874625383167,0.01639602377265973,0.8854770446506709,0.030209184110903228,0.023063703979267235
imagenet_vit,pcam,3,grouped,accuracy,0.01,0.8831318364997122,0.7587874625383167,0.01639602377265973,0.8854770446506709,0.030209184110903228,0.023063703979267235
imagenet_vit,pcam,3,ungrouped,log-loss,0.01,0.8831318364997122,0.7587874625383167,0.016396020989253548,0.8854773987442579,0.0302083098185672,0.023062829686931206
imagenet_vit,pcam,3,ungrouped,accuracy,0.1,0.8831318364997122,0.7595637916820941,0.041587110756864346,0.914578777600968,0.03605863336019504,0.028913153228559047
imagenet_vit,pcam,4,grouped,log-loss,0.001,0.8590065228299046,0.7159400486221115,0.030045789288771656,0.8384789743144899,0.04741600394449537,0.03693791019175685
imagenet_vit,pcam,4,grouped,accuracy,0.01,0.870546914199699,0.7394441207023233,0.02513053394297041,0.888189472450437,0.044161255515239604,0.03536277552320954
imagenet_vit,pcam,4,ungrouped,log-loss,0.01,0.870546914199699,0.7394441207023233,0.024327729623944232,0.888188901598124,0.044162683383973174,0.03536420339194311
imagenet_vit,pcam,4,ungrouped,accuracy,0.1,0.875062719518314,0.7486233364418331,0.05542738053313549,0.9211160865684141,0.04883173170956261,0.040648734625234384
imagenet_vit,sicap,0,grouped,log-loss,0.001,0.7433981066268062,0.7472369185637835,0.027106160121809247,0.7384945962869439,0.11688987181353522,0.08065912320593788
imagenet_vit,sicap,0,grouped,accuracy,0.001,0.7433981066268062,0.7472369185637835,0.027106160121809247,0.7384945962869439,0.11688987181353522,0.08065912320593788
imagenet_vit,sicap,0,ungrouped,log-loss,0.01,0.7433981066268062,0.7392400801799001,0.06449038829814285,0.8025634501608107,0.11958026944989267,0.08334952084229533
imagenet_vit,sicap,0,ungrouped,accuracy,0.01,0.7433981066268062,0.7392400801799001,0.06449038829814285,0.8025634501608107,0.11958026944989267,0.08334952084229533
imagenet_vit,sicap,1,grouped,log-loss,0.001,0.7530149541726966,0.7676248320692651,0.03035158687745042,0.7226633672952463,0.11314273830269352,0.07970602830683671
imagenet_vit,sicap,1,grouped,accuracy,0.001,0.7530149541726966,0.7676248320692651,0.03035158687745042,0.7226633672952463,0.11314273830269352,0.07970602830683671
imagenet_vit,sicap,1,ungrouped,log-loss,0.01,0.7472262421611191,0.7839765377728825,0.050023467874430114,0.7959332334559707,0.11825650566345818,0.08315400746687499
imagenet_vit,sicap,1,ungrouped,accuracy,0.01,0.7472262421611191,0.7839765377728825,0.050023467874430114,0.7959332334559707,0.11825650566345818,0.08315400746687499
imagenet_vit,sicap,2,grouped,log-loss,0.001,0.6865671641791045,0.5031468501335385,0.039620987507422906,0.7112080616533588,0.18165718296390365,0.12631522966565575
imagenet_vit,sicap,2,grouped,accuracy,0.001,0.6865671641791045,0.5031468501335385,0.039620987507422906,0.7112080616533588,0.18165718296390365,0.12631522966565575
imagenet_vit,sicap,2,ungrouped,log-loss,0.01,0.7074626865671642,0.5785798624072758,0.07937973787271056,0.7868424244398748,0.1573130809794997,0.10952035228528631
imagenet_vit,sicap,2,ungrouped,accuracy,0.01,0.7074626865671642,0.5785798624072758,0.07937973787271056,0.7868424244398748,0.1573130809794997,0.10952035228528631
imagenet_vit,sicap,3,grouped,log-loss,0.001,0.7373290426387772,0.7143645831484844,0.018808746525848814,0.7405412839983057,0.12317811425008267,0.08513399626272111
imagenet_vit,sicap,3,grouped,accuracy,0.001,0.7373290426387772,0.7143645831484844,0.018808746525848814,0.7405412839983057,0.12317811425008267,0.08513399626272111
imagenet_vit,sicap,3,ungrouped,log-loss,0.01,0.7526146419951729,0.7405586148847119,0.0656195838896487,0.8163763369069811,0.10910926858679734,0.07556870833635534
imagenet_vit,sicap,3,ungrouped,accuracy,0.01,0.7526146419951729,0.7405586148847119,0.0656195838896487,0.8163763369069811,0.10910926858679734,0.07556870833635534
imagenet_vit,sicap,4,grouped,log-loss,0.001,0.6424272818455367,0.43765708194032393,0.06180300657951619,0.6960645458742992,0.21737398985398423,0.14398676003181926
imagenet_vit,sicap,4,grouped,accuracy,0.001,0.6424272818455367,0.43765708194032393,0.06180300657951619,0.6960645458742992,0.21737398985398423,0.14398676003181926
imagenet_vit,sicap,4,ungrouped,log-loss,0.01,0.6399197592778335,0.47986787136023357,0.13149464073741768,0.7714144000152513,0.21452468750794182,0.1400223461677665
imagenet_vit,sicap,4,ungrouped,accuracy,0.01,0.6399197592778335,0.47986787136023357,0.13149464073741768,0.7714144000152513,0.21452468750794182,0.1400223461677665
imagenet_vit,panda,0,grouped,log-loss,0.0001,0.32598425196850395,0.38218227378218894,0.03217350473071308,0.2942200381107351,0.5703443413244462,0.26166003298180435
imagenet_vit,panda,0,grouped,accuracy,0.001,0.33267716535433073,0.3952557335567157,0.03761912671266612,0.36928625899277184,0.5732365823456016,0.27198681868864844
imagenet_vit,panda,0,ungrouped,log-loss,0.01,0.3236220472440945,0.368750076801564,0.10958714552760146,0.433209192771696,0.5922257378631427,0.28088480770419794
imagenet_vit,panda,0,ungrouped,accuracy,0.01,0.3236220472440945,0.368750076801564,0.10958714552760146,0.433209192771696,0.5922257378631427,0.28088480770419794
imagenet_vit,panda,1,grouped,log-loss,0.0001,0.29008063003937745,0.3272391592741484,0.0286810859494087,0.29579468605602144,0.6078213240085983,0.25683813604919903
imagenet_vit,panda,1,grouped,accuracy,0.001,0.2945809113069567,0.3416693351290482,0.07888870301228545,0.37262794930099874,0.6101803490421677,0.26473238524154363
imagenet_vit,panda,1,ungrouped,log-loss,0.01,0.2904556534783424,0.33278731654467664,0.14620076113359337,0.436502015454115,0.6236370476901809,0.27311778020486993
imagenet_vit,panda,1,ungrouped,accuracy,0.01,0.2904556534783424,0.33278731654467664,0.14620076113359337,0.436502015454115,0.6236370476901809,0.27311778020486993
imagenet_vit,panda,2,grouped,log-loss,0.0001,0.3088580191232185,0.3324040649989781,0.01130476000762875,0.3005517992164218,0.6001551689552761,0.27181998291443626
imagenet_vit,panda,2,grouped,accuracy,0.001,0.3250947140537615,0.3615114954887656,0.049605222429969585,0.3745087982397477,0.5854987403540145,0.2758215883406127
imagenet_vit,panda,2,ungrouped,log-loss,0.01,0.3267183835468158,0.35915036460750827,0.10994705549772295,0.4366654390445388,0.5879073188572509,0.28005068322084337
imagenet_vit,panda,2,ungrouped,accuracy,0.01,0.3267183835468158,0.35915036460750827,0.10994705549772295,0.4366654390445388,0.5879073188572509,0.28005068322084337
imagenet_vit,panda,3,grouped,log-loss,0.0001,0.35208483105679367,0.37288642391782045,0.06031202916999762,0.29177280188679605,0.5062042870562926,0.22576631821005172
imagenet_vit,panda,3,grouped,accuracy,0.01,0.34202012940330695,0.37338572619092425,0.09248461095841659,0.43434663754705033,0.5494641736756726,0.2583736827895443
imagenet_vit,panda,3,ungrouped,log-loss,0.01,0.34202012940330695,0.37338572619092425,0.09248568725641354,0.43434771849547116,0.5494641119738032,0.2583736210876749
imagenet_vit,panda,3,ungrouped,accuracy,0.01,0.34202012940330695,0.37338572619092425,0.09248568725641354,0.43434771849547116,0.5494641119738032,0.2583736210876749
imagenet_vit,panda,4,grouped,log-loss,0.0001,0.2937381404174573,0.32581694947914774,0.027740572625888128,0.29848075804442614,0.6008466017544056,0.25436652500514795
imagenet_vit,panda,4,grouped,accuracy,0.001,0.31043643263757115,0.37883145934734985,0.06490645613219892,0.37259398089278584,0.5902802917593195,0.2637924366774339
imagenet_vit,panda,4,ungrouped,log-loss,0.01,0.3094876660341556,0.37658727720544005,0.12736234142249572,0.43685000745665137,0.599858846658218,0.27225960576674385
imagenet_vit,panda,4,ungrouped,accuracy,0.01,0.3094876660341556,0.37658727720544005,0.12736234142249572,0.43685000745665137,0.599858846658218,0.27225960576674385
