model,task,seed,C,accuracy,qwk,ece,mean_confidence,aurc,e_aurc
lunit,breakhis,0,1e-06,0.5899705014749262,0.0,0.11417033879578387,0.7041408402707101,0.17498848661011088,0.07615531871102198
lunit,breakhis,0,1e-05,0.5905604719764012,0.0016973173898652272,0.19114966018782553,0.6853175408854679,0.16378817322355513,0.06526620165509224
lunit,breakhis,0,0.0001,0.7728613569321534,0.5013048644889632,0.06640243361624604,0.7096120292665135,0.09348187805796515,0.06540830698771816
lunit,breakhis,0,0.001,0.8094395280235989,0.597740673389541,0.01663398554251034,0.803753103152243,0.07174139876450271,0.05225093677308171
lunit,breakhis,0,0.01,0.8194690265486726,0.6235520394832341,0.057168327686811876,0.8766373542354844,0.0666046118333653,0.04917559511156844
lunit,breakhis,0,0.1,0.824188790560472,0.6340419057555208,0.09809593979634425,0.9222847303568161,0.0713656249157383,0.05486413307224279
lunit,breakhis,0,1.0,0.8188790560471977,0.622572467841432,0.13170987735079392,0.9505889333979916,0.07715769046293465,0.059610824981432234
lunit,breakhis,1,1e-06,0.7158999192897498,0.0,0.22441757560019873,0.6748117281052497,0.06661838550403704,0.02166811226380034
lunit,breakhis,1,1e-05,0.7191283292978208,0.016191006416165554,0.25540656285681457,0.6746379495639828,0.05941174358303492,0.01553448690834855
lunit,breakhis,1,0.0001,0.9225181598062954,0.8009964898661197,0.16863983498671886,0.7538783248195765,0.010597142069017546,0.007483488255353158
lunit,breakhis,1,0.001,0.9531880548829701,0.8864753683997675,0.08499693771916447,0.8705206178494345,0.0037414950736897132,0.0026094214288189983
lunit,breakhis,1,0.01,0.96045197740113,0.9046553373128984,0.03435154920735638,0.9265912993943972,0.0034558555219827585,0.0026473592275168263
lunit,breakhis,1,0.1,0.9515738498789347,0.8843205661663331,0.006901773973129466,0.9488735626691064,0.004938626956516822,0.0037271445610656305
lunit,breakhis,1,1.0,0.9467312348668281,0.8735944895643653,0.020563838255608674,0.964582208182908,0.007057726469562357,0.005591569621327751
lunit,breakhis,2,1e-06,0.6844262295081968,0.0,0.06853938876493966,0.6793103718605539,0.0969134882960411,0.04074888380509759
lunit,breakhis,2,1e-05,0.6885245901639344,0.01769255217713739,0.20861719190485384,0.6710260825359539,0.08775634019807864,0.03313488229652285
lunit,breakhis,2,0.0001,0.8852459016393442,0.7220278297664577,0.16102564474821449,0.7242202568911297,0.027114295678374898,0.020223476336067046
lunit,breakhis,2,0.001,0.9275956284153005,0.8350804703241768,0.09114986546219035,0.8364457629531101,0.010537286894904057,0.007825711152699834
lunit,breakhis,2,0.01,0.9364754098360656,0.8562141200623503,0.035953071327543856,0.9054202119477281,0.008794711134345493,0.0067111986280349156
lunit,breakhis,2,0.1,0.9371584699453552,0.8578412746662614,0.01877302105548074,0.9419255125441609,0.010220215630240826,0.00818151791434427
lunit,breakhis,2,1.0,0.9323770491803278,0.8478055419045099,0.030245621407472435,0.9588222654664911,0.011645052674742895,0.009282176051576843
lunit,breakhis,3,1e-06,0.5480446927374302,0.0,0.18751922498175078,0.7204994379246418,0.266021322913761,0.14353302721701616
lunit,breakhis,3,1e-05,0.5480446927374302,0.0,0.19517172702424515,0.7165895657829923,0.24370127230879757,0.1212129766120527
lunit,breakhis,3,0.0001,0.6284916201117319,0.19762972669462664,0.11136736797189097,0.7256209009280296,0.19497385272164877,0.11525371185324307
lunit,breakhis,3,0.001,0.7089385474860335,0.38949602441518383,0.08334171381221546,0.7894953522926544,0.1405481821133281,0.09327068659906082
lunit,breakhis,3,0.01,0.7553072625698324,0.4935408729220525,0.09821812548103509,0.8527884686433425,0.12209308170673538,0.08929437131712653
lunit,breakhis,3,0.1,0.758659217877095,0.5023585968118722,0.14185644158824273,0.9005156594653377,0.12302380596093625,0.09115926621060229
lunit,breakhis,3,1.0,0.7491620111731844,0.48374693444432026,0.18405607587257206,0.9332180870457563,0.12888652905025544,0.09433648945685433
lunit,breakhis,4,1e-06,0.6260121457489879,0.0,0.0742093819134676,0.7002215276624555,0.23767726285755728,0.1568098123802128
lunit,breakhis,4,1e-05,0.6260121457489879,0.0,0.13722957611860728,0.7010767197032186,0.23242148484300026,0.1515540343656558
lunit,breakhis,4,0.0001,0.6487854251012146,0.13926802784281,0.08935696440008704,0.7381423895013015,0.2139334834242687,0.14332917426159475
lunit,breakhis,4,0.001,0.7039473684210527,0.31330523094177865,0.12653954648647123,0.819371825256586,0.16362679240535077,0.11462117482762636
lunit,breakhis,4,0.01,0.7459514170040485,0.4288142600656204,0.13358858324612993,0.8746996657448514,0.12983762307773752,0.09435925474700105
lunit,breakhis,4,0.1,0.7555668016194332,0.4577412133677261,0.1564597869395139,0.912026588558947,0.12225424793178269,0.0895348243184579
lunit,breakhis,4,1.0,0.7520242914979757,0.4583121206187586,0.19269341011239188,0.9431220465908985,0.12248895830596879,0.08876740107546438
lunit,pcam,0,1e-06,0.5370950888192267,0.0,0.04812587981519485,0.5602848830819581,0.15618166475339415,0.027003490641162337
lunit,pcam,0,1e-05,0.8829676071055381,0.7617047766204604,0.2708612120610559,0.6121063950444822,0.038894242521970844,0.03173140343717632
lunit,pcam,0,0.0001,0.9096133751306165,0.8174149527824862,0.12691626293604968,0.7826971121945668,0.020902066560793537,0.01666463222814425
lunit,pcam,0,0.001,0.9174503657262278,0.8332068461901632,0.0345434599891919,0.8846818262692733,0.01689712126999809,0.013370511898317873
lunit,pcam,0,0.01,0.9216300940438872,0.8417512203510907,0.01055147328048697,0.9225952539933872,0.016765614994618094,0.013590702710641889
lunit,pcam,0,0.1,0.9205851619644723,0.8397165089880138,0.019137722692970267,0.9347715907387313,0.017390371168948083,0.014129315074419748
lunit,pcam,0,1.0,0.9148380355276907,0.8282916788208682,0.025911791078356405,0.9400680553961991,0.01947771588659405,0.015721631529589053
lunit,pcam,1,1e-06,0.5626463700234192,0.0,0.1754689679428695,0.5552514183705758,0.14189802618886085,0.027996558494002358
lunit,pcam,1,1e-05,0.8881733021077284,0.768606366679907,0.2706874467264573,0.6174858553812711,0.036394715609774406,0.02986233473449717
lunit,pcam,1,0.0001,0.9180327868852459,0.8327029610008718,0.13318284114639772,0.7848499457388481,0.021975368281071248,0.0184963241943685
lunit,pcam,1,0.001,0.9180327868852459,0.8324018430750814,0.04025806144264795,0.8837845317415083,0.021674677104349015,0.018195633017646266
lunit,pcam,1,0.01,0.9115925058548009,0.8188257971698644,0.02142778048329409,0.9252489406572172,0.02396257941481412,0.01990822028902594
lunit,pcam,1,0.1,0.9069086651053864,0.8091123794528636,0.034584464019296574,0.940810853176117,0.02602952883610753,0.021528198591810665
lunit,pcam,1,1.0,0.90807962529274,0.8113432146987891,0.050488770463877265,0.9522193310370124,0.0298443508959467,0.025457026401769944
lunit,pcam,2,1e-06,0.5511627906976744,0.0,0.014024993563511091,0.5651877842611854,0.20216223573944847,0.08153607680678834
lunit,pcam,2,1e-05,0.7465116279069768,0.46217928122274754,0.12467564475401177,0.6224783633754639,0.14055428540716966,0.1052305007577802
lunit,pcam,2,0.0001,0.8244186046511628,0.6352083239696166,0.06198660148699868,0.7711714209458569,0.07622546334830022,0.0597691955914713
lunit,pcam,2,0.001,0.8738372093023256,0.7404161798252935,0.012708377316863638,0.8671508284893027,0.04380206081159781,0.03544931972682583
lunit,pcam,2,0.01,0.8936046511627908,0.7820487253631137,0.021116590906150028,0.9123345037080761,0.03488356649776322,0.028980514302565083
lunit,pcam,2,0.1,0.8965116279069767,0.7881327782452722,0.039673436953555644,0.9329971364101928,0.03258372646675043,0.02700380705149131
lunit,pcam,2,1.0,0.891860465116279,0.7784487534626039,0.05560998694362581,0.9444141213092514,0.035266945967288424,0.029165476871268803
lunit,pcam,3,1e-06,0.584916522740357,0.0,0.21941271216192876,0.5514968572720668,0.12451553804030693,0.022995232072002714
lunit,pcam,3,1e-05,0.8779504893494531,0.7427461259345471,0.26140741419775876,0.6165430751516944,0.03242739127985677,0.024621248792121436
lunit,pcam,3,0.0001,0.90097869890616,0.7953337598868857,0.11698238474402786,0.7839963141621321,0.020047029852504804,0.014945580448569617
lunit,pcam,3,0.001,0.9096142774899252,0.8132957518140933,0.04172349838051333,0.8801232903250085,0.015458496855672941,0.011218743136596553
lunit,pcam,3,0.01,0.9182498560736903,0.8311678355472017,0.012468138769027857,0.9175129437926027,0.014250716096657075,0.0107906734953604
lunit,pcam,3,0.1,0.9142199194012666,0.8234511653479604,0.01848921190527368,0.9319651621564907,0.0144934186476296,0.010679664000387437
lunit,pcam,3,1.0,0.9124928036845136,0.8208697610864075,0.029695321980883437,0.9406143726319577,0.015763844006363253,0.011793065013530196
lunit,pcam,4,1e-06,0.5253386853988962,0.0,0.04119369932942805,0.5661320191667727,0.1768120936723393,0.040198599166835186
lunit,pcam,4,1e-05,0.8268941294530858,0.647778667400221,0.21406475164984243,0.6128293778032434,0.06861303035153202,0.052638625892535894
lunit,pcam,4,0.0001,0.9016557952834923,0.8017742621365234,0.12782404774492098,0.7738317475385714,0.029767287871716813,0.0247400171454843
lunit,pcam,4,0.001,0.9177119919719017,0.8342565754377709,0.044905076048540264,0.877638440777363,0.021280945114512336,0.017777759438761722
lunit,pcam,4,0.01,0.924234821876568,0.8474963121069816,0.015177365258887469,0.9187774122765848,0.01993043636163431,0.016965886670139003
lunit,pcam,4,0.1,0.9187155042649272,0.8365122864156722,0.021147351958504854,0.933999378016142,0.021495648255156204,0.018078339103594694
lunit,pcam,4,1.0,0.9061716006021073,0.8113695247379127,0.03939655051807505,0.9424022102650002,0.02567378522960147,0.021103844835720267
lunit,sicap,0,1e-06,0.5007473841554559,0.359061386869549,0.1732423218423348,0.4147182209397403,0.3157451550952885,0.16271188741406484
lunit,sicap,0,1e-05,0.5535625311410065,0.5079164120759203,0.13300870321148273,0.5208795087847067,0.22754045808354054,0.10835791424273802
lunit,sicap,0,0.0001,0.71898355754858,0.6789082838912385,0.07443957213084852,0.6586561600753378,0.12082776754893632,0.0769460773038382
lunit,sicap,0,0.001,0.7757847533632287,0.7744509423511123,0.023792576030118737,0.7689996514907129,0.08037809732625183,0.053063373468329095
lunit,sicap,0,0.01,0.7927254608868959,0.7876761661712822,0.02833033405306932,0.8203972851357154,0.07134903629942674,0.04815580762126614
lunit,sicap,0,0.1,0.7772795216741405,0.7831735313977043,0.07192008547189807,0.8491996071460385,0.08140306778382485,0.05446676915315654
lunit,sicap,0,1.0,0.752366716492277,0.7530267736284366,0.1195824382786112,0.8719491547708883,0.10062564633683116,0.06700265180645379
lunit,sicap,1,1e-06,0.6459237819585142,0.6939327386210216,0.23389046488975873,0.41203331706875557,0.2062548093858191,0.1344095473654443
lunit,sicap,1,1e-05,0.6705258080077183,0.7418752913299642,0.12806353568593953,0.5440585930483102,0.16609002151863314,0.1045409071306257
lunit,sicap,1,0.0001,0.788712011577424,0.848813507929285,0.10752412658707514,0.6834481698353777,0.08038617496739286,0.05625120769975293
lunit,sicap,1,0.001,0.8461167390255668,0.9025401093563098,0.05846060903259368,0.7893328263438317,0.04929439073481889,0.0367583838636142
lunit,sicap,1,0.01,0.8364688856729378,0.9055700765236507,0.01287133524844221,0.845425133225754,0.05146732182197342,0.037261636829679014
lunit,sicap,1,0.1,0.8051133622768933,0.8899979822778521,0.0725878975393959,0.8775989993728336,0.06827900619780466,0.047871556757323935
lunit,sicap,1,1.0,0.7896767969126869,0.873391087062011,0.11457495497932646,0.9019246933659174,0.08667622557436058,0.06276989680488779
lunit,sicap,2,1e-06,0.3701492537313433,0.1899901411474385,0.04190057236839501,0.40047360122290304,0.5980599608292292,0.33589372183010446
lunit,sicap,2,1e-05,0.5826865671641791,0.38742293899197655,0.08522070530399978,0.5016801888139761,0.2888056281888481,0.1860800860601764
lunit,sicap,2,0.0001,0.7408955223880597,0.5882470385863638,0.07187664724043204,0.6694089302455384,0.12694894166762927,0.0899584884960313
lunit,sicap,2,0.001,0.7928358208955224,0.6823504294157267,0.015322069876138381,0.786566780514568,0.08389613158674473,0.06071833152987513
lunit,sicap,2,0.01,0.7964179104477612,0.7133661472975235,0.052801090696049054,0.8415455025157124,0.08292952430522565,0.06057625643927056
lunit,sicap,2,0.1,0.7976119402985075,0.7290874786603618,0.07417304768857394,0.8659810573334354,0.08840368602348007,0.0663216783341737
lunit,sicap,2,1.0,0.7802985074626866,0.7304708131164815,0.10868612415300627,0.8853681224199225,0.10140417456984568,0.07521257763374165
lunit,sicap,3,1e-06,0.5687851971037812,0.536830004062546,0.20598518636029914,0.40955553676071477,0.24346877991131005,0.1331056915304283
lunit,sicap,3,1e-05,0.6355591311343524,0.6793265534523867,0.11661016232775341,0.5361278300926103,0.20222644903183098,0.12577956317584094
lunit,sicap,3,0.0001,0.7437650844730491,0.7953438050493302,0.06854742691544267,0.6852532911740736,0.1062582583643851,0.07014862357102425
lunit,sicap,3,0.001,0.8165728077232502,0.8618471032035644,0.028195251369332222,0.7979347882972001,0.06153350029747782,0.043539082016334135
lunit,sicap,3,0.01,0.8149637972646823,0.8729826530135129,0.04165169034543295,0.8566154876101153,0.057284527745392916,0.03896215103783381
lunit,sicap,3,0.1,0.8145615446500403,0.8739724017822046,0.07469413180069473,0.8876424642763239,0.061631333955946194,0.04322647152348956
lunit,sicap,3,1.0,0.8125502815768303,0.8671801918502091,0.10375993117555946,0.9114406021483983,0.0684979349631926,0.04967766229291655
lunit,sicap,4,1e-06,0.302407221664995,0.05771988338929379,0.11442095938655798,0.4123443501305365,0.65682752529381,0.32073310388389104
lunit,sicap,4,1e-05,0.5055165496489469,0.2861381898990467,0.10370203873547928,0.5044761358693359,0.31776248307311794,0.16800557120039916
lunit,sicap,4,0.0001,0.6765295887662989,0.5323147887404516,0.05286710170621051,0.6298803284852903,0.17150222179241073,0.11232433639853112
lunit,sicap,4,0.001,0.7301905717151455,0.638899486214417,0.025760634751540834,0.7521573884410989,0.1257748249333716,0.08550597683617708
lunit,sicap,4,0.01,0.7337011033099298,0.6507312362805477,0.0862043000201732,0.8199054033301031,0.13164242863426576,0.09246992099650048
lunit,sicap,4,0.1,0.7136409227683049,0.6627959842831387,0.15094254399272058,0.8596089317818146,0.1521645956146327,0.1064985854387211
lunit,sicap,4,1.0,0.6870611835506519,0.6400822820769856,0.19795772134626732,0.8850189048969194,0.17914123851602595,0.12399996927520496
lunit,panda,0,1e-06,0.2110236220472441,0.10153833738356366,0.06045150359012391,0.188754009186655,0.6722169749227465,0.21147038424385872
lunit,panda,0,1e-05,0.30551181102362207,0.3734300341636845,0.07308788470226828,0.2324239263213538,0.5653704976323299,0.2330797377904329
lunit,panda,0,0.0001,0.34566929133858265,0.43885053808042673,0.027579945250465556,0.33066533726636693,0.5240066290052995,0.23680660030262418
lunit,panda,0,0.001,0.3551181102362205,0.45501540233812077,0.05669570284423216,0.4103488358480308,0.5164955405234666,0.23920568436068268
lunit,panda,0,0.01,0.3673228346456693,0.4704542719442518,0.09577882302845449,0.46278540961008996,0.5119966000349218,0.24713619079335214
lunit,panda,0,0.1,0.3734251968503937,0.47079764562823145,0.12414009038977095,0.49732410095713053,0.5148900202482025,0.2560914025121899
lunit,panda,0,1.0,0.3716535433070866,0.46771511590721304,0.14238883007630082,0.5123125880464995,0.5197802704931572,0.2592321238070237
lunit,panda,1,1e-06,0.2190136883555222,0.11427017636765557,0.043150892329643496,0.1863044456496221,0.653449446295475,0.2049887221089045
lunit,panda,1,1e-05,0.30170635664729045,0.337307039980807,0.07108901896197158,0.23231493170049933,0.5763453552796343,0.23952129970144054
lunit,panda,1,0.0001,0.3375210950684418,0.40385284781519826,0.02344842643345126,0.3306586816878633,0.5288503311211802,0.23290018704826726
lunit,panda,1,0.001,0.3440840052503282,0.41085907045457015,0.07104590155765107,0.4107998640091573,0.5166771277185834,0.22779235798196806
lunit,panda,1,0.01,0.34745921620101256,0.42729831333689705,0.11789995850473135,0.46482244705255565,0.515806877346984,0.23050683311052633
lunit,panda,1,0.1,0.35233452090755674,0.4272568630800053,0.14685553932092082,0.4991900602284776,0.5215600347147394,0.24138012639397127
lunit,panda,1,1.0,0.3459591224451528,0.42060136786901625,0.16868090343220982,0.5146400258773627,0.5299117506142005,0.24302256182455373
lunit,panda,2,1e-06,0.18112935233628,0.034980726643067395,0.0900540153100409,0.1906436206487592,0.6823685428216718,0.17289148518486797
lunit,panda,2,1e-05,0.3278008298755187,0.36035644580077886,0.09238652336320335,0.23541430651231532,0.5497291222984185,0.2430816789590487
lunit,panda,2,0.0001,0.36749052859462383,0.409530560266846,0.03210720845538503,0.3353833201392388,0.4930482176866605,0.22836093339357483
lunit,panda,2,0.001,0.37434602200974204,0.4299770921033049,0.04542223151859513,0.4168285275913514,0.49223741225090456,0.2343499406309108
lunit,panda,2,0.01,0.3752480606169944,0.4403563813254311,0.09559377052686699,0.47084183114386147,0.4892331082991754,0.23223095243408015
lunit,panda,2,0.1,0.38011906909615734,0.4474436253370999,0.1298114531551731,0.5077971762926412,0.4889627508226532,0.23670396195609217
lunit,panda,2,1.0,0.37651091466714776,0.44617854182460825,0.14790491733003733,0.5244158319971851,0.4938952134589897,0.2381288579647834
lunit,panda,3,1e-06,0.21369518332135154,0.10475449594309294,0.09773113511493928,0.1880872069070288,0.6178252138468201,0.1612251511008072
lunit,panda,3,1e-05,0.35244428468727534,0.39450725042092283,0.12152958590162315,0.23091469878565218,0.4990875983277979,0.21902470593131507
lunit,panda,3,0.0001,0.38964773544212794,0.44195350169321157,0.06233896668171667,0.3296354463227477,0.4569434983714937,0.21378413198735105
lunit,panda,3,0.001,0.400431344356578,0.4560857464991874,0.02035438583200547,0.41380881894286903,0.4537435389152474,0.22060096237409324
lunit,panda,3,0.01,0.401509705248023,0.4614830786049954,0.069109854620309,0.4701460444084073,0.460118740692756,0.22796174018030294
lunit,panda,3,0.1,0.3968368080517613,0.4494452071579058,0.10892370471849643,0.5054713196685667,0.4733783821667695,0.2369295345372203
lunit,panda,3,1.0,0.39342199856218546,0.4436815078002915,0.12906494802874346,0.5206984301294025,0.4836673152184376,0.24404735625192975
lunit,panda,4,1e-06,0.21802656546489563,0.10292437364358187,0.06845774777656623,0.18879002057656843,0.6539336534555121,0.2039706671628973
lunit,panda,4,1e-05,0.31537001897533207,0.34211474939116027,0.08060470646531726,0.23476531251001484,0.5564585206232864,0.23570332769244529
lunit,panda,4,0.0001,0.3318785578747628,0.3923355318613948,0.024108860604159604,0.33267772176890287,0.5306637889412464,0.2285364240295163
lunit,panda,4,0.001,0.34933586337760913,0.4194092555288982,0.06683847641236922,0.4138262354850495,0.5134246830182523,0.23010284546408938
lunit,panda,4,0.01,0.36489563567362426,0.4461098949903719,0.1071185617830336,0.4711601470150421,0.501394046538148,0.23409674052073914
lunit,panda,4,0.1,0.3635673624288425,0.4459117522175168,0.14412383186296682,0.5076911942918094,0.5038953017387379,0.23525635867657668
lunit,panda,4,1.0,0.3574952561669829,0.44445684543771624,0.16614732169499905,0.523642577861982,0.5088562869843213,0.23402207624108096
ctranspath,breakhis,0,1e-06,0.5899705014749262,0.0,0.11521583659509063,0.7020569999077064,0.14606515874726606,0.047231990848177155
ctranspath,breakhis,0,1e-05,0.6584070796460177,0.19119749794998375,0.15550769326048033,0.6817541409894633,0.13234492995076524,0.0658205762232121
ctranspath,breakhis,0,0.0001,0.824188790560472,0.6252642980614433,0.05545967725113603,0.7687291133093359,0.06231306215778465,0.045811570314289146
ctranspath,breakhis,0,0.001,0.8342182890855457,0.6506731012530576,0.0301318463024767,0.851778355337425,0.05454306637828077,0.039923014575084494
ctranspath,breakhis,0,0.01,0.8348082595870207,0.6530803192889096,0.06397357879421929,0.8987818383812399,0.048635524295293754,0.03412237606996966
ctranspath,breakhis,0,0.1,0.8336283185840708,0.6491945249715607,0.0958502706880977,0.9294342524612648,0.04748912762957183,0.03276175501335382
ctranspath,breakhis,0,1.0,0.8306784660766962,0.6416107679216718,0.12645685754115227,0.9571353236178484,0.0505208035325658,0.03525055797442667
ctranspath,breakhis,1,1e-06,0.7158999192897498,0.0,0.3567084447735234,0.6751997628675886,0.05298976206490836,0.008039488824671662
ctranspath,breakhis,1,1e-05,0.837772397094431,0.527030081113983,0.15984048370045817,0.6917193790306556,0.03102920607047985,0.017029257012709534
ctranspath,breakhis,1,0.0001,0.9499596448748991,0.8800651992668205,0.11400451821578103,0.8363246129156363,0.005383765227116457,0.004090135818854649
ctranspath,breakhis,1,0.001,0.9628732849071832,0.9111645219212928,0.04300752833390044,0.9218467044907913,0.003903131050320524,0.003190264991940174
ctranspath,breakhis,1,0.01,0.9636803874092009,0.9130231984936813,0.021750406975676498,0.9532767285532991,0.0030065380506081136,0.0023241949168165623
ctranspath,breakhis,1,0.1,0.9661016949152542,0.918207281152058,0.013559404779483962,0.9705615012550365,0.0034809880613177516,0.0028861601715244175
ctranspath,breakhis,1,1.0,0.9588377723970944,0.901261479179265,0.025745906905410936,0.9834435448228988,0.005565300779192786,0.004689660754539724
ctranspath,breakhis,2,1e-06,0.6844262295081968,0.0,0.2779517888099995,0.6775847130567989,0.071832339387994,0.015667734897050485
ctranspath,breakhis,2,1e-05,0.7807377049180327,0.3843324057916333,0.16860504057736736,0.6729655347376655,0.05570297193719335,0.02961090939582603
ctranspath,breakhis,2,0.0001,0.924863387978142,0.8260621613915027,0.13182866032860835,0.7941262616019644,0.013153755056296566,0.01023186501233906
ctranspath,breakhis,2,0.001,0.9412568306010929,0.8663507591969836,0.057418019698972596,0.8838388109021204,0.010013425997648867,0.008233174695303666
ctranspath,breakhis,2,0.01,0.9378415300546448,0.8583368423738978,0.018727421421711906,0.919114108632933,0.010612479317682314,0.008618098534977265
ctranspath,breakhis,2,0.1,0.9255464480874317,0.8275428289823497,0.02368488136518208,0.9439069013595572,0.012912750250951519,0.010044194565914174
ctranspath,breakhis,2,1.0,0.9146174863387978,0.8019969098534128,0.051871332585854524,0.9664888189246523,0.0167515383600218,0.01296888603802073
ctranspath,breakhis,3,1e-06,0.5480446927374302,0.0,0.21397730334806728,0.7189529540073388,0.20010889367827428,0.07762059798152941
ctranspath,breakhis,3,1e-05,0.5603351955307263,0.029729443058515215,0.22811772072868303,0.7098532565091034,0.18624803744118001,0.07101786749757903
ctranspath,breakhis,3,0.0001,0.740782122905028,0.4535192659198307,0.03738032303800603,0.760591964805836,0.11504066423152258,0.0780211295198143
ctranspath,breakhis,3,0.001,0.8055865921787709,0.5984109731049074,0.035911279421798475,0.8387084832530262,0.07823148186462203,0.05791917983646991
ctranspath,breakhis,3,0.01,0.8212290502793296,0.6330825295269916,0.07001068669077537,0.8910038014986317,0.06476991959052933,0.04769274920135794
ctranspath,breakhis,3,0.1,0.8273743016759777,0.6462798987525693,0.09781802694496275,0.9251923286209403,0.05957799634157418,0.04368993385246633
ctranspath,breakhis,3,1.0,0.8340782122905028,0.6600166017136345,0.12278481561875132,0.9544212556156014,0.059245522490204934,0.044602623789681856
ctranspath,breakhis,4,1e-06,0.6260121457489879,0.0,0.07823209149794617,0.7011785210014945,0.17324924341409564,0.09238179293675118
ctranspath,breakhis,4,1e-05,0.6169028340080972,-0.014668215068701196,0.17656009324542538,0.7120126162440809,0.16671581859372206,0.0815127940907449
ctranspath,breakhis,4,0.0001,0.7024291497975709,0.28415942234352565,0.0909731158527553,0.7854527175538689,0.1359014773960322,0.08636086417768976
ctranspath,breakhis,4,0.001,0.743421052631579,0.3962918147064354,0.11075096284523792,0.8534845871966449,0.10741850761502188,0.07119356598389642
ctranspath,breakhis,4,0.01,0.7616396761133604,0.4461395636701222,0.1322374606446746,0.8938771367580349,0.0983653195691656,0.0673252402581781
ctranspath,breakhis,4,0.1,0.7793522267206477,0.49463567775821193,0.15505221096294336,0.9280308431374439,0.09336109713342641,0.066943920526497
ctranspath,breakhis,4,1.0,0.7808704453441295,0.4985524030110018,0.17510792567863362,0.9559783710227634,0.09077762710063207,0.06473783678239736
ctranspath,pcam,0,1e-06,0.5893416927899686,0.12023363688038169,0.19429730784652452,0.5563434974266324,0.17868668687250316,0.07953504054717855
ctranspath,pcam,0,1e-05,0.8458725182863114,0.689093750378563,0.193226001305546,0.6526465169807654,0.057064572307959104,0.04448457543634576
ctranspath,pcam,0,0.0001,0.8746081504702194,0.7483775126096083,0.08611337262485284,0.7884947778453666,0.041559067103501504,0.033313873304985565
ctranspath,pcam,0,0.001,0.8949843260188087,0.7884268705144775,0.034186200392753725,0.8610706321830979,0.029829368871386857,0.024083948324317275
ctranspath,pcam,0,0.01,0.906478578892372,0.8113779081482656,0.011908048299119357,0.9022004186792041,0.023944178809420964,0.019403540886003247
ctranspath,pcam,0,0.1,0.9022988505747126,0.802947870523607,0.033303220968965805,0.9282720471501998,0.02427429711857154,0.01931251775621059
ctranspath,pcam,0,1.0,0.8928944618599791,0.7839802858681254,0.05343129102900117,0.9463257528889804,0.02896388801785985,0.022983611237453763
ctranspath,pcam,1,1e-06,0.6416861826697893,0.19965085563339846,0.17753227054877904,0.5560528824447674,0.15793584289873033,0.08420502423056088
ctranspath,pcam,1,1e-05,0.8460187353629977,0.6853908346733752,0.18228900122502043,0.6637297341379773,0.060139381173064395,0.04757903509836371
ctranspath,pcam,1,0.0001,0.8758782201405152,0.7474208178884677,0.07766164753788365,0.7982165726026316,0.0417174362095293,0.033637906313713384
ctranspath,pcam,1,0.001,0.8899297423887588,0.7749396178436807,0.029044661379591285,0.8670197130090769,0.0315185187921491,0.025193209804168615
ctranspath,pcam,1,0.01,0.8916861826697893,0.7778312141589535,0.018758758165821694,0.9059742130197058,0.03201433012650332,0.025892626365369577
ctranspath,pcam,1,0.1,0.8875878220140515,0.7686939520002709,0.04312163905323829,0.9283316391933554,0.03603826181958091,0.02943608542873962
ctranspath,pcam,1,1.0,0.8782201405152225,0.7494940720046595,0.06948121967542199,0.9468431482683003,0.041374519854529675,0.03360291778472011
ctranspath,pcam,2,1e-06,0.5546511627906977,0.008560489308418462,0.13251708161794773,0.5727663402171189,0.22693521572598127,0.10837716519978574
ctranspath,pcam,2,1e-05,0.7296511627906976,0.4276349687983053,0.0694441219703195,0.6602070408203782,0.16222155750004646,0.12177196332816559
ctranspath,pcam,2,0.0001,0.7872093023255814,0.5568058934847255,0.033896277714068716,0.7791686882229463,0.11263111676962376,0.08812715140635548
ctranspath,pcam,2,0.001,0.836046511627907,0.6607922121517288,0.025154057645073703,0.846533392431748,0.07045751169292759,0.05616808380668191
ctranspath,pcam,2,0.01,0.8633720930232558,0.718263129133349,0.035963352402381514,0.8898894342214113,0.05472244681102675,0.04489240925909514
ctranspath,pcam,2,0.1,0.8633720930232558,0.7179863584098951,0.06046664263837466,0.9132382488387777,0.055527418912833866,0.04569738136090226
ctranspath,pcam,2,1.0,0.8406976744186047,0.6704151281190556,0.09497561363501641,0.9346249863413542,0.0630522924497187,0.04958419090690725
ctranspath,pcam,3,1e-06,0.6827864133563616,0.267199155939167,0.15967468166271143,0.5553870206840968,0.13819701320848646,0.08142512496464321
ctranspath,pcam,3,1e-05,0.8347725964306275,0.6557800169445064,0.1756233224672136,0.6591492739634139,0.057632608206783016,0.043114187607647465
ctranspath,pcam,3,0.0001,0.872769142199194,0.738664871227382,0.08005542673498225,0.7927137154642118,0.04235972373041492,0.03386234026906648
ctranspath,pcam,3,0.001,0.8848589522164652,0.7629740008269301,0.026460293489964176,0.8627816709602578,0.029111482745821027,0.022179459220514855
ctranspath,pcam,3,0.01,0.899251583189407,0.7924769435893655,0.017721133769344095,0.898695846421565,0.02292310821083043,0.017639412634776298
ctranspath,pcam,3,0.1,0.8894645941278065,0.7708871473009662,0.034197876871567154,0.9216279084111207,0.024006752630516746,0.017627483711028385
ctranspath,pcam,3,1.0,0.871042026482441,0.7317230242663353,0.06693635243484569,0.9379783789172867,0.03175830542124256,0.023023681738939178
ctranspath,pcam,4,1e-06,0.5509282488710486,0.05648895097615536,0.13716091891759258,0.5641363090920131,0.20569483279979023,0.08494670612913892
ctranspath,pcam,4,1e-05,0.8098344204716508,0.6152962309729145,0.15483315986392182,0.655001260607729,0.08436862197945853,0.06497004987317503
ctranspath,pcam,4,0.0001,0.8605117912694431,0.7194470100219559,0.07483088833112632,0.7856809029383167,0.05588969534390506,0.045639429893219015
ctranspath,pcam,4,0.001,0.8886101354741596,0.7759612813844396,0.03242726774731135,0.8561828677268483,0.04032291708085986,0.03384702122041139
ctranspath,pcam,4,0.01,0.8866031108881084,0.7718311942518348,0.026373888538366953,0.8994315091402648,0.03454895396038155,0.027833263479656287
ctranspath,pcam,4,0.1,0.8891118916206724,0.776799238249291,0.037665812512720956,0.9254529632113242,0.03373470356245784,0.027318047661730092
ctranspath,pcam,4,1.0,0.8861013547415956,0.770786415524131,0.05927748981316373,0.944048513556914,0.036729309086802095,0.029952960453967222
ctranspath,sicap,0,1e-06,0.5326357747882412,0.5442905640145006,0.1455060276251187,0.43868182798376226,0.26392406471384783,0.13195999630508973
ctranspath,sicap,0,1e-05,0.5854509217737918,0.6186007252499917,0.09947533356403346,0.5675804377807511,0.20490273342063403,0.10368497342083476
ctranspath,sicap,0,0.0001,0.7404085700049826,0.7465004305546805,0.048820618228935235,0.6979874007106022,0.10664264634841608,0.0695186658650539
ctranspath,sicap,0,0.001,0.7852516193323368,0.810967413612963,0.024747207686891547,0.798231810411701,0.08035493543035827,0.05538849078959193
ctranspath,sicap,0,0.01,0.7857498754359741,0.8142523343957048,0.06615120906605618,0.8519010845020303,0.07902356961688023,0.05417754498628325
ctranspath,sicap,0,0.1,0.783756851021425,0.8111096221347321,0.10415209907546466,0.8860343763880009,0.08575506531149099,0.06042546292293481
ctranspath,sicap,0,1.0,0.770802192326856,0.7759630345775972,0.1486743154668375,0.9188758079034667,0.09658637349241675,0.06798940025401282
ctranspath,sicap,1,1e-06,0.6570188133140377,0.7398165763721831,0.21894087935435014,0.4380779339596875,0.20031055061196942,0.13322256239136282
ctranspath,sicap,1,1e-05,0.6951278340569224,0.7773251236371077,0.11149737028347759,0.5836304637734447,0.1484987854791617,0.0963429518989252
ctranspath,sicap,1,0.0001,0.7959479015918958,0.8609122819347268,0.08819354724957372,0.707754354342322,0.07160142277758312,0.0491525769513067
ctranspath,sicap,1,0.001,0.8268210323203087,0.8740341998204153,0.03897103229939703,0.7906140871475613,0.05720831700258926,0.04122167284255968
ctranspath,sicap,1,0.01,0.8084901109503135,0.8538915887358742,0.0309995873611503,0.8355158036008018,0.07003773374336497,0.05035601241782326
ctranspath,sicap,1,0.1,0.7761698022190062,0.8225361853502415,0.10010273447919824,0.8731780964656116,0.09318793145429,0.06597273892654495
ctranspath,sicap,1,1.0,0.7414375301495417,0.7796095339077802,0.17514460493488876,0.9128478480251779,0.11800818005511507,0.08119504844531421
ctranspath,sicap,2,1e-06,0.4955223880597015,0.3203980449471229,0.08626350429119048,0.4178844338302084,0.4089450962328546,0.25224438818607353
ctranspath,sicap,2,1e-05,0.6346268656716418,0.4644525353325911,0.08997991806208851,0.5454486820168873,0.22894845852373943,0.15204258647827007
ctranspath,sicap,2,0.0001,0.7474626865671642,0.6167735090999442,0.05357949686780634,0.6994902516655046,0.11249674457061026,0.07744869576485186
ctranspath,sicap,2,0.001,0.7940298507462686,0.7247002322370248,0.01680503092707942,0.7985158617770601,0.07484988104600844,0.05194871968822845
ctranspath,sicap,2,0.01,0.8005970149253732,0.753095677107467,0.057159672654957826,0.8479831512156945,0.07155322826135417,0.05014155667344657
ctranspath,sicap,2,0.1,0.7898507462686567,0.7506598650017847,0.09940224880337639,0.8881791564868562,0.08018777230483391,0.056310502272609815
ctranspath,sicap,2,1.0,0.7653731343283582,0.7374037609160182,0.15686564970771794,0.9222387840360761,0.09763413281606796,0.06759175059612722
ctranspath,sicap,3,1e-06,0.6074014481094127,0.6398631213872832,0.21175304026323066,0.4324041677016297,0.2031577854736044,0.11330959656214103
ctranspath,sicap,3,1e-05,0.67538213998391,0.7310240173929408,0.09424844178871364,0.5816565776079005,0.16044861683545386,0.10083717461366395
ctranspath,sicap,3,0.0001,0.7819790828640386,0.8317193754653778,0.05979640098693046,0.7221826818771082,0.07903813315297274,0.05328336735302917
ctranspath,sicap,3,0.001,0.826226870474658,0.8742978634547302,0.014483251166460818,0.823145250632832,0.05588645339229376,0.03979342325561987
ctranspath,sicap,3,0.01,0.832260659694288,0.8775550094410338,0.042912364101442765,0.8739099721348994,0.05770060087655052,0.04273857085537616
ctranspath,sicap,3,0.1,0.828238133547868,0.8734186540731995,0.08229316997821048,0.9105313035260786,0.06447038003341907,0.04875923007338086
ctranspath,sicap,3,1.0,0.8101367658889783,0.8654870684872772,0.13202777252221903,0.9416772951046851,0.07551760166442442,0.05619226416270402
ctranspath,sicap,4,1e-06,0.4197592778335005,0.20254224783772934,0.06003275885391465,0.42323998711357325,0.43673935111468226,0.22073523839917314
ctranspath,sicap,4,1e-05,0.5561685055165496,0.3893539226785946,0.07422616574155096,0.5365941307836222,0.26451256947717916,0.14686495228019172
ctranspath,sicap,4,0.0001,0.6940822467402207,0.5547392370222285,0.04055147054033924,0.6541163436545321,0.1448366418874024,0.0922966094804457
ctranspath,sicap,4,0.001,0.7447342026078235,0.6593947725393255,0.02558292682473439,0.7592964062161106,0.11713703466636069,0.08130118839367362
ctranspath,sicap,4,0.01,0.7367101303911735,0.6806277019848941,0.0853535697031848,0.8207352252285616,0.12672241933802691,0.08847626012116618
ctranspath,sicap,4,0.1,0.7026078234704113,0.6145949826219834,0.16452347570150136,0.8665166894701446,0.15208075131348114,0.10260394905295539
ctranspath,sicap,4,1.0,0.6810431293881645,0.5733195468419863,0.23294501998903783,0.9139881493772023,0.1882249549091353,0.1307969753959593
ctranspath,panda,0,1e-06,0.2265748031496063,0.17912518084357543,0.04829453843342451,0.19389980689807837,0.6744344723524144,0.23732427310944082
ctranspath,panda,0,1e-05,0.30866141732283464,0.3951391841941708,0.04965680056697365,0.25900461675586106,0.5825165695353368,0.25394463870499506
ctranspath,panda,0,0.0001,0.3498031496062992,0.45612105079810283,0.010625511957840752,0.35636946039847794,0.5315455182304077,0.24871256088762111
ctranspath,panda,0,0.001,0.3549212598425197,0.46768834186789465,0.07794272689696562,0.4324275893109672,0.5176881614169334,0.2401944311499395
ctranspath,panda,0,0.01,0.36003937007874015,0.45800102879046756,0.1318970666446405,0.4919364367233806,0.5193836126471061,0.24715530165131439
ctranspath,panda,0,0.1,0.35236220472440943,0.4394215858169829,0.18587812503097545,0.5382403297553849,0.5342411911215356,0.2540871400561038
ctranspath,panda,0,1.0,0.3498031496062992,0.42877544255018063,0.2130798489437618,0.562882998550061,0.5442555761384716,0.261422618795685
ctranspath,panda,1,1e-06,0.23776486030376898,0.20737202121313236,0.046605348515911235,0.19115951178785776,0.6555951497765483,0.23483137784710612
ctranspath,panda,1,1e-05,0.31201950121882616,0.38044364003172393,0.06428712814491463,0.256481018000523,0.5723940334860906,0.24775490568115693
ctranspath,panda,1,0.0001,0.3403337708606788,0.42760900960498416,0.018619001317143488,0.3540943264765401,0.5416713473131705,0.24876470367217296
ctranspath,panda,1,0.001,0.3437089818113632,0.4566407649981227,0.08816891237375113,0.43187143527926863,0.5422938176105695,0.25300870722685526
ctranspath,panda,1,0.01,0.33358334895930997,0.45083440939074515,0.15978306128515077,0.4933664102444607,0.5589297226156075,0.2586792560125058
ctranspath,panda,1,0.1,0.3204575285955372,0.4213431657732717,0.22177232082144957,0.5422298494169868,0.5801931972581827,0.2652694618353771
ctranspath,panda,1,1.0,0.31858241140071253,0.4069203074836939,0.2492702687870708,0.5678526801877833,0.5904518604194856,0.27338855878172225
ctranspath,panda,2,1e-06,0.23056106801371098,0.18441202147982527,0.040249228241291284,0.19348745208433632,0.6545117463507828,0.223291728631536
ctranspath,panda,2,1e-05,0.34024896265560167,0.4005817570540847,0.08323232147824657,0.25822369645290955,0.5247160549422419,0.2317203269563588
ctranspath,panda,2,0.0001,0.3783149918816525,0.4556831159962119,0.023513942115816137,0.3583915868049737,0.4801509525624147,0.2261426819652066
ctranspath,panda,2,0.001,0.38589211618257263,0.48190041663396765,0.054002556963850014,0.43967098585480324,0.47327777770462875,0.22655999024247991
ctranspath,panda,2,0.01,0.38246436947501355,0.4633641882209487,0.12013173792110367,0.5011816268276691,0.47754801266743935,0.22755075541701447
ctranspath,panda,2,0.1,0.37163990618798487,0.4469015716604572,0.177813134028925,0.5494530402169099,0.49156899819552846,0.23101251675036666
ctranspath,panda,2,1.0,0.3653256359372181,0.44018889871874056,0.21010865276393229,0.5751116931415964,0.500978871049501,0.2341178197204813
ctranspath,panda,3,1e-06,0.2595255212077642,0.220261448294218,0.06829734406955043,0.19122817713821372,0.588581837436932,0.19811486293809355
ctranspath,panda,3,1e-05,0.3664629762760604,0.43526047213379637,0.11218659998108668,0.25427637629497374,0.48742347785044915,0.22170623941106837
ctranspath,panda,3,0.0001,0.3876707404744788,0.4846474739000559,0.03453390491500449,0.35434733794248696,0.46468943066722374,0.2196615208632996
ctranspath,panda,3,0.001,0.39809489575844714,0.5025560088198164,0.039730512754247535,0.4366365389966393,0.47554754061047755,0.24025957644931045
ctranspath,panda,3,0.01,0.3855140186915888,0.4917624162711972,0.11057833751633817,0.495871720498962,0.5002125804418759,0.2531347592865306
ctranspath,panda,3,0.1,0.36322789360172536,0.4493302558800949,0.17729332370781414,0.5405212173095396,0.5259649018804426,0.25698548825143874
ctranspath,panda,3,1.0,0.35298346513299783,0.43622989992020256,0.21186161854500918,0.564845083678007,0.5377495957380279,0.25824863075338866
ctranspath,panda,4,1e-06,0.2398481973434535,0.18405220215051898,0.07022281117602412,0.19305580912149542,0.6190844475275097,0.20130357593464981
ctranspath,panda,4,1e-05,0.32941176470588235,0.3899367735402085,0.0709712151704908,0.25844146248435146,0.5328552169423081,0.22799758891186106
ctranspath,panda,4,0.0001,0.3586337760910816,0.44952839163559877,0.01842699772899159,0.35965466030132104,0.49997145558503453,0.2263066611996854
ctranspath,panda,4,0.001,0.36622390891840606,0.47999760835676075,0.07219514031668563,0.4375956818216118,0.49080074761159526,0.22484024352046328
ctranspath,panda,4,0.01,0.3554079696394687,0.466480894149378,0.1372260288785274,0.4926339985179961,0.5005357711369405,0.22354820487029442
ctranspath,panda,4,0.1,0.34800759013282734,0.4523976623554342,0.18733376787337488,0.5353413580062023,0.5122091985306988,0.22748773307353815
ctranspath,panda,4,1.0,0.338899430740038,0.44024079305259256,0.21858455004765553,0.5574839807876936,0.5204701240134967,0.22601360577296115
conch,breakhis,0,1e-06,0.5899705014749262,0.0,0.12638956540386878,0.700857897111664,0.22679597084026384,0.12796280294117496
conch,breakhis,0,1e-05,0.6696165191740413,0.2367320681891284,0.0453433305669797,0.6859142777493191,0.20919684782345926,0.14726569785016982
conch,breakhis,0,0.0001,0.7109144542772862,0.38074112734864296,0.07815821456924624,0.7867682009318054,0.15822529024698093,0.11162075689540876
conch,breakhis,0,0.001,0.7174041297935103,0.39670078579257306,0.12568735891539637,0.8430914887089068,0.1330947231126858,0.08867687024408988
conch,breakhis,0,0.01,0.7427728613569321,0.45098359681445377,0.12720869180371977,0.8687611155824201,0.109008937739264,0.07258057973785981
conch,breakhis,0,0.1,0.7657817109144542,0.5015610590758086,0.13842686095618909,0.8990856525741091,0.09486973123554872,0.06493743653248521
conch,breakhis,0,1.0,0.7663716814159292,0.5031533131995025,0.1620526858209136,0.9271698720154485,0.092991251447109,0.06321634194772999
conch,breakhis,1,1e-06,0.7158999192897498,0.0,0.31838393230945194,0.676270889492423,0.05476761559113549,0.009817342350898796
conch,breakhis,1,1e-05,0.8652138821630347,0.6171489472720106,0.15623092989522483,0.7089829522678098,0.03086689753751898,0.02129080501342896
conch,breakhis,1,0.0001,0.9257465698143664,0.8092883027883647,0.1021265910465526,0.8275350024501402,0.010175990504743932,0.007318362219899692
conch,breakhis,1,0.001,0.9467312348668281,0.8658272460572172,0.05789819519823145,0.890443936495828,0.00600380330383921,0.004537646455604604
conch,breakhis,1,0.01,0.9652945924132365,0.9141666787497402,0.04079887949279666,0.9278241317328967,0.0027922971896377664,0.002168972574951391
conch,breakhis,1,0.1,0.9693301049233253,0.9253694909236163,0.021695356825796253,0.9509204009308471,0.002164301121498691,0.0016767230439311289
conch,breakhis,1,1.0,0.966908797417272,0.9195458368110383,0.010638971751671557,0.9673369635194625,0.00284447719381926,0.0022774717578228788
conch,breakhis,2,1e-06,0.6844262295081968,0.0,0.3002400786918914,0.676227079120298,0.07814241008546792,0.021977805594524412
conch,breakhis,2,1e-05,0.8394808743169399,0.5823682792174685,0.15976974036855077,0.6797111339483891,0.049325947081497686,0.03563731208714668
conch,breakhis,2,0.0001,0.8790983606557377,0.7238230441622223,0.097005518249195,0.7865641887278669,0.03135850710481085,0.02369487087754429
conch,breakhis,2,0.001,0.8859289617486339,0.7432679343237691,0.04467950239812012,0.8455890164079738,0.02717168208802361,0.02036409058446448
conch,breakhis,2,0.01,0.9221311475409836,0.8230399267119628,0.03925409584562338,0.8876590362352303,0.015802261270353033,0.012661985302299589
conch,breakhis,2,0.1,0.9398907103825137,0.8626126126126126,0.023732924757645376,0.9200191426283684,0.013202765574951873,0.011338352071902424
conch,breakhis,2,1.0,0.9351092896174863,0.8519398561555462,0.019114875288740295,0.9441855402304444,0.01545534284978986,0.01328070573791609
conch,breakhis,3,1e-06,0.5480446927374302,0.0,0.2146907668737065,0.7160300409113507,0.24583095997509594,0.12334266427835107
conch,breakhis,3,1e-05,0.575977653631285,0.07259963712468409,0.1281539266469952,0.694920899081659,0.24158924090991304,0.13520752946693873
conch,breakhis,3,0.0001,0.6754189944134078,0.32224100559547564,0.1027377122881882,0.7718998929559867,0.19702794910179736,0.13740560456469886
conch,breakhis,3,0.001,0.6821229050279329,0.3374277748070199,0.14322301852555921,0.8215882907958051,0.18164117183533235,0.12461830118422199
conch,breakhis,3,0.01,0.6972067039106146,0.36879730702118496,0.14663426667308144,0.8438409705836959,0.15397358385512563,0.10255960527915772
conch,breakhis,3,0.1,0.7424581005586592,0.4658183009294563,0.1405153345407202,0.8798620376412745,0.1311400131692592,0.0946219269740205
conch,breakhis,3,1.0,0.7569832402234636,0.4972890473380498,0.16245712087580405,0.9172070046157956,0.12110852272393399,0.08877875298112577
conch,breakhis,4,1e-06,0.6260121457489879,0.0,0.06785417667769733,0.6938663224266852,0.15832020124098964,0.07745275076364518
conch,breakhis,4,1e-05,0.7054655870445344,0.26297102851774135,0.08126483850026989,0.6755732125545744,0.14612765714813547,0.09765376083359625
conch,breakhis,4,0.0001,0.792004048582996,0.5306060641089366,0.031620045013091284,0.7612856170270789,0.10804583590556173,0.08468371812644569
conch,breakhis,4,0.001,0.7904858299595142,0.5289424375839977,0.03796192137598202,0.8284477513354962,0.09666523236759976,0.07294724287418423
conch,breakhis,4,0.01,0.805668016194332,0.565568580121309,0.05398742292584999,0.858184239779322,0.08348880916673686,0.06319923595128898
conch,breakhis,4,0.1,0.8081983805668016,0.5711029507776115,0.08232166759547241,0.8866134154086649,0.08659627551062242,0.0668501430438806
conch,breakhis,4,1.0,0.7834008097165992,0.5204389338299087,0.1356228014306758,0.9187545241989573,0.1008286216920093,0.07541125175091774
conch,pcam,0,1e-06,0.5532915360501567,0.03748722213661182,0.23008758307258814,0.5594946549717167,0.16053986007303273,0.041191516362849206
conch,pcam,0,1e-05,0.8913270637408568,0.7794916219311986,0.2293717005726969,0.66195536316816,0.03498307473655023,0.028823446403043296
conch,pcam,0,0.0001,0.9080459770114943,0.8142050944903083,0.09110167262479872,0.821570535422135,0.024170436543886085,0.019782753176621554
conch,pcam,0,0.001,0.9153605015673981,0.8290913179791779,0.025606487403815034,0.894329526326713,0.021965026236149248,0.01825543295859331
conch,pcam,0,0.01,0.9137931034482759,0.8259672070439719,0.012735095669307354,0.9204238104014613,0.02085366233981677,0.017003700508853033
conch,pcam,0,0.1,0.9117032392894462,0.8217482302450378,0.029895884650002008,0.9338265053000505,0.020889909683503495,0.016848606863444415
conch,pcam,0,1.0,0.9106583072100314,0.8195822698984063,0.03103166994781628,0.9416899771578477,0.023310837043445495,0.01917206796924357
conch,pcam,1,1e-06,0.5971896955503513,0.08800762435758736,0.2810302012556195,0.5554537401475516,0.14603529792603223,0.050970616920076234
conch,pcam,1,1e-05,0.905152224824356,0.8054229211877602,0.240867216457985,0.6642850083663709,0.03544075510194532,0.03076558082416205
conch,pcam,1,0.0001,0.9110070257611241,0.8184175886278783,0.0911933890183597,0.8198136367427643,0.023845102733697277,0.019736190868594333
conch,pcam,1,0.001,0.9151053864168618,0.8270129666933954,0.026563154648958757,0.8888815716700594,0.021152939794510852,0.017418008892544946
conch,pcam,1,0.01,0.9221311475409836,0.8409487454524577,0.015113250929246286,0.9164737973079289,0.02016756790354776,0.01703108948309586
conch,pcam,1,0.1,0.927400468384075,0.8511988151662098,0.017494920998343867,0.9322160731478303,0.022237537024725806,0.01951474658139274
conch,pcam,1,1.0,0.914519906323185,0.8244819300174414,0.03130124797010001,0.9452050747943072,0.026350747050808195,0.022563515980720185
conch,pcam,2,1e-06,0.5587209302325581,0.018530547436036326,0.12346971260250789,0.5690441524536313,0.22315357665271737,0.10698059971962301
conch,pcam,2,1e-05,0.7680232558139535,0.5115806374474773,0.10579694233614229,0.6675131040134272,0.13203934345414986,0.10270360097898254
conch,pcam,2,0.0001,0.8209302325581396,0.6276846958281794,0.031472498267232404,0.8067519560108543,0.07839423603522333,0.0612560398942669
conch,pcam,2,0.001,0.861046511627907,0.7130451778634054,0.027684542302929084,0.8752663228098181,0.05323321468031651,0.0430577162855641
conch,pcam,2,0.01,0.8813953488372093,0.7561165480427046,0.026427476186039647,0.901400444143032,0.04217963370241967,0.03481579614766817
conch,pcam,2,0.1,0.8796511627906977,0.7526813003612114,0.035949058509032475,0.9156002212997303,0.037960343325328265,0.03037407018452049
conch,pcam,2,1.0,0.8837209302325582,0.7614821388950521,0.0473450599959183,0.9310659902284765,0.03869843505113678,0.0316258103673279
conch,pcam,3,1e-06,0.6614853195164075,0.20923930716035477,0.2270377071467916,0.5535187897596795,0.1258263999431689,0.06058467721107391
conch,pcam,3,1e-05,0.8767990788716177,0.7415972783176066,0.21561933558552146,0.6611797432860963,0.034125983689285676,0.02616888105086069
conch,pcam,3,0.0001,0.895797351755901,0.7840571677014025,0.08618610458409161,0.8109175299729633,0.024742068877446954,0.019083923197563243
conch,pcam,3,0.001,0.9055843408175014,0.8045371146739198,0.02493800739341575,0.8806463334240857,0.022542129875999527,0.01791050148712025
conch,pcam,3,0.01,0.9084628670120898,0.8105346995980647,0.011707145969994177,0.9089330443459294,0.02088869640051245,0.01653880380934751
conch,pcam,3,0.1,0.9061600460564191,0.8053744053089644,0.023576424849636044,0.9263655488334579,0.02007104196558884,0.015496491790818662
conch,pcam,3,1.0,0.9113413932066782,0.8163812489188722,0.03340726831356347,0.9392149421902497,0.02094184589730849,0.01686456828377364
conch,pcam,4,1e-06,0.5333667837431009,0.017755223387037722,0.17306271010035773,0.5639174047310918,0.17564694447702361,0.04414221577325267
conch,pcam,4,1e-05,0.88509784244857,0.7678879752059601,0.2274612386710132,0.6576366037775567,0.046030107513639375,0.039131590055225915
conch,pcam,4,0.0001,0.9066733567486202,0.8121573893435354,0.0928940359301332,0.813779320818487,0.027657256572686972,0.023136739467290824
conch,pcam,4,0.001,0.9086803813346713,0.8164600324448281,0.024973918073304235,0.88825314105558,0.02232195637495543,0.017996357222725405
conch,pcam,4,0.01,0.9182137481184145,0.8356795827990602,0.009436421854332078,0.9143997543187068,0.01925564976744022,0.015795539445627466
conch,pcam,4,0.1,0.9197190165579529,0.8386791603302909,0.016556093196344837,0.9273154818131483,0.018931432051037984,0.015598903287736917
conch,pcam,4,1.0,0.9126944305067737,0.8245277233263741,0.024731512812681492,0.9374259433194551,0.021252814301643778,0.017303761922354475
conch,sicap,0,1e-06,0.5391131041355257,0.5641059481930886,0.15875334459729368,0.4387323637062149,0.29199968562020695,0.16407818661926743
conch,sicap,0,1e-05,0.6028898854010961,0.6772399693762146,0.09786040145544865,0.561652790436868,0.20387909452111214,0.11174483848181962
conch,sicap,0,0.0001,0.7688091679123069,0.8200387773003825,0.056882009606361854,0.7143657743187274,0.09241930926401301,0.06330042967542501
conch,sicap,0,0.001,0.8141504733432985,0.8547206352787136,0.028148899483265672,0.7981190163225943,0.0662044736126588,0.04770619375648717
conch,sicap,0,0.01,0.8231190832087693,0.8672010079822559,0.018524291282650256,0.8366962420647291,0.0549849598916259,0.03828373212798167
conch,sicap,0,0.1,0.8181365221723966,0.849602964555158,0.0461760382566655,0.864312560429062,0.0560779427488558,0.03839048563143939
conch,sicap,0,1.0,0.7977080219232685,0.8162101960516299,0.09464438219880758,0.8909283964429391,0.07351453046118983,0.05146425784287971
conch,sicap,1,1e-06,0.6854799807042933,0.8007284426420889,0.23980278982097114,0.4456771908833221,0.2152751246821493,0.1595411665653541
conch,sicap,1,1e-05,0.7067052580800772,0.8192322300441972,0.11282695978495799,0.5938782982951193,0.13977001558526672,0.09173133343147816
conch,sicap,1,0.0001,0.808972503617945,0.8791010187491558,0.08520731598513806,0.7249006873691533,0.06886688548272973,0.04928768693029312
conch,sicap,1,0.001,0.8369512783405693,0.8940738790970171,0.04105242707671408,0.8027010243779094,0.05225248551318628,0.038132916685444794
conch,sicap,1,0.01,0.8432223830197781,0.9022006616267145,0.017925208407320314,0.8430927482785703,0.04625515727594448,0.033229855414438715
conch,sicap,1,0.1,0.8456343463579353,0.9026237129662669,0.035031650398306226,0.8718607907819393,0.04646774658630902,0.033850879027093585
conch,sicap,1,1.0,0.8355041003376749,0.8883957011350094,0.06568829630306097,0.9002197669359774,0.05987874340150975,0.045499991330190295
conch,sicap,2,1e-06,0.5385074626865671,0.4221246026624438,0.13010823677943398,0.4221145641398122,0.3729799657915914,0.24466101591247869
conch,sicap,2,1e-05,0.6119402985074627,0.5140795746379376,0.10688843596303177,0.5590250160373398,0.2327670436321794,0.14512799139880256
conch,sicap,2,0.0001,0.7665671641791045,0.6941229154540438,0.06578459463024447,0.7058955715269725,0.11361701524497024,0.083893332258497
conch,sicap,2,0.001,0.8280597014925373,0.7880983750548968,0.032761293169845315,0.7994016607171206,0.06090026692890047,0.04513869794158622
conch,sicap,2,0.01,0.8507462686567164,0.8249638316640553,0.02073819789395374,0.8436363094744224,0.04377628436219227,0.03199378600760529
conch,sicap,2,0.1,0.8608955223880597,0.8349042345996042,0.02550316657127147,0.8724969584198932,0.036299973780513334,0.026100743338756283
conch,sicap,2,1.0,0.8465671641791045,0.8174213984197284,0.051509760058718636,0.8958337450162673,0.04299282014483471,0.03052327718093991
conch,sicap,3,1e-06,0.6267095736122285,0.6917511838709982,0.19095206856853675,0.43803256571773136,0.21823496952211727,0.13771334215819114
conch,sicap,3,1e-05,0.670152855993564,0.7575668812752221,0.0879149392895397,0.5822379167040242,0.1613350993763352,0.09964993710387338
conch,sicap,3,0.0001,0.7787610619469026,0.853373988095818,0.062031882804348126,0.7199666207163931,0.07595903719971263,0.04940559458806501
conch,sicap,3,0.001,0.825020112630732,0.8837544146132063,0.019893501335521143,0.8167432769299855,0.051976408185703274,0.03565190064017785
conch,sicap,3,0.01,0.8374899436846339,0.8889525837359757,0.029723051881423455,0.8636869935860099,0.04188358185582971,0.02786635602833585
conch,sicap,3,0.1,0.8539823008849557,0.90418150740525,0.04256762267954459,0.893136753972719,0.04041163110124168,0.029161242600307825
conch,sicap,3,1.0,0.8366854384553499,0.8805993975617404,0.07757232046051005,0.9140167473192936,0.04809141821447482,0.03393096826972956
conch,sicap,4,1e-06,0.46589769307923773,0.28524934608907526,0.05360684299869157,0.4325666975805763,0.4799276305974373,0.3015390632727548
conch,sicap,4,1e-05,0.5466399197592778,0.4081657292913845,0.06013254247479841,0.5501724083061799,0.2953006474882149,0.17197827870323093
conch,sicap,4,0.0001,0.7261785356068204,0.6787938765972656,0.026419701042953794,0.6997588345638667,0.1425279465762724,0.10098546673684722
conch,sicap,4,0.001,0.7497492477432297,0.7152149032762987,0.040692305274173154,0.7879867771933755,0.11952259034457653,0.08514922713178195
conch,sicap,4,0.01,0.7477432296890673,0.7185369636939245,0.07620858009789841,0.8239518097869657,0.11335967534286549,0.07840535697264539
conch,sicap,4,0.1,0.7632898696088265,0.7363657841281519,0.08890282964422555,0.8495613795678463,0.11544684620348113,0.08485525593483051
conch,sicap,4,1.0,0.7342026078234705,0.6768357821691852,0.14565746331361984,0.8798600711370902,0.1454396492883003,0.10642238866970954
conch,panda,0,1e-06,0.2283464566929134,0.23505923238864435,0.036913859328171456,0.19143259736474194,0.6700144806899835,0.2355278859713293
conch,panda,0,1e-05,0.3159448818897638,0.3950078246719484,0.06570027899838451,0.25024460289137923,0.5685511670667284,0.24845647508202368
conch,panda,0,0.0001,0.34783464566929134,0.43588477702931927,0.020398134396910364,0.3291674220744328,0.5329660468233338,0.24805966008722158
conch,panda,0,0.001,0.34901574803149604,0.4379125570461626,0.02829599664262052,0.3773117446741166,0.5378876355288507,0.25422663925237965
conch,panda,0,0.01,0.35196850393700785,0.439182490466841,0.06800397562171656,0.41957178127374795,0.5367487104553937,0.2561837330493837
conch,panda,0,0.1,0.3549212598425197,0.44837883566039527,0.1081722081278336,0.46261162081213847,0.536139334223341,0.2586456039563471
conch,panda,0,1.0,0.35,0.4444442583059678,0.14129205971093603,0.49129205971093604,0.5398623416219972,0.25723611691457965
conch,panda,1,1e-06,0.2237014813425839,0.21291406395436518,0.04615934119049424,0.18944320360067546,0.6670953732491366,0.22570425451310266
conch,panda,1,1e-05,0.2923307706731671,0.3880061891264438,0.047181941797875736,0.24910671015732974,0.6011272391404913,0.2529203232836966
conch,panda,1,0.0001,0.31033189574348397,0.39589885695810245,0.025154383012118083,0.3286891806733101,0.5789529938132483,0.2523435992262653
conch,panda,1,0.001,0.31801987624226513,0.4062483372160368,0.06010368939275752,0.37770624285822535,0.5692691996651649,0.2515618789732194
conch,panda,1,0.01,0.3324582786424152,0.44011286269295335,0.08886121818911313,0.42101034892085804,0.5555519736338296,0.2540643296568837
conch,panda,1,0.1,0.33939621226326644,0.4363625346368837,0.12539087779548785,0.46425278334895503,0.5547847029813647,0.2608661515318938
conch,panda,1,1.0,0.33902118882430154,0.4318843421563553,0.15376198354945012,0.49223803754042783,0.5574909614676843,0.26316692211136916
conch,panda,2,1e-06,0.2146851885260689,0.16782786280715734,0.04559220838773171,0.19219228030921198,0.674262283094602,0.21918753291214316
conch,panda,2,1e-05,0.31643514342413853,0.4177263163531917,0.06180391314712825,0.25591980808603004,0.5624601434389364,0.24293561107095307
conch,panda,2,0.0001,0.35017138733537795,0.4475250126432808,0.013680331369629118,0.3373523500847399,0.5184444478344188,0.23600346541608686
conch,panda,2,0.001,0.3586505502435504,0.4414255321027325,0.0275418857904469,0.3840968427178125,0.5084665401686651,0.2348219442930533
conch,panda,2,0.01,0.3696554212520296,0.4553978438324344,0.05840422838774487,0.4270829243443439,0.4998604225212248,0.2373341517731018
conch,panda,2,0.1,0.36839256720187624,0.4552178918363392,0.10435804074377514,0.4727506079456514,0.4982435007246994,0.23445818433906784
conch,panda,2,1.0,0.37163990618798487,0.45743884506271815,0.13199290929186502,0.5036328154798498,0.49847217939581223,0.23791569795065043
conch,panda,3,1e-06,0.24029475197699496,0.23702948721041495,0.07904163030396816,0.19064866076459766,0.6042725183277777,0.1871326489782575
conch,panda,3,1e-05,0.3590941768511862,0.4682429083724764,0.11070506268067694,0.24838911417050927,0.49777184041374806,0.22458212616151257
conch,panda,3,0.0001,0.37994248741912295,0.47760777296840784,0.05184308042466563,0.3289004021480832,0.48489779287731005,0.23246835583079
conch,panda,3,0.001,0.3833572969086988,0.4762582732124453,0.019184404751788783,0.3794986516094423,0.4825346775160479,0.23339487937037312
conch,panda,3,0.01,0.3851545650611071,0.47952134039298433,0.04034661782369886,0.42513374022249745,0.47967926540385425,0.23225862113215476
conch,panda,3,0.1,0.3808411214953271,0.4768585628472779,0.08991777002905568,0.4698149913155982,0.4896356522857118,0.23807487408869965
conch,panda,3,1.0,0.37778576563623295,0.47088915280633015,0.12193183762164353,0.49971760325787645,0.4994953449004424,0.2449724452322441
conch,panda,4,1e-06,0.22789373814041747,0.2067362793168458,0.05612116357185547,0.1913695930611374,0.6381724693535665,0.20301950385413953
conch,panda,4,1e-05,0.3079696394686907,0.4255787452036399,0.06032102394656583,0.25248046131448443,0.5536076361915687,0.22422412450862916
conch,panda,4,0.0001,0.32751423149905123,0.43166715233594233,0.025176622633198965,0.33217773344378826,0.5338742610563136,0.22690386770748627
conch,panda,4,0.001,0.338899430740038,0.4379055520916523,0.044899066865611605,0.3813756502393825,0.5246792168599625,0.230222698619427
conch,panda,4,0.01,0.34838709677419355,0.4472268485042814,0.08021610121133084,0.42754495628393474,0.5177208426195573,0.23339978732537764
conch,panda,4,0.1,0.34895635673624287,0.43749147711209635,0.12510028550307187,0.4740566422393147,0.5217993957662288,0.23807818072090603
conch,panda,4,1.0,0.3428842504743833,0.4274910444278337,0.16156862598725905,0.5044528764616424,0.5270605306988646,0.23689283638663716
hibou_b,breakhis,0,1e-06,0.5899705014749262,0.0,0.11082256129141456,0.7007930627663409,0.15359674005996243,0.05476357216087353
hibou_b,breakhis,0,1e-05,0.6300884955752213,0.11345009238674786,0.17229823665267732,0.6712582310206712,0.1406551255422425,0.06166925628671198
hibou_b,breakhis,0,0.0001,0.8188790560471977,0.6099753782271574,0.08234944846096252,0.7365296075862351,0.06241271095977285,0.04486584547827044
hibou_b,breakhis,0,0.001,0.8412979351032448,0.6661883513128659,0.01718613774861925,0.8298606647920393,0.051634240303517646,0.038269577949893455
hibou_b,breakhis,0,0.01,0.8501474926253687,0.6875235883292206,0.04608133431246003,0.8947527640307904,0.04695654387994135,0.035077396680619495
hibou_b,breakhis,0,0.1,0.848377581120944,0.6827795881956708,0.0863284150953067,0.9347059962162507,0.04795261478762003,0.03578376492146184
hibou_b,breakhis,0,1.0,0.8424778761061947,0.6698497576206335,0.11670334985228088,0.9591812259584755,0.05132134400523085,0.038160107491732126
hibou_b,breakhis,1,1e-06,0.7158999192897498,0.0,0.2726118551830646,0.6743901662099067,0.06335916030824673,0.018408887068010034
hibou_b,breakhis,1,1e-05,0.8240516545601292,0.4692309506217478,0.14449506719166555,0.6822352905491657,0.041568852636914004,0.025021700755817576
hibou_b,breakhis,1,0.0001,0.9394673123486683,0.8497727798138589,0.12768945757256422,0.8137945595902767,0.005399516619427148,0.0035048636301892515
hibou_b,breakhis,1,0.001,0.9596448748991122,0.9024636777569952,0.051845992423289786,0.9138340793416452,0.0024453731829781116,0.0016036444273303122
hibou_b,breakhis,1,0.01,0.9709443099273608,0.9298919552731926,0.01686000175769583,0.9558857123125893,0.001943518604561625,0.001505531037370836
hibou_b,breakhis,1,0.1,0.9628732849071832,0.9116067855913198,0.012878997646407372,0.9752777806427196,0.002333990045034758,0.001621123986654408
hibou_b,breakhis,1,1.0,0.9612590799031477,0.9080687196831747,0.02728350282313312,0.9863192849186798,0.002992529519628084,0.002216587448947365
hibou_b,breakhis,2,1e-06,0.6844262295081968,0.0,0.2180472420493697,0.6773271891532464,0.09663920378913951,0.040474599298196
hibou_b,breakhis,2,1e-05,0.7595628415300546,0.3016554460597781,0.13692074861321077,0.6668683242187705,0.07485367432505378,0.04322348405425461
hibou_b,breakhis,2,0.0001,0.9057377049180327,0.7789506853631637,0.13921992368349678,0.7668933856981608,0.016502950499771962,0.011881505601033161
hibou_b,breakhis,2,0.001,0.9433060109289617,0.8709389617507233,0.0749220968918787,0.8711683534082907,0.005875195854776185,0.0042174710796908255
hibou_b,breakhis,2,0.01,0.9549180327868853,0.897196261682243,0.031471793373980816,0.927198814620165,0.004038653706797208,0.0029914441062987686
hibou_b,breakhis,2,0.1,0.9556010928961749,0.8982276466587097,0.01166945573425422,0.9552297345650828,0.004916704775986445,0.0039009935714913076
hibou_b,breakhis,2,1.0,0.944672131147541,0.8741931787801245,0.03396226429554,0.9724446029137213,0.006690188071099792,0.005111673985903932
hibou_b,breakhis,3,1e-06,0.5480446927374302,0.0,0.22302835707304136,0.7182568576244897,0.21257045572597408,0.09008216002922921
hibou_b,breakhis,3,1e-05,0.5486033519553073,0.0013547085443305074,0.23010794030061113,0.704202341210583,0.1942919293010967,0.07213948173031089
hibou_b,breakhis,3,0.0001,0.6988826815642458,0.3626627841993799,0.0687480525418777,0.7342036229445488,0.13443041525434815,0.0836193723861621
hibou_b,breakhis,3,0.001,0.770391061452514,0.5253410790394946,0.041129034486542766,0.8115200959390567,0.09413509515000351,0.06542395107833254
hibou_b,breakhis,3,0.01,0.806145251396648,0.6020800260355605,0.07558323486277108,0.8790417997484614,0.07883979630810795,0.05864823013695518
hibou_b,breakhis,3,0.1,0.8094972067039106,0.6093908983516589,0.11558605971504671,0.9250832664189572,0.0766751340027329,0.0571998621687358
hibou_b,breakhis,3,1.0,0.8044692737430168,0.5990374338395765,0.14655721021954604,0.9510264839625628,0.08006719429979574,0.059512258029668336
hibou_b,breakhis,4,1e-06,0.6260121457489879,0.0,0.07681327715820369,0.7014729290466167,0.2182154013420088,0.13734795086466434
hibou_b,breakhis,4,1e-05,0.6194331983805668,-0.013099817417970838,0.1199099957908913,0.7089060142312154,0.20659114302005385,0.12260585294266682
hibou_b,breakhis,4,0.0001,0.6912955465587044,0.2637017471628914,0.08612583504165176,0.7740021356021249,0.16984097485561084,0.11627633243390359
hibou_b,breakhis,4,0.001,0.743421052631579,0.4073192375498421,0.10607541637505255,0.8488867964113364,0.12151119446185647,0.08528625283073102
hibou_b,breakhis,4,0.01,0.770242914979757,0.4753047500178388,0.12566361972977663,0.8959065347095337,0.09507471473986225,0.0663309085827378
hibou_b,breakhis,4,0.1,0.784919028340081,0.5162877068650513,0.15005170689739672,0.930622637456021,0.08712841188585828,0.06208056943108424
hibou_b,breakhis,4,1.0,0.7864372469635628,0.5203900046357912,0.16988157916185254,0.9550610535937056,0.08626572086153247,0.06158446929836614
hibou_b,pcam,0,1e-06,0.5381400208986415,0.002424402507417045,0.2652296719419848,0.5575653351895716,0.15023091050368195,0.02170150245744129
hibou_b,pcam,0,1e-05,0.9216300940438872,0.8415031092110377,0.2725441748013529,0.6490859192425342,0.021369917513703714,0.018195005229727508
hibou_b,pcam,0,0.0001,0.9409613375130617,0.880907097602636,0.11423727198048508,0.8272806716124593,0.013762632571449726,0.011969083723132018
hibou_b,pcam,0,0.001,0.9467084639498433,0.8924918058786213,0.03082298068304943,0.9166851260450493,0.01150026502250084,0.010040433134288915
hibou_b,pcam,0,0.01,0.945141065830721,0.8893384535245733,0.007120616204467557,0.9470372406101484,0.01236373324907522,0.010816356624093769
hibou_b,pcam,0,0.1,0.9294670846394985,0.8576986155918568,0.031530033330931365,0.9603904663992577,0.016609696280677905,0.014043191667630364
hibou_b,pcam,0,1.0,0.9164054336468129,0.8312541326867975,0.06458291877526473,0.9743250886297948,0.022638971759504578,0.019021466177331903
hibou_b,pcam,1,1e-06,0.5655737704918032,0.007525768513312103,0.33053249090208403,0.554353740654569,0.14077971359589606,0.028555059807051086
hibou_b,pcam,1,1e-05,0.9244730679156908,0.8448956030805187,0.2712744415641042,0.6531986263515867,0.02823707844547119,0.025288168487376486
hibou_b,pcam,1,0.0001,0.9338407494145199,0.8644193051668521,0.10723670477560295,0.8269189470864418,0.0204266913465835,0.018168878039134903
hibou_b,pcam,1,0.001,0.9332552693208431,0.863240035118525,0.02236676731823578,0.9191916486068787,0.019313096672163372,0.01701485269551621
hibou_b,pcam,1,0.01,0.9344262295081968,0.8655585026010371,0.022903507785293993,0.9524769737376186,0.01912754561666373,0.016909795906254653
hibou_b,pcam,1,0.1,0.9244730679156908,0.8451289116315686,0.042439678747035636,0.9665550074440875,0.020710549538718266,0.017761639580623562
hibou_b,pcam,1,1.0,0.9139344262295082,0.8233063658013411,0.0675745053325986,0.9784962590897841,0.026127798948108166,0.022287892882693394
hibou_b,pcam,2,1e-06,0.5511627906976744,0.0,0.130622867268751,0.5680246280818335,0.17048336724161783,0.04985720830895771
hibou_b,pcam,2,1e-05,0.8517441860465116,0.6916375130769318,0.19288717403046515,0.6588570120160464,0.07597783534332198,0.06435751182657354
hibou_b,pcam,2,0.0001,0.9063953488372093,0.8077350337151046,0.08132838911866122,0.8250669597185482,0.04333863076125069,0.03878703813439004
hibou_b,pcam,2,0.001,0.9255813953488372,0.8478683884663011,0.02430142760767014,0.9124532094623846,0.03137514553862256,0.02851308624590159
hibou_b,pcam,2,0.01,0.9197674418604651,0.83578339126392,0.02708017359468183,0.9406290238688583,0.031092702870847738,0.027761043926482785
hibou_b,pcam,2,0.1,0.9063953488372093,0.8082037699885859,0.05333498033056133,0.957306699245621,0.035254273440379666,0.030702680813519016
hibou_b,pcam,2,1.0,0.8924418604651163,0.7797204346333196,0.08435027055215985,0.9750755013468085,0.0414082275861571,0.035373276134066885
hibou_b,pcam,3,1e-06,0.6211859527921704,0.10114096788806115,0.2598446139199937,0.5547187681827616,0.11739997826684019,0.03423895389571356
hibou_b,pcam,3,1e-05,0.918825561312608,0.8300576542645351,0.26188119460360265,0.6569443667090054,0.01740152336795186,0.013990565469680269
hibou_b,pcam,3,0.0001,0.9366724237190558,0.8684708697429995,0.10753299461479963,0.8307492830667105,0.010065903821296643,0.007998766067989995
hibou_b,pcam,3,0.001,0.9424294761082326,0.8807670447525144,0.0319538719988592,0.9146134432614339,0.008071219603681994,0.00636471851609316
hibou_b,pcam,3,0.01,0.9424294761082326,0.880863543832888,0.011962948014264917,0.9440715002014668,0.008673090687328178,0.006966589599739344
hibou_b,pcam,3,0.1,0.9389752446747266,0.8737664389112165,0.018985255273287413,0.9569958637117743,0.010372322732778397,0.008453673643749552
hibou_b,pcam,3,1.0,0.9211283822682786,0.8374081116591521,0.05164100319977423,0.9727693854680528,0.014781367682059513,0.011563143677512794
hibou_b,pcam,4,1e-06,0.5253386853988962,0.0,0.16371128489274303,0.5661520218516306,0.17286670194914003,0.036253207443635915
hibou_b,pcam,4,1e-05,0.8855995985950827,0.7684615157280711,0.23521597968418106,0.6503836189109018,0.039514468468421896,0.03267717756334915
hibou_b,pcam,4,0.0001,0.9362769693928751,0.8717484372078552,0.11082249773450714,0.8254544716583679,0.017820735939980546,0.01572988486422336
hibou_b,pcam,4,0.001,0.946312092323131,0.8920449799505814,0.030698163104338042,0.9169796316858662,0.01365275008089321,0.01217158048821878
hibou_b,pcam,4,0.01,0.9483191169091821,0.8961337881044071,0.012400191800959602,0.949891144472219,0.014515246091113503,0.013143206441739634
hibou_b,pcam,4,0.1,0.9362769693928751,0.8719188615189833,0.03430283116395155,0.966450600913268,0.017670344741863835,0.015579493666106647
hibou_b,pcam,4,1.0,0.9202207727044657,0.8395480426235402,0.060251973976585264,0.9804727466810509,0.022387669603078482,0.019097120356787095
hibou_b,sicap,0,1e-06,0.5386148480318884,0.5234773625347485,0.1597318950698609,0.4385217227567744,0.24505884416782833,0.11682915325102267
hibou_b,sicap,0,1e-05,0.6063776781265571,0.6180237123225278,0.10692263983520596,0.5697307585275616,0.182560874810723,0.09218231350287939
hibou_b,sicap,0,0.0001,0.7807673143996013,0.7862828599112384,0.06519277013712274,0.7162344788952603,0.08640501595961021,0.06034054023008527
hibou_b,sicap,0,0.001,0.817140009965122,0.8293621586639772,0.01908068203784043,0.810293633717615,0.059688557249731315,0.041800218820889294
hibou_b,sicap,0,0.01,0.8211260587942202,0.8472552725080483,0.04001724375806426,0.8586368544056777,0.057222635926304326,0.0401305459732646
hibou_b,sicap,0,0.1,0.7992027902341804,0.8239812202271342,0.09932575341791758,0.8985285436520979,0.06759534640013305,0.04588188302089942
hibou_b,sicap,0,1.0,0.7802690582959642,0.8152447394808702,0.15706435193361523,0.9373334102295793,0.08020686924061388,0.05401880291378548
hibou_b,sicap,1,1e-06,0.6594307766521948,0.7209153485368918,0.22130098052098882,0.4381297961312061,0.19114752928663395,0.1250688282439046
hibou_b,sicap,1,1e-05,0.7028461167390255,0.7694832945649308,0.1206447467804804,0.5842671773263495,0.1283099446687651,0.07892010732773777
hibou_b,sicap,1,0.0001,0.8277858176555717,0.8848774377703083,0.10513098124935569,0.722654836406216,0.059486926015821576,0.043683422191643936
hibou_b,sicap,1,0.001,0.8364688856729378,0.8984688747772737,0.04007444918375691,0.8026158097542777,0.053428703580817194,0.039223018588522784
hibou_b,sicap,1,0.01,0.8219971056439942,0.8816162685345894,0.03221835093070269,0.8450444574405732,0.06570968436925932,0.04879042562002905
hibou_b,sicap,1,0.1,0.7882296189097926,0.8422058722621802,0.09947591712339231,0.886059753094381,0.08982129853217508,0.06557156954354273
hibou_b,sicap,1,1.0,0.7583212735166426,0.8045076682442469,0.17324058195851505,0.930480574606764,0.11470695369710476,0.08275811547898135
hibou_b,sicap,2,1e-06,0.5086567164179104,0.3199149015971203,0.09358629482351628,0.4150704215943941,0.4079303139674552,0.26028314651145634
hibou_b,sicap,2,1e-05,0.697910447761194,0.5237559049572512,0.15165104694924708,0.546259400811947,0.21188236138771135,0.16071625521820762
hibou_b,sicap,2,0.0001,0.7791044776119403,0.6649286886399945,0.06055258981607611,0.7220799073721987,0.09654566820962215,0.07005658749914097
hibou_b,sicap,2,0.001,0.808955223880597,0.7334300791390755,0.014733358738152317,0.8167351622448021,0.06329342196451611,0.04369961133585649
hibou_b,sicap,2,0.01,0.8113432835820895,0.7590461558066379,0.05596564803219832,0.8654838779405473,0.06224816095628714,0.04315783827739329
hibou_b,sicap,2,0.1,0.8011940298507463,0.75071587460005,0.10217735831469013,0.9033713881654365,0.06917702495643453,0.047898083654497645
hibou_b,sicap,2,1.0,0.7838805970149254,0.7227567201621616,0.1574903720879717,0.9405779613712328,0.07950291111463595,0.054192813872886915
hibou_b,sicap,3,1e-06,0.6098149637972646,0.6274237479357999,0.20981490084555746,0.43468663222445847,0.1895298160206992,0.10088061895950765
hibou_b,sicap,3,1e-05,0.6802091713596138,0.7250193570444559,0.09921156930108789,0.5899055765179854,0.1451771507748143,0.08744396740749222
hibou_b,sicap,3,0.0001,0.7884151246983105,0.8426579767971122,0.05858756001114597,0.736281901494551,0.0726853593309713,0.048488272665321575
hibou_b,sicap,3,0.001,0.8266291230893,0.8818141684303468,0.013793555085356082,0.8277998324368164,0.05148995172288669,0.03547368891795021
hibou_b,sicap,3,0.01,0.8439259855189059,0.8932959656954487,0.03439527571325145,0.8767631740512033,0.046217333331502596,0.03331814105390077
hibou_b,sicap,3,0.1,0.833467417538214,0.8758694105278655,0.08565430459833032,0.9156984510982206,0.051994314841907315,0.03725322534761637
hibou_b,sicap,3,1.0,0.8109412711182623,0.84811572420162,0.1433819238246957,0.9537715679085048,0.06599587423561237,0.046839689534404906
hibou_b,sicap,4,1e-06,0.4358074222668004,0.18775844740271952,0.06557364600864798,0.42620413079110003,0.4413292644893069,0.23895721059828812
hibou_b,sicap,4,1e-05,0.5661985957873621,0.33457531618574454,0.0929436546697755,0.5429385068638568,0.24398068137111587,0.13213016766050933
hibou_b,sicap,4,0.0001,0.7191574724172518,0.5792404065463718,0.056205617343736906,0.6731712480360375,0.12625155116680684,0.08242680467687358
hibou_b,sicap,4,0.001,0.7457372116349047,0.6575494141719214,0.03478367506323009,0.7752574481018775,0.1064933210291553,0.07095266582395084
hibou_b,sicap,4,0.01,0.7387161484453361,0.6837975056840702,0.09274199362978436,0.8294876151624679,0.11430838330337165,0.07667295875210904
hibou_b,sicap,4,0.1,0.7191574724172518,0.6795018154392705,0.16171779265899075,0.879472204751687,0.13511673588476364,0.09129198939483038
hibou_b,sicap,4,1.0,0.7036108324974925,0.6791255903068145,0.22982571731497087,0.932301259082597,0.15250923962934562,0.1033859916883995
hibou_b,panda,0,1e-06,0.24291338582677166,0.2570446398756905,0.04953565174408755,0.19337773408268408,0.66366647272888,0.25024002292483505
hibou_b,panda,0,1e-05,0.32421259842519684,0.4219728232617094,0.06190474431218271,0.2623078541130142,0.5689653219496462,0.25829015881936807
hibou_b,panda,0,0.0001,0.36161417322834644,0.4681315569603315,0.01799299410604301,0.36304459425539004,0.5312455906156487,0.26062272290107924
hibou_b,panda,0,0.001,0.3690944881889764,0.4822828572522371,0.07659750506614334,0.44569199325511977,0.5148213483959613,0.25173118396660477
hibou_b,panda,0,0.01,0.37263779527559054,0.4843569413093276,0.14691089027248272,0.5195486855480732,0.5189451369370282,0.25936999084868034
hibou_b,panda,0,0.1,0.3631889763779528,0.47110601299637944,0.21065042063657655,0.5725703694692268,0.5335152306423877,0.2644909480357159
hibou_b,panda,0,1.0,0.3598425196850394,0.4666636413165802,0.22775999402705852,0.5876025137120978,0.5388113178076172,0.2663818426951938
hibou_b,panda,1,1e-06,0.23476467279204952,0.2606164440705796,0.04679980625449087,0.19169450867875573,0.6508722148907533,0.22577946451042596
hibou_b,panda,1,1e-05,0.3088318019876242,0.42154945614384565,0.05132531751935501,0.2596735163886861,0.5631394370339116,0.23477099130521412
hibou_b,panda,1,0.0001,0.3298331145696606,0.44675267567069366,0.035397729918383004,0.3561819095203636,0.5391444196331722,0.23475519972539338
hibou_b,panda,1,0.001,0.33583348959309955,0.44923798612500687,0.10420929928099777,0.43998678354997456,0.5470228742037258,0.24923539157123997
hibou_b,panda,1,0.01,0.33414588411775736,0.44760381565397245,0.18144614833689096,0.5155920324546484,0.5639137399207373,0.2642804382639036
hibou_b,panda,1,0.1,0.3337708606787924,0.4389956276482486,0.23431911204927716,0.5680899727280695,0.5761679387728715,0.2761232991424723
hibou_b,panda,1,1.0,0.3345209075567223,0.4415701537130904,0.2482563162904842,0.5827772238472065,0.5788691682158157,0.27964678363075396
hibou_b,panda,2,1e-06,0.23236514522821577,0.22735204103482753,0.04145067793892016,0.19335371352333094,0.64690566149169,0.21832577992000007
hibou_b,panda,2,1e-05,0.3416922244272055,0.39730226444614514,0.0794838126968267,0.2622084117303788,0.5279187991186454,0.23647609291261124
hibou_b,panda,2,0.0001,0.3768717301100487,0.4258656671107428,0.016888582854477314,0.3623169668829009,0.48411184076551766,0.22869779247704114
hibou_b,panda,2,0.001,0.3802994768176078,0.44774379103736406,0.0721255242589558,0.4522752469666187,0.4851449114949201,0.23306059920265298
hibou_b,panda,2,0.01,0.3792170304889049,0.45657442222932987,0.1575975329781827,0.5368145634670877,0.49808813837754684,0.24495568148037195
hibou_b,panda,2,0.1,0.3745264297311925,0.4459344606712592,0.2189107059317402,0.5909613426473392,0.5143129595974514,0.25660272484799745
hibou_b,panda,2,1.0,0.36676889770882193,0.43122374056790547,0.23954132686743945,0.6062487534003544,0.5204474196032246,0.2550369670665511
hibou_b,panda,3,1e-06,0.27695902228612507,0.269702103576547,0.08564399547805085,0.19131502680807422,0.5762351969968279,0.208712986438233
hibou_b,panda,3,1e-05,0.3803019410496046,0.43218610473915997,0.12336207970541439,0.2569398613441902,0.46362004775384164,0.21153832901821595
hibou_b,panda,3,0.0001,0.39126527677929546,0.4479432842160297,0.030890388569858596,0.36041000308883625,0.45608962769615813,0.21445160625924609
hibou_b,panda,3,0.001,0.37688713156002873,0.44998882761134584,0.07109685319438426,0.44754199680984363,0.47921863102390694,0.22381982541479595
hibou_b,panda,3,0.01,0.3641265276779295,0.43368698511024717,0.15744395100263942,0.5215704786805689,0.5048612139739823,0.23679083942072798
hibou_b,panda,3,0.1,0.35873472322070454,0.4317267769525661,0.21237813452206092,0.5711128577427655,0.5207166723026773,0.2471586039522249
hibou_b,panda,3,1.0,0.357117181883537,0.42503757338493275,0.22827202393482793,0.5849427616290026,0.5253452645728043,0.250125140404621
hibou_b,panda,4,1e-06,0.2514231499051233,0.2415300350924161,0.058235859510434286,0.19318729039468907,0.615111795807865,0.21358323643781196
hibou_b,panda,4,1e-05,0.3364326375711575,0.4022165607655094,0.07537134685847952,0.2625614122117231,0.5232035442810735,0.2260685943328523
hibou_b,panda,4,0.0001,0.35313092979127136,0.4368552317293457,0.02704674998666323,0.36434948816175405,0.5092755251659584,0.22992486044980515
hibou_b,panda,4,0.001,0.3552182163187856,0.45505627451446795,0.09708680687755135,0.4518126518869805,0.5093024796012461,0.23211854696118062
hibou_b,panda,4,0.01,0.350853889943074,0.44657429937595117,0.1762072635298495,0.5268315928181008,0.5158610543107652,0.2341326083583133
hibou_b,panda,4,0.1,0.34857685009487666,0.44531074030810813,0.22554943315765508,0.5741262832525318,0.5290667825142081,0.24494577724613498
hibou_b,panda,4,1.0,0.34667931688804554,0.4328391178250274,0.24039952983260626,0.5870788467206518,0.5343594867010507,0.24823332358362504
phikon,breakhis,0,1e-06,0.5899705014749262,0.0,0.1148631526798793,0.6998181715263964,0.13816790806550128,0.03933474016641238
phikon,breakhis,0,1e-05,0.7144542772861356,0.3419323787751174,0.10342776283316238,0.6784759961125089,0.11296137942161158,0.06755689055986486
phikon,breakhis,0,0.0001,0.8489675516224189,0.6819654348495288,0.06479497770303312,0.7841725739193858,0.05286025924202146,0.04078838682302105
phikon,breakhis,0,0.001,0.8407079646017699,0.6673982717646461,0.02414129560699395,0.8603402143242725,0.04649141896826593,0.03302442325346039
phikon,breakhis,0,0.01,0.8442477876106195,0.6746451838064216,0.06362452297360258,0.907872310584222,0.044603942176709245,0.03174474656060622
phikon,breakhis,0,0.1,0.8454277286135693,0.6769667212220404,0.09721912010599185,0.9407118738966824,0.04675029963130392,0.03409040273989387
phikon,breakhis,0,1.0,0.840117994100295,0.6657960122085642,0.12132021086581855,0.9608365310203799,0.049867635574988856,0.03629789248461496
phikon,breakhis,1,1e-06,0.7158999192897498,0.0,0.34325779794245026,0.6737297417789456,0.05233558777022036,0.007385314529983665
phikon,breakhis,1,1e-05,0.9144471347861178,0.7778811320563255,0.21723307708483602,0.6972140577012818,0.01294820813322949,0.009144974682981005
phikon,breakhis,1,0.0001,0.9564164648910412,0.8969183031408595,0.1068494213487901,0.8523395896236715,0.004050784964234544,0.0030693325669386064
phikon,breakhis,1,0.001,0.9709443099273608,0.9304765823731858,0.042897863924915784,0.9300232782537249,0.0026707903231736694,0.0022328027559828803
phikon,breakhis,1,0.01,0.9733656174334141,0.9361103688807009,0.01991240069210588,0.9590760653564373,0.0027043166340050963,0.002335684412035702
phikon,breakhis,1,0.1,0.9677158999192897,0.9230085691027609,0.012150407942861353,0.9757662785908179,0.004720986327085339,0.004181129636620453
phikon,breakhis,1,1.0,0.9612590799031477,0.9080687196831747,0.026105746884625188,0.984543415066375,0.007026860124548619,0.0062509180538679
phikon,breakhis,2,1e-06,0.6844262295081968,0.0,0.34958560623343793,0.6785751422173346,0.06678244815049551,0.010617843659552005
phikon,breakhis,2,1e-05,0.8244535519125683,0.5334850987218973,0.16490185882387365,0.686218975248354,0.03786060347101718,0.021402173355452747
phikon,breakhis,2,0.0001,0.9542349726775956,0.8953379684759087,0.1263568031903474,0.8278781694872481,0.00543436035372219,0.0043551637591451335
phikon,breakhis,2,0.001,0.9542349726775956,0.8965303358270358,0.04623118224486332,0.9080037904327323,0.004881940856719599,0.003802744262142543
phikon,breakhis,2,0.01,0.9330601092896175,0.8506134892670615,0.00894471777663118,0.9356723999506912,0.008768697017101326,0.006453629972101213
phikon,breakhis,2,0.1,0.9200819672131147,0.8223499981331441,0.03946870446734684,0.9552088871389729,0.01392671125493346,0.010617334460019298
phikon,breakhis,2,1.0,0.9159836065573771,0.8142798797014814,0.061644848639725844,0.9717923729658856,0.016693131358648184,0.013031851084679571
phikon,breakhis,3,1e-06,0.5480446927374302,0.0,0.25069723540683464,0.7176683559051577,0.1828573191186774,0.060369023421932524
phikon,breakhis,3,1e-05,0.5832402234636872,0.08472280673856336,0.17834323382870299,0.705590071258487,0.17540866197633753,0.07299004349013054
phikon,breakhis,3,0.0001,0.7893854748603352,0.5602149038029163,0.048115920249032156,0.7770941754671301,0.11177943325625563,0.08779616190661806
phikon,breakhis,3,0.001,0.8016759776536313,0.589741636333351,0.053085797217093736,0.8439414680270427,0.09438505912538249,0.07321674326438261
phikon,breakhis,3,0.01,0.8094972067039106,0.6077502721501986,0.08793586540209865,0.8974330721060093,0.08232400568774256,0.06284873385374545
phikon,breakhis,3,0.1,0.8212290502793296,0.6330825295269916,0.11589084078248339,0.937119891061813,0.07475599150271746,0.05767882111354607
phikon,breakhis,3,1.0,0.823463687150838,0.6383861501972241,0.13816601501166553,0.9607217443324405,0.0716234369040727,0.054983971928002695
phikon,breakhis,4,1e-06,0.6260121457489879,0.0,0.07490386250176376,0.700646176269274,0.14958306003429922,0.06871560955695476
phikon,breakhis,4,1e-05,0.6406882591093117,0.07184507640461024,0.14706665393408824,0.7090031661501731,0.14575541195712735,0.0715950495322102
phikon,breakhis,4,0.0001,0.7682186234817814,0.46820355460179086,0.037615029782104153,0.7991210156446468,0.11046099471155817,0.08118557411709793
phikon,breakhis,4,0.001,0.7889676113360324,0.5264794786626363,0.08682894403846259,0.8712695277027575,0.09835218791765293,0.07427541079549523
phikon,breakhis,4,0.01,0.784919028340081,0.5198684583649685,0.1313849635865854,0.9163039919266663,0.10389555839595269,0.07884771594117865
phikon,breakhis,4,0.1,0.7763157894736842,0.499951334410465,0.16885854035266643,0.9451743298263507,0.11557875378276203,0.08839792611446086
phikon,breakhis,4,1.0,0.7682186234817814,0.47947540787486354,0.19529384258244753,0.9635124660642288,0.12273703306099046,0.09346161246653022
phikon,pcam,0,1e-06,0.6206896551724138,0.19142007909112713,0.19839465573361792,0.5574067709570448,0.14240101473349667,0.05901344189789971
phikon,pcam,0,1e-05,0.9174503657262278,0.8332590821673694,0.24702318457566583,0.6704271811505621,0.021221561431269662,0.017694952059589444
phikon,pcam,0,0.0001,0.9383490073145245,0.8757249542742314,0.10743118657968326,0.8309178207348412,0.013376799475120328,0.011419970022243764
phikon,pcam,0,0.001,0.93521421107628,0.8692833208125786,0.031234008297712362,0.9113734975032383,0.010853505343667386,0.008691137491593653
phikon,pcam,0,0.01,0.9320794148380356,0.8628510576376119,0.014693865499250856,0.9439041950194272,0.012645872869523896,0.0102674589022348
phikon,pcam,0,0.1,0.9273772204806687,0.8533676077809758,0.03470286940493435,0.962080089885603,0.016203376489738495,0.013481114010729604
phikon,pcam,0,1.0,0.922675026123302,0.8440564953338942,0.05517692967574841,0.9778519557990506,0.020665493386794468,0.017575540182931254
phikon,pcam,1,1e-06,0.664519906323185,0.2549263821429115,0.22398968379790674,0.5549913171209327,0.1297110962107288,0.06571575392977645
phikon,pcam,1,1e-05,0.9121779859484778,0.8195100988397077,0.23716817562997017,0.6750098103185076,0.028748236158926604,0.024748053741564507
phikon,pcam,1,0.0001,0.9233021077283372,0.8423959134567974,0.09027140791449098,0.8330306998138464,0.01965241488800055,0.01661046322277467
phikon,pcam,1,0.001,0.9180327868852459,0.8313393400001975,0.021426294505186995,0.9113954067374987,0.018487998627465127,0.015008954540762377
phikon,pcam,1,0.01,0.9203747072599532,0.8361087396724828,0.02377651922238365,0.9435046113986278,0.018534147724932545,0.01525309058001782
phikon,pcam,1,0.1,0.9180327868852459,0.8311864531223305,0.0429349347794936,0.9593752815996572,0.02096139507016844,0.01748235098346569
phikon,pcam,1,1.0,0.90807962529274,0.8106018228151363,0.06878319608194489,0.9764043156895792,0.02512849801248252,0.020741173518305765
phikon,pcam,2,1e-06,0.5720930232558139,0.051159667090398875,0.1493879914937108,0.5708114343215595,0.17986979094069186,0.07132590575083321
phikon,pcam,2,1e-05,0.8424418604651163,0.6718019489663719,0.16473351201761524,0.677708348447501,0.08461937142407525,0.07145262540871103
phikon,pcam,2,0.0001,0.8994186046511627,0.7931013383470358,0.0660238973378181,0.8333947073133446,0.04446741013398042,0.03920119748817239
phikon,pcam,2,0.001,0.9174418604651163,0.8306936403362836,0.018490507674721955,0.909641773221584,0.0290149912720615,0.025485215241737424
phikon,pcam,2,0.01,0.911046511627907,0.8174670114419523,0.029102718996027392,0.9362848526331142,0.028763573506654993,0.024658534211656858
phikon,pcam,2,0.1,0.8825581395348837,0.7579152731326644,0.07523532966113095,0.9529914054122421,0.03832672094562005,0.031109255828283194
phikon,pcam,2,1.0,0.8686046511627907,0.7287535727045373,0.10533022311536297,0.9710344275271773,0.04817558026140886,0.03909995175449469
phikon,pcam,3,1e-06,0.7109959700633276,0.3381963186831535,0.2284596532241123,0.5554122813357455,0.09329149765908343,0.04671685751352693
phikon,pcam,3,1e-05,0.9297639608520437,0.8546535234761233,0.24723490860629738,0.6825290522457463,0.014367047505622782,0.011820418759452857
phikon,pcam,3,0.0001,0.943580886586068,0.8837636788980677,0.10013642566556673,0.8445810088942266,0.008821679852527542,0.007183079004302081
phikon,pcam,3,0.001,0.945308002302821,0.887026091862031,0.030391667667872782,0.9169929084993983,0.007196295424763936,0.005656911065685301
phikon,pcam,3,0.01,0.9430051813471503,0.882269295729906,0.009515553582870375,0.9446825532897628,0.00814276606406382,0.006470390830356585
phikon,pcam,3,0.1,0.9458837075417387,0.8881475199381818,0.020029576300460136,0.9575070456385549,0.009847835971350874,0.008340822265949522
phikon,pcam,3,1.0,0.924006908462867,0.8428670506287127,0.04841810935270679,0.9724250178155738,0.01686263679329426,0.013877235977084052
phikon,pcam,4,1e-06,0.554942298043151,0.06532204466998737,0.17392913951256223,0.5661901268588909,0.1714605888340495,0.05309185931280032
phikon,pcam,4,1e-05,0.8845960863020572,0.7667905322216637,0.21605972248170044,0.6685363638203567,0.04097850734121629,0.03401847888720219
phikon,pcam,4,0.0001,0.9327646763672856,0.8646863783483614,0.10303725277814654,0.829727423589139,0.019117972803192863,0.01678838136559697
phikon,pcam,4,0.001,0.9387857501254391,0.8769677140564233,0.03534059955630605,0.9113817146121024,0.01323679847012604,0.011308406508450984
phikon,pcam,4,0.01,0.9367787255393879,0.8729208795613124,0.008098909343964403,0.9387949386522004,0.01345601598642784,0.011398193945789285
phikon,pcam,4,0.1,0.9277471149021576,0.8546924507839232,0.02888320519832711,0.9566303201004847,0.01657942028710519,0.013885816711400111
phikon,pcam,4,1.0,0.9247365780230807,0.848808064379089,0.052565763607838954,0.9769272601823543,0.020562292587692124,0.017637265495779847
phikon,sicap,0,1e-06,0.5077229696063776,0.5113803943256066,0.12074825712211296,0.42923382805102783,0.3688285868986929,0.22057338249036765
phikon,sicap,0,1e-05,0.5829596412556054,0.6028998179039473,0.04746905959089556,0.5479587068227139,0.27849363741392585,0.17593618470627032
phikon,sicap,0,0.0001,0.6890881913303438,0.6957405093445046,0.04328039545557253,0.6824295167541736,0.15086376159774867,0.09648131886344602
phikon,sicap,0,0.001,0.7354260089686099,0.7535510953870854,0.049287278607114626,0.775824212347193,0.11493288933190428,0.07629334081876227
phikon,sicap,0,0.01,0.7294469357249627,0.7690451302370429,0.10034950642305876,0.8284962508647485,0.12189872270625458,0.08139591252221853
phikon,sicap,0,0.1,0.7194818136522172,0.7761494523510122,0.16101179257228893,0.8788464142250689,0.14116066500475824,0.09744330930727367
phikon,sicap,0,1.0,0.7080219232685601,0.7631973172767774,0.21803854288384378,0.9258287707837234,0.1581136755167225,0.11052883935397986
phikon,sicap,1,1e-06,0.6285576459237819,0.6378327772341326,0.20343019413978933,0.4251274517839927,0.21299493729452584,0.1333196338794022
phikon,sicap,1,1e-05,0.6758321273516642,0.73046796589438,0.12729980223174175,0.5485323251199226,0.17218981408159367,0.1127419373239179
phikon,sicap,1,0.0001,0.7506029908345393,0.8122596522732278,0.07467760915625564,0.6760638710363305,0.11214188221826414,0.0780165215115501
phikon,sicap,1,0.001,0.7756874095513748,0.8348721811877504,0.017339891255546067,0.7719307742240342,0.09747771307215075,0.0701400237153685
phikon,sicap,1,0.01,0.7592860588519055,0.8145168506105744,0.07245361664792431,0.8245744322409487,0.1136206520442005,0.08193833907450795
phikon,sicap,1,0.1,0.7313072841292813,0.7761819717114335,0.14140929045450248,0.8723457200251904,0.1282010225985328,0.08828531748666765
phikon,sicap,1,1.0,0.7245537867824409,0.7581775428379953,0.19660788794268302,0.9210647447828746,0.13800198888242818,0.09594006026502477
phikon,sicap,2,1e-06,0.32597014925373136,0.12729219878031084,0.09419183816508152,0.4123372135645786,0.5921297983803899,0.2832948916885067
phikon,sicap,2,1e-05,0.5701492537313433,0.3287478067806672,0.06514844025140967,0.505141073883309,0.3295388680663316,0.21990225172583272
phikon,sicap,2,0.0001,0.7092537313432836,0.5333221363600362,0.05996460857108155,0.6533293778388304,0.1464459884033236,0.09927135652103647
phikon,sicap,2,0.001,0.7743283582089552,0.6841031790026753,0.03383252685224848,0.7655236691080362,0.0899343832005885,0.06223703994796164
phikon,sicap,2,0.01,0.751044776119403,0.6842434775520136,0.08008111602546843,0.8272254913138603,0.10269019008177636,0.06867728266077627
phikon,sicap,2,0.1,0.7205970149253731,0.6699528871836808,0.15632478177599074,0.8752834270796975,0.1268406968292221,0.08347611536931553
phikon,sicap,2,1.0,0.702089552238806,0.6599919857029621,0.22239133069543798,0.9237516906140346,0.14361417907408167,0.09393990808271707
phikon,sicap,3,1e-06,0.5643604183427192,0.45165524720351413,0.17658290097057563,0.4207040507624181,0.2641831706462197,0.15130524466839335
phikon,sicap,3,1e-05,0.6419951729686243,0.6420338259110513,0.09946000335117162,0.5452901468761455,0.20648384675392234,0.1329229138501402
phikon,sicap,3,0.0001,0.7268704746580853,0.7542794955768564,0.04264812761112893,0.6882679586984992,0.118278007140519,0.07697031306181323
phikon,sicap,3,0.001,0.7763475462590507,0.8186446235352995,0.02287032852111129,0.7875256544970415,0.08199316184135408,0.05483198805151718
phikon,sicap,3,0.01,0.7791633145615446,0.828031704750939,0.07533978263168561,0.8505302358183068,0.0847531644092092,0.05830028248735572
phikon,sicap,3,0.1,0.7687047465808527,0.8240910057003024,0.13639351420048906,0.9016122750468017,0.09718634811370483,0.06805108049365156
phikon,sicap,3,1.0,0.7562349155269509,0.8015809010678518,0.18966834345892025,0.9459032589858712,0.11226442642985399,0.07974478965509055
phikon,sicap,4,1e-06,0.32196589769307926,0.14693536317894462,0.10746633952209325,0.42341751703252845,0.6627587030326587,0.3494416982994254
phikon,sicap,4,1e-05,0.518555667001003,0.2938415098723972,0.044352452670741185,0.5178775613248382,0.38797822207361116,0.24695279612275042
phikon,sicap,4,0.0001,0.6268806419257773,0.4429475797261997,0.0375779014071001,0.639541354731595,0.20924235205953645,0.12878216202483203
phikon,sicap,4,0.001,0.6815446339017052,0.5830793753404844,0.057291842247179196,0.734550900911537,0.16544542825654757,0.10821003261015998
phikon,sicap,4,0.01,0.6795386158475426,0.6345064966316569,0.13083030318274574,0.8017668600582599,0.17658063640083002,0.11857268841990992
phikon,sicap,4,0.1,0.6549648946840522,0.6299774231959991,0.20568884067626902,0.8590053319891529,0.1976524207536992,0.12969469438370185
phikon,sicap,4,1.0,0.6434302908726178,0.6319758695149827,0.2723306457892579,0.9156267231346845,0.2186466907600234,0.14570276293890466
phikon,panda,0,1e-06,0.22440944881889763,0.1345202010631853,0.03356267141407734,0.1908467774048203,0.7088366266014364,0.26850097565897696
phikon,panda,0,1e-05,0.3110236220472441,0.40440670870658124,0.061073378881407105,0.24995024316583703,0.6069184866408556,0.28111456822411107
phikon,panda,0,0.0001,0.34192913385826773,0.4598026213876998,0.01982132182029237,0.3552851123613541,0.5548222402848374,0.263628468424005
phikon,panda,0,0.001,0.35885826771653545,0.48027029336392935,0.08900403010988774,0.4476232733661595,0.5277575154914522,0.25432060332290607
phikon,panda,0,0.01,0.36161417322834644,0.465815932249557,0.16458400087641226,0.5261981741047587,0.527538068826996,0.2569152011124266
phikon,panda,0,0.1,0.347244094488189,0.43275010031193784,0.23318224238824292,0.5804263368764319,0.5435387039285221,0.2580081188612613
phikon,panda,0,1.0,0.3437007874015748,0.4218854221474647,0.25408675732016217,0.5977875447217369,0.5481669741178735,0.2588700478520717
phikon,panda,1,1e-06,0.2175135945996625,0.18106141750544713,0.047254782010803874,0.18886510091095782,0.6552108958266786,0.204466808067019
phikon,panda,1,1e-05,0.30901931370710667,0.414776208565954,0.06138467132804307,0.24826017314549878,0.569325104498817,0.24117693791540418
phikon,panda,1,0.0001,0.33358334895930997,0.43072109003615255,0.03145129660431646,0.3494918828699428,0.5342750126437292,0.23402454604062756
phikon,panda,1,0.001,0.33583348959309955,0.4347955557412232,0.10476405213829754,0.43922313580251315,0.5294064507041855,0.23161896807169968
phikon,panda,1,0.01,0.33527095443465216,0.4202712951794516,0.18482625089734556,0.5198637663630662,0.5444397221921057,0.24603791093160332
phikon,panda,1,0.1,0.3320832552034502,0.4054402070036387,0.2443000019517433,0.5763832571551936,0.5580390505240078,0.25613816864760397
phikon,panda,1,1.0,0.3288955559722483,0.3931367648197627,0.26544901255281833,0.5943445685250666,0.5616223070385333,0.2561917550452136
phikon,panda,2,1e-06,0.21450478080461843,0.12257220272721214,0.060365326404331676,0.19102372331307876,0.664885153706715,0.20953273926458138
phikon,panda,2,1e-05,0.3267183835468158,0.38491006310521636,0.08093974573068172,0.25318189087055143,0.5384662673487874,0.23060963171237991
phikon,panda,2,0.0001,0.36694930543027243,0.43362339574679687,0.017597703256538505,0.36205455183796437,0.4977829595458568,0.23255343207054802
phikon,panda,2,0.001,0.3812015154248602,0.45638522858836705,0.0727678335197615,0.45373497424747355,0.48029097421159056,0.22907776186565038
phikon,panda,2,0.01,0.3797582536532564,0.43810149456579184,0.15328454418909282,0.5312607186666523,0.4918180546341212,0.23921005570922954
phikon,panda,2,0.1,0.3637019664441638,0.419823559026984,0.21982727231181734,0.5835292387559813,0.5132495917890266,0.24474980027397353
phikon,panda,2,1.0,0.35847014252209997,0.4090844177822187,0.24231323616241598,0.6007833786845159,0.520104818925611,0.24627517010150707
phikon,panda,3,1e-06,0.24191229331416247,0.15236735906606969,0.052436835308005116,0.18947545800615737,0.618079561029594,0.20324083926398495
phikon,panda,3,1e-05,0.3644859813084112,0.42149232472667986,0.11586230502652016,0.24862367628189105,0.5022189549145633,0.23451157471342582
phikon,panda,3,0.0001,0.392882818116463,0.4618658762458535,0.03784691702855432,0.35503590108790867,0.46637152564886003,0.2262481620149476
phikon,panda,3,0.001,0.39342199856218546,0.4716175588609547,0.053096527181629244,0.44611598231168187,0.46330843028319485,0.223688471316687
phikon,panda,3,0.01,0.3856937455068296,0.45567810357443306,0.1372745063212044,0.5229682518280341,0.47521243697394605,0.22830590167414996
phikon,panda,3,0.1,0.3743709561466571,0.4422148931145018,0.20197124299767732,0.5754990225136586,0.492716563824357,0.23485380622552365
phikon,panda,3,1.0,0.3680805176132279,0.42823825625919476,0.2246146972536241,0.5926759423756721,0.4997483960218514,0.23565151974837562
phikon,panda,4,1e-06,0.2314990512333966,0.1281123542812005,0.0676784985378403,0.19016740361906426,0.6356134402884698,0.2057642579007789
phikon,panda,4,1e-05,0.3206831119544592,0.38890860916830194,0.07066855224193115,0.25001455971252806,0.5501194109936022,0.2354515712610895
phikon,panda,4,0.0001,0.34743833017077796,0.43674109732051736,0.022277556955867958,0.3551431962177282,0.530498136605676,0.24517527978136727
phikon,panda,4,0.001,0.3540796963946869,0.44328692202860653,0.0925326273998317,0.44561532596947273,0.5176439723614621,0.23927971093965744
phikon,panda,4,0.01,0.350853889943074,0.43374115309929084,0.17544110142776953,0.5249336080284147,0.5313207105439878,0.24959226459153583
phikon,panda,4,0.1,0.3428842504743833,0.4147739021054869,0.2377598152595675,0.5806440657339508,0.543396847988882,0.25322915367665455
phikon,panda,4,1.0,0.34497153700189753,0.41201832022242457,0.2534011576197973,0.5983726946216948,0.545817881900732,0.2578781982176568
phikon_v2,breakhis,0,1e-06,0.5899705014749262,0.0,0.11576453921854958,0.6997966220768376,0.12878738886475066,0.029954220965661763
phikon_v2,breakhis,0,1e-05,0.7398230088495575,0.40577613310703653,0.08536386586325959,0.6844546214232826,0.10046567395979006,0.06315339788735086
phikon_v2,breakhis,0,0.0001,0.8466076696165191,0.6742288160024837,0.05452027730965171,0.7951842685405418,0.04611456686008058,0.03365232188067648
phikon_v2,breakhis,0,0.001,0.8430678466076696,0.6693943993488638,0.03119502828863742,0.874262874896307,0.04605272626960357,0.032992582814494416
phikon_v2,breakhis,0,0.01,0.8448377581120944,0.6727571031642618,0.07315503577624863,0.9179277238273122,0.051383799343225636,0.038624459084755924
phikon_v2,breakhis,0,0.1,0.8430678466076696,0.6671612703193516,0.10572321071725044,0.9479148013928161,0.05909601771627905,0.046035874261169896
phikon_v2,breakhis,0,1.0,0.8418879056047197,0.6639019806595293,0.12531189953543073,0.9661768308904939,0.06415231673055584,0.050889574014058664
phikon_v2,breakhis,1,1e-06,0.7158999192897498,0.0,0.3432082307376141,0.6733602377082343,0.05040467457638116,0.005454401336144464
phikon_v2,breakhis,1,1e-05,0.9354317998385795,0.8353428198372698,0.23053564408740165,0.7048961557511778,0.008679259672104724,0.006522312345718279
phikon_v2,breakhis,1,0.0001,0.9612590799031477,0.907610282923313,0.10256690776734405,0.8586921721358037,0.004439779896305672,0.0036638378256249526
phikon_v2,breakhis,1,0.001,0.9652945924132365,0.9171653660834643,0.03334529066979376,0.9319493017434428,0.004891446990417037,0.004268122375730662
phikon_v2,breakhis,1,0.01,0.96045197740113,0.9059200728948588,0.010107610221272382,0.9621980328555513,0.005442333396224777,0.004633837101758844
phikon_v2,breakhis,1,0.1,0.9556093623890234,0.8947491169243172,0.024297225046303658,0.9768669713643602,0.00607073192649374,0.005052647305388789
phikon_v2,breakhis,1,1.0,0.9515738498789347,0.885653286737381,0.03585255916972752,0.9855238369225632,0.006725004627692043,0.005513522232240851
phikon_v2,breakhis,2,1e-06,0.6844262295081968,0.0,0.3472381700696888,0.6785528838073394,0.06445452942425921,0.0082899249333157
phikon_v2,breakhis,2,1e-05,0.8415300546448088,0.5824999262471606,0.1622035524691786,0.692085824762696,0.029772071927269793,0.016440185925733847
phikon_v2,breakhis,2,0.0001,0.962431693989071,0.9130817756706693,0.13207063243216685,0.8342480065915596,0.004133537101242885,0.0034060135510929103
phikon_v2,breakhis,2,0.001,0.9631147540983607,0.9157910882736406,0.05286260352606964,0.9131625742521423,0.00390311036510492,0.0032017335732663567
phikon_v2,breakhis,2,0.01,0.9528688524590164,0.8938046398970594,0.008505076495158144,0.9453533024740778,0.005562511813475419,0.004417874037021773
phikon_v2,breakhis,2,0.1,0.9467213114754098,0.880292852290739,0.027551270198298786,0.9658810466534717,0.00760608763164827,0.006142686241624784
phikon_v2,breakhis,2,1.0,0.9398907103825137,0.8652508974069333,0.04498182925957662,0.9784595356964028,0.008985796596483946,0.007121383093434497
phikon_v2,breakhis,3,1e-06,0.5480446927374302,0.0,0.29047256415050204,0.7184012673803607,0.16628888148720447,0.043800585790459604
phikon_v2,breakhis,3,1e-05,0.6195530726256984,0.1708261740830378,0.17262608205807034,0.7131538405992731,0.15547046896839245,0.07153261291926558
phikon_v2,breakhis,3,0.0001,0.7977653631284917,0.5770017638526407,0.043069672355849756,0.8005340824677022,0.08404556801450692,0.062002162078133194
phikon_v2,breakhis,3,0.001,0.8189944134078212,0.625608589389532,0.04605714737554935,0.8637942069059071,0.06756606011450444,0.050045103660648474
phikon_v2,breakhis,3,0.01,0.8134078212290503,0.6147377347718108,0.10295110697991226,0.9105471042469807,0.07436310099401536,0.0557059674245806
phikon_v2,breakhis,3,0.1,0.7966480446927374,0.5784513021840876,0.14887712233332118,0.9455251670260587,0.08566483695777227,0.06336788842264784
phikon_v2,breakhis,3,1.0,0.788268156424581,0.5606397571119743,0.1769575334595192,0.9652256898841002,0.092083357971941,0.06783473709584575
phikon_v2,breakhis,4,1e-06,0.6260121457489879,0.0,0.07476667913466199,0.699970147590054,0.13519809286028267,0.05433064238293821
phikon_v2,breakhis,4,1e-05,0.6538461538461539,0.1122682615726357,0.15208743041913556,0.7049629552095128,0.12766927966807404,0.05923610487305582
phikon_v2,breakhis,4,0.0001,0.7955465587044535,0.5360634339851156,0.03884804057153006,0.7949374338324052,0.07917387454723597,0.05663081579264839
phikon_v2,breakhis,4,0.001,0.8092105263157895,0.5733662597444843,0.056142388135323004,0.8653529144511124,0.06497344020717634,0.04544246442030291
phikon_v2,breakhis,4,0.01,0.8016194331983806,0.5582811450365137,0.10643483530311595,0.9070103492693299,0.07343598665437119,0.05226036778701798
phikon_v2,breakhis,4,0.1,0.7889676113360324,0.5299768180490654,0.1498261204237772,0.9372301416045864,0.08848093654480843,0.06440415942265072
phikon_v2,breakhis,4,1.0,0.7813765182186235,0.5132077924892192,0.17610270788817484,0.9572817717464587,0.09513330339212925,0.06921865226011464
phikon_v2,pcam,0,1e-06,0.5611285266457681,0.05555659987217554,0.22769118335960742,0.5563349738615924,0.1501778299374628,0.03541477159992036
phikon_v2,pcam,0,1e-05,0.922675026123302,0.843787843695199,0.2699588027413678,0.6527162233819341,0.022233932487759376,0.019143979283896162
phikon_v2,pcam,0,0.0001,0.9320794148380356,0.8630225972527448,0.11715498666119362,0.8171913273932893,0.013942857188474333,0.011564443221185236
phikon_v2,pcam,0,0.001,0.9383490073145245,0.8757249542742314,0.039297670412329774,0.903902859316034,0.010789716146078474,0.008832886693201907
phikon_v2,pcam,0,0.01,0.9373040752351097,0.8735988447348262,0.010151395058500918,0.9424294445762098,0.010557229881152088,0.008533052980807955
phikon_v2,pcam,0,0.1,0.9315569487983281,0.86200128788671,0.03168832375395526,0.9632452725522834,0.013339402619425015,0.010923956904807228
phikon_v2,pcam,0,1.0,0.9200626959247649,0.8389266396269442,0.0584299550296806,0.9781193726916867,0.017670976106393725,0.014366403412557384
phikon_v2,pcam,1,1e-06,0.6001170960187353,0.0956868217054262,0.26868642299583867,0.5545816141023784,0.14228551356647676,0.04872366076466447
phikon_v2,pcam,1,1e-05,0.9033957845433255,0.8005892741908094,0.24590595015479438,0.6574898343885313,0.03260059235855099,0.027748165687784165
phikon_v2,pcam,1,0.0001,0.9092505854800936,0.8130145384480645,0.09141206493923615,0.8188276658847224,0.02318507846570325,0.018910249779118253
phikon_v2,pcam,1,0.001,0.9092505854800936,0.8126747727246997,0.0213365365427248,0.9029510319241659,0.0202491097966833,0.015974281110098305
phikon_v2,pcam,1,0.01,0.9110070257611241,0.8162169355991907,0.030801756051544945,0.9374673820311993,0.020423445661942867,0.016314533796839923
phikon_v2,pcam,1,0.1,0.8951990632318502,0.7828145201392342,0.06189088624084407,0.9570899494726942,0.024163874245415815,0.018439008244269625
phikon_v2,pcam,1,1.0,0.8817330210772834,0.7545722143104083,0.09243691639867714,0.9741699374759604,0.03027613548406355,0.02295472073227307
phikon_v2,pcam,2,1e-06,0.5569767441860465,0.014259927797833916,0.1367176188820609,0.5715462524160924,0.18658028767147014,0.06938877892324599
phikon_v2,pcam,2,1e-05,0.8,0.5801162685075847,0.14443778989081948,0.6595737089024495,0.09108359441179283,0.0695403086040465
phikon_v2,pcam,2,0.0001,0.8831395348837209,0.7591432488769493,0.07393468136693242,0.8120438623312983,0.045589047401829424,0.038444193875630764
phikon_v2,pcam,2,0.001,0.9052325581395348,0.8054417463331224,0.015044035634516416,0.8981235977064606,0.03259264362845721,0.027925688155999304
phikon_v2,pcam,2,0.01,0.897093023255814,0.78842112286086,0.03936868859197845,0.9361305342518725,0.03331831640537776,0.02780189144710811
phikon_v2,pcam,2,0.1,0.8912790697674419,0.7762485669445589,0.06906956205764667,0.9589638128912361,0.037863161583949874,0.031694795837906437
phikon_v2,pcam,2,1.0,0.8808139534883721,0.754831065671343,0.0941031906924761,0.9740912223116647,0.042758019053313945,0.03532042014700778
phikon_v2,pcam,3,1e-06,0.6793321819228555,0.2565326542421045,0.2353322920469512,0.5541554359570944,0.11144894574160588,0.0533492691055747
phikon_v2,pcam,3,1e-05,0.9320667818077144,0.859248109148193,0.2660682221228235,0.665998559684891,0.018806928783381718,0.01642581518922647
phikon_v2,pcam,3,0.0001,0.9372481289579735,0.8706906972948127,0.10756572767615034,0.8329779975621197,0.012106841360357045,0.010077355997048945
phikon_v2,pcam,3,0.001,0.943580886586068,0.8837636788980677,0.03445735520938286,0.9110594486862534,0.008998604229460442,0.007360003381234981
phikon_v2,pcam,3,0.01,0.9424294761082326,0.881247983198333,0.0085332217646023,0.9434909605188917,0.008540921680078042,0.006834420592489208
phikon_v2,pcam,3,0.1,0.9395509499136442,0.8754861661536193,0.026231150819204865,0.9606928005857956,0.010300165127566045,0.008417755220778918
phikon_v2,pcam,3,1.0,0.92573402417962,0.8474559655580646,0.05277017382620197,0.9767149395563551,0.012767335179143259,0.009917322144793426
phikon_v2,pcam,4,1e-06,0.5333667837431009,0.017755223387037722,0.1484363494813718,0.5659740935195701,0.18164535250987904,0.05014062380610809
phikon_v2,pcam,4,1e-05,0.88509784244857,0.7676014777058388,0.2315030444241793,0.6535947980243907,0.04503844677140854,0.03813992931299508
phikon_v2,pcam,4,0.0001,0.9267436026091319,0.8524479269141131,0.10806974824242842,0.8186738543667036,0.019006167835741928,0.016236510121044483
phikon_v2,pcam,4,0.001,0.9387857501254391,0.8768670283825789,0.04002448154659482,0.9076939976113555,0.012002580468971288,0.010074188507296232
phikon_v2,pcam,4,0.01,0.943803311590567,0.8870176830971943,0.016206513615854595,0.9441475475890138,0.011777217754569457,0.01015364871304423
phikon_v2,pcam,4,0.1,0.9322629202207727,0.8638089949690495,0.03192655581340767,0.962762134154131,0.015626923390778927,0.013262147720616261
phikon_v2,pcam,4,1.0,0.91921726041144,0.8374466489864257,0.05867383976087233,0.9767332603187778,0.021134922189321205,0.01776014017406964
phikon_v2,sicap,0,1e-06,0.513702042850025,0.5212089283912069,0.10938915206828886,0.4427406325531874,0.3819399718320717,0.2377039195685112
phikon_v2,sicap,0,1e-05,0.6063776781265571,0.6210181228101808,0.05039059009077458,0.562191337922404,0.2654759226818694,0.17509736137402582
phikon_v2,sicap,0,0.0001,0.7125062282012955,0.7065096487286031,0.030755269264225518,0.6879536537852626,0.14600563259576185,0.09995608418049172
phikon_v2,sicap,0,0.001,0.7473841554559043,0.7579601457825805,0.031445927555644106,0.7747149414572124,0.10754396141676274,0.0724854956269988
phikon_v2,sicap,0,0.01,0.7404085700049826,0.7659323412947334,0.09701492666608856,0.8361744484242472,0.10134452429278366,0.06422054380942147
phikon_v2,sicap,0,0.1,0.7314399601395117,0.7692688817059493,0.15899266318441127,0.8904326233239229,0.11132791015252447,0.071451612863631
phikon_v2,sicap,0,1.0,0.7184853014449427,0.7631403336847061,0.22139494328704445,0.9398802447319873,0.12667507567521036,0.08262870559067362
phikon_v2,sicap,1,1e-06,0.638205499276411,0.6635400268522137,0.19763995910528964,0.4455492765889783,0.18733608659549375,0.11206920608935403
phikon_v2,sicap,1,1e-05,0.6893391220453449,0.7341581803722317,0.1087564296424261,0.582584365728195,0.14681397783847563,0.09252745809645734
phikon_v2,sicap,1,0.0001,0.7539797395079595,0.81270391551247,0.06246939638477307,0.6967795265883274,0.10075447996254201,0.06759106566676554
phikon_v2,sicap,1,0.001,0.7747226242161119,0.8442943696470768,0.017448463324501822,0.7746409786515048,0.0952222921465148,0.06763870895865748
phikon_v2,sicap,1,0.01,0.7477086348287506,0.8041355154415741,0.07928976208752636,0.8265497731081889,0.10661100567153783,0.07164903120616337
phikon_v2,sicap,1,0.1,0.723589001447178,0.783253986920382,0.15990405894573634,0.8827309842853978,0.1275365923792491,0.08516293535400013
phikon_v2,sicap,1,1.0,0.7052580800771828,0.7585201954353936,0.23355379357814796,0.9352023528099517,0.15434994316714845,0.10580705360464496
phikon_v2,sicap,2,1e-06,0.4077611940298507,0.1870962403031723,0.03372199138909161,0.4277593332393173,0.5020611872283424,0.27543745031088634
phikon_v2,sicap,2,1e-05,0.5970149253731343,0.37639554619566995,0.06332576373861518,0.5360034824472667,0.2958159449920136,0.20065876670592836
phikon_v2,sicap,2,0.0001,0.7271641791044776,0.5597099818459015,0.0642841295184572,0.6657254812318635,0.13230806988899727,0.09106751075192004
phikon_v2,sicap,2,0.001,0.7665671641791045,0.6690701373738699,0.02116828610226783,0.7624572854838052,0.0929485938444224,0.06322491085794917
phikon_v2,sicap,2,0.01,0.7546268656716418,0.7104892244045802,0.07408713988159223,0.8287140055532339,0.10231568355704572,0.06932083276998072
phikon_v2,sicap,2,0.1,0.7319402985074627,0.6865606565946079,0.1561911939267976,0.8881314924342604,0.12675949170773512,0.08702639292772582
phikon_v2,sicap,2,1.0,0.6997014925373134,0.6392304984844266,0.2377921678798065,0.9374936604171199,0.15330411113450673,0.10278041842405941
phikon_v2,sicap,3,1e-06,0.5631536604987932,0.47875853077261454,0.1802457496748391,0.43305313011355634,0.27121776255619257,0.1576479622869981
phikon_v2,sicap,3,1e-05,0.6460176991150443,0.6281080508931389,0.092101297713472,0.5550130539476551,0.1974066031262005,0.12561658440166984
phikon_v2,sicap,3,0.0001,0.7208366854384554,0.7466312264862295,0.05188849143152482,0.6882901713735948,0.10998978829114255,0.06673094702751012
phikon_v2,sicap,3,0.001,0.7767497988736927,0.816655225819628,0.029820745058856443,0.7880233532632865,0.07769463776874574,0.05063527293225138
phikon_v2,sicap,3,0.01,0.7847948511665326,0.8356993851871677,0.06646908742690966,0.8499676463667643,0.07413927391505512,0.049072485132164306
phikon_v2,sicap,3,0.1,0.7735317779565567,0.8153859073532247,0.12930161845146265,0.9028333964080195,0.08493780206189504,0.057058123750991896
phikon_v2,sicap,3,1.0,0.7590506838294448,0.7997337779280131,0.18816144323547965,0.946058780344842,0.1008383693904844,0.06910079792886747
phikon_v2,sicap,4,1e-06,0.34052156469408223,0.16346409997774491,0.10973041658924061,0.43303417734329114,0.565334100700331,0.27252634346495963
phikon_v2,sicap,4,1e-05,0.5421263791374122,0.356455937747575,0.03866290839622935,0.5312246146311272,0.3346866528445426,0.2086184468606774
phikon_v2,sicap,4,0.0001,0.633901705115346,0.5066319299527845,0.0352446617251456,0.6569670499242855,0.20257821176245547,0.12535944010694539
phikon_v2,sicap,4,0.001,0.6715145436308927,0.5818984941283866,0.07111743649784022,0.7426319801287329,0.1660228955375582,0.1048653440388298
phikon_v2,sicap,4,0.01,0.6770310932798396,0.5916597331877089,0.1319585270243967,0.8086405246635744,0.1671739848992298,0.10819201687068736
phikon_v2,sicap,4,0.1,0.6634904714142428,0.5828590355147933,0.21014321457110424,0.8734598098263406,0.18735829291426762,0.1229552542540237
phikon_v2,sicap,4,1.0,0.652457372116349,0.569606352946221,0.27557295692995426,0.927767505652426,0.2066260996094932,0.1376018210517661
phikon_v2,panda,0,1e-06,0.23385826771653542,0.15270088496990242,0.04201677605150189,0.19184149166503356,0.6988541033471019,0.2724424032950595
phikon_v2,panda,0,1e-05,0.3110236220472441,0.4126733633408206,0.057065362533657064,0.25431309171070265,0.6060669409165125,0.280263022499768
phikon_v2,panda,0,0.0001,0.3346456692913386,0.44543766482797453,0.02154058377236437,0.35330024703680757,0.5619151297622746,0.2628262487116116
phikon_v2,panda,0,0.001,0.34744094488188976,0.4660240607378767,0.10242675300726986,0.4498676978891597,0.541319439151778,0.25599703170381694
phikon_v2,panda,0,0.01,0.3387795275590551,0.44909796280692527,0.20575505969750255,0.5445345872565577,0.5619342325701574,0.2673455945136794
phikon_v2,panda,0,0.1,0.3253937007874016,0.41139017810766887,0.27908583123207176,0.6044795320194734,0.5869059609614946,0.27755910678712326
phikon_v2,panda,0,1.0,0.31791338582677164,0.402013077040966,0.3032677417385913,0.6211811275653628,0.5938694497437146,0.276036917365044
phikon_v2,panda,1,1e-06,0.2358897431089443,0.15883381455885037,0.044996053840240614,0.19089368926870368,0.6456027527965021,0.22213783629364225
phikon_v2,panda,1,1e-05,0.31164447777986126,0.40239481125260135,0.06290096082968093,0.25357687770856396,0.5668064695125103,0.24173029519924366
phikon_v2,panda,1,0.0001,0.3414588411775736,0.4211878206636135,0.026409509781983385,0.35068986806266794,0.5294474445130537,0.23775168155919724
phikon_v2,panda,1,0.001,0.34633414588411776,0.42442308523311856,0.09973685318814657,0.4453204000913197,0.5400621350304587,0.25357084107408473
phikon_v2,panda,1,0.01,0.32777048565535344,0.3999153683946143,0.20362748727458282,0.5313979729299363,0.5668090926809878,0.26012541363726305
phikon_v2,panda,1,0.1,0.31876992312019503,0.3810130865242224,0.2725865291764884,0.5913564522966834,0.5861617921245231,0.26931294268626627
phikon_v2,panda,1,1.0,0.3176448528033002,0.3788985159324475,0.2912603873541376,0.6089052401574377,0.59059739701401,0.2724601775886233
phikon_v2,panda,2,1e-06,0.23885982320043297,0.17158323722603508,0.04613076076878669,0.1927290624316463,0.6593897595606847,0.2401991602410063
phikon_v2,panda,2,1e-05,0.3380840699981959,0.39205134302709377,0.08650232266283457,0.2574671545842719,0.5377243812445444,0.24238763366182453
phikon_v2,panda,2,0.0001,0.36857297492332675,0.43268773862772647,0.024604470063279073,0.3594858616579335,0.5007107025241745,0.23710551450113476
phikon_v2,panda,2,0.001,0.38228396175356305,0.4442549661689569,0.07849480023956273,0.46033773372413384,0.49060506273094845,0.2404343532253368
phikon_v2,panda,2,0.01,0.374706837452643,0.4315261498077285,0.1777748136415492,0.5511204044803802,0.5039495645403407,0.24641647975982672
phikon_v2,panda,2,0.1,0.36604726682302,0.41450071341591954,0.24525657039695742,0.6113038372199775,0.5182281108553207,0.2520930702396984
phikon_v2,panda,2,1.0,0.36334115100126285,0.40605552498060005,0.26562749813499653,0.6286102395029338,0.5226092150766019,0.25374427584489284
phikon_v2,panda,3,1e-06,0.26024442846872753,0.1725598018179747,0.06992922972335909,0.19031519874536845,0.5982997833119442,0.2088016127599246
phikon_v2,panda,3,1e-05,0.354960460100647,0.4009395924591408,0.10301590308235907,0.25194455701828794,0.501965912973764,0.2245183117213082
phikon_v2,panda,3,0.0001,0.3786843997124371,0.44668125776175205,0.029252616601073117,0.3526990900060204,0.4769679957681585,0.22331886446977456
phikon_v2,panda,3,0.001,0.37994248741912295,0.4355374967776343,0.06826491658447122,0.44651373580380077,0.4829407929713677,0.23051135592484767
phikon_v2,panda,3,0.01,0.3696980589503954,0.41145941233552563,0.16359980336472157,0.5323102994598746,0.5088978834169333,0.2464142609508112
phikon_v2,panda,3,0.1,0.34884974838245864,0.3908983459952865,0.24321620247700323,0.5920223361462417,0.5328364627868926,0.24900624677478672
phikon_v2,panda,3,1.0,0.34759166067577285,0.39550308793975053,0.2627519574121242,0.6102741620839628,0.5383966330982378,0.25323912301361645
phikon_v2,panda,4,1e-06,0.24041745730550285,0.12700410195538803,0.04847765741606209,0.1919397998894408,0.6445911572346099,0.22762242498747992
phikon_v2,panda,4,1e-05,0.3223908918406072,0.35024247261894237,0.06753157754495337,0.25485931429565384,0.5583809885960883,0.24565103274116024
phikon_v2,panda,4,0.0001,0.3535104364326376,0.4212300339382199,0.01256651733520131,0.35534615134768915,0.526056043302478,0.24710024541038322
phikon_v2,panda,4,0.001,0.36129032258064514,0.44330739991573676,0.09467662666265625,0.4554775001272554,0.5157662991312535,0.24481610684858068
phikon_v2,panda,4,0.01,0.36091081593927893,0.45197028593027033,0.18018000945102264,0.5410908253903015,0.522449923674278,0.251113130377977
phikon_v2,panda,4,0.1,0.34781783681214423,0.4221483386280489,0.2499371674352281,0.5977550042473724,0.535391269216186,0.2504694435094448
phikon_v2,panda,4,1.0,0.34573055028462996,0.4169984105576714,0.2687357325288884,0.6139043951819332,0.5401235406382839,0.2529909073622147
hibou_l,breakhis,0,1e-06,0.5899705014749262,0.0,0.12752671951884478,0.6977256618845491,0.1693861694907729,0.070553001591684
hibou_l,breakhis,0,1e-05,0.6896755162241888,0.28060322916414515,0.09204343814968237,0.6750220523210907,0.1443401278534253,0.09016206846647447
hibou_l,breakhis,0,0.0001,0.7787610619469026,0.5261851428060276,0.05044742573963165,0.7662684740524882,0.07494346330640284,0.04836926328526425
hibou_l,breakhis,0,0.001,0.8206489675516224,0.6233443466565305,0.039393113523088455,0.8523878340916694,0.05383674213859717,0.03664214900743874
hibou_l,breakhis,0,0.01,0.8324483775811209,0.6490632062404316,0.07693662126445945,0.9059858659044006,0.04451408693838837,0.0295708198091272
hibou_l,breakhis,0,0.1,0.8365781710914454,0.658396661925359,0.10281174334713374,0.9393899144385792,0.042428235455609226,0.02823329749958111
hibou_l,breakhis,0,1.0,0.8359882005899705,0.6573915193113076,0.12465657702200124,0.9598185276808305,0.04261695496749199,0.028316363371510417
hibou_l,breakhis,1,1e-06,0.7158999192897498,0.0,0.29945587358122794,0.6755977371617922,0.06188648115448325,0.016936207914246555
hibou_l,breakhis,1,1e-05,0.8837772397094431,0.6784706378469556,0.1726097020186451,0.711167537690798,0.02636299657339282,0.019284237413818347
hibou_l,breakhis,1,0.0001,0.9459241323648103,0.8643895298974259,0.09431345035196485,0.8544040570074836,0.005346119499429642,0.0038351120878642978
hibou_l,breakhis,1,0.001,0.9685230024213075,0.9230793721037961,0.03386308266056519,0.9360603747827313,0.0025882282647262667,0.002074847173419217
hibou_l,breakhis,1,0.01,0.9749798224374495,0.9391688034424923,0.011752454471383393,0.9680286080656985,0.002042593194068061,0.001716850745624349
hibou_l,breakhis,1,0.1,0.9733656174334141,0.9354629441095553,0.014501123142140523,0.9821035175186704,0.002116439096698499,0.0017478068747291047
hibou_l,breakhis,1,1.0,0.9725585149313963,0.9335633786379594,0.020293457578736917,0.9884262269398506,0.0022336192053030025,0.0018425385149698982
hibou_l,breakhis,2,1e-06,0.6844262295081968,0.0,0.27066264688140007,0.6747961159176393,0.0909433442270613,0.03477873973611779
hibou_l,breakhis,2,1e-05,0.8333333333333334,0.555595366057566,0.1554169895544841,0.6779163437788491,0.04991747623121171,0.0351285328067377
hibou_l,breakhis,2,0.0001,0.9234972677595629,0.8214416392242957,0.12174502074467514,0.8017522470148876,0.011260445939984213,0.008230373378203785
hibou_l,breakhis,2,0.001,0.9515027322404371,0.8899770097422804,0.060352358866024,0.8911503733744132,0.005162878234854318,0.0039508406807253985
hibou_l,breakhis,2,0.01,0.9508196721311475,0.8889984077640458,0.020029288582070377,0.9317533414613519,0.0050631551828347315,0.0038166823879917243
hibou_l,breakhis,2,0.1,0.9378415300546448,0.8610495750885493,0.01382947434615742,0.9516710044008021,0.00666799301903428,0.004673612236329231
hibou_l,breakhis,2,1.0,0.9296448087431693,0.8436072633137935,0.03984009232830706,0.9666631025564298,0.007862419238942838,0.005303296528357972
hibou_l,breakhis,3,1e-06,0.5480446927374302,0.0,0.2580591351475373,0.7149944224321021,0.2128891293431393,0.09040083364639444
hibou_l,breakhis,3,1e-05,0.6011173184357542,0.13013708885933517,0.15302641341583909,0.6933460333923027,0.19030997945090797,0.09726367679796644
hibou_l,breakhis,3,0.0001,0.7424581005586592,0.4652228632309693,0.05837960508963659,0.7680088971977046,0.10024498254944546,0.06372689635420677
hibou_l,breakhis,3,0.001,0.7988826815642458,0.5871268668669951,0.050239711131172385,0.8491223926954182,0.06520472503122873,0.04341329682146324
hibou_l,breakhis,3,0.01,0.835195530726257,0.6629733403966072,0.06592833739297752,0.9011238681192346,0.04859119938312841,0.034150577636882146
hibou_l,breakhis,3,0.1,0.8502793296089386,0.6939878161579434,0.08788761539779197,0.9363010063259011,0.0407730753880913,0.028917702975503154
hibou_l,breakhis,3,1.0,0.852513966480447,0.6985551621854368,0.10847027540512778,0.9578335677412785,0.038888140888408605,0.027392895218494886
hibou_l,breakhis,4,1e-06,0.6260121457489879,0.0,0.09385996666268172,0.6990973317185449,0.16612346129732405,0.08525601081997959
hibou_l,breakhis,4,1e-05,0.6487854251012146,0.08187168174179693,0.1350369941738676,0.6955881254480961,0.14752505942993127,0.07692075026725732
hibou_l,breakhis,4,0.0001,0.7646761133603239,0.4655495735285221,0.04424868808397796,0.7694320624233164,0.08943048811565601,0.05921189858544458
hibou_l,breakhis,4,0.001,0.8071862348178138,0.5758557746478874,0.04493912720017094,0.8515276787864291,0.06258508814772347,0.04262253144200565
hibou_l,breakhis,4,0.01,0.8243927125506073,0.6175685805564975,0.08487113589395712,0.9027019227567842,0.05704614862476083,0.04059148470583355
hibou_l,breakhis,4,0.1,0.8243927125506073,0.6209377819449113,0.11148115080478606,0.9358738633553934,0.05908623020708851,0.04263156628816123
hibou_l,breakhis,4,1.0,0.8294534412955465,0.6326708030678799,0.12802396974564717,0.9557797822861098,0.060714477301896656,0.04522286068737351
hibou_l,pcam,0,1e-06,0.6431556948798328,0.24250332895653293,0.22086312962550939,0.5574360199893539,0.12930879418443156,0.05623991976209247
hibou_l,pcam,0,1e-05,0.9378265412748171,0.8742098281200122,0.25464663427570483,0.6831799069991122,0.015314631614704298,0.013324273971809745
hibou_l,pcam,0,0.0001,0.9582027168234065,0.9157062136939969,0.10139233678476978,0.8568103800386367,0.010552209966926558,0.009655355674222302
hibou_l,pcam,0,0.001,0.9629049111807733,0.925218493804252,0.02718811941030464,0.9364493171966053,0.009552609384285517,0.008846229019736555
hibou_l,pcam,0,0.01,0.9649947753396029,0.9294756235048258,0.011720355915382032,0.962619661343874,0.010309499913947794,0.00968039728644453
hibou_l,pcam,0,0.1,0.9425287356321839,0.8840779200757618,0.026994443400755984,0.9685915193024617,0.014591082848263732,0.012892019897903914
hibou_l,pcam,0,1.0,0.9200626959247649,0.8385230507267074,0.056925400173944304,0.9769880960987092,0.02210981035121277,0.01880523765737643
hibou_l,pcam,1,1e-06,0.7324355971896955,0.41734246608064207,0.17505747725244422,0.5573781199372513,0.1098007985597842,0.07022378356699492
hibou_l,pcam,1,1e-05,0.917447306791569,0.8293877944276937,0.22970911929017224,0.6877381875013968,0.025112293702459727,0.02158281999259261
hibou_l,pcam,1,0.0001,0.9332552693208431,0.8626620340001608,0.07876135927431659,0.8544939100465265,0.018802401351952925,0.016504157375305764
hibou_l,pcam,1,0.001,0.9373536299765808,0.8713087418457136,0.009132978286044858,0.932383492606689,0.01759332107533632,0.015570391307497364
hibou_l,pcam,1,0.01,0.9391100702576113,0.875161466700963,0.026511268136904888,0.9595990720226986,0.017193801067930246,0.015283373075171006
hibou_l,pcam,1,0.1,0.9350117096018735,0.8665380770692835,0.039447939296334646,0.9713621824824485,0.019556705060456286,0.017378652104922766
hibou_l,pcam,1,1.0,0.9268149882903981,0.8495690699916012,0.055770350375840466,0.9808713360689473,0.02375292556988025,0.020985651401000293
hibou_l,pcam,2,1e-06,0.5819767441860465,0.07514986897682274,0.22762115820430703,0.5756047504062883,0.17080343739946335,0.06769713432294687
hibou_l,pcam,2,1e-05,0.8430232558139535,0.6724040632054176,0.16005858169154974,0.6840900192675391,0.07385960140491886,0.06079250438439213
hibou_l,pcam,2,0.0001,0.9186046511627907,0.8329151586473345,0.07396289019352596,0.8446417609692647,0.03940867733180488,0.03597869578808731
hibou_l,pcam,2,0.001,0.9337209302325581,0.8645407317342766,0.021481000222874726,0.9264588161951003,0.027270995809298725,0.025005073511927035
hibou_l,pcam,2,0.01,0.925,0.8463622162395719,0.029705167690538475,0.9522753250436702,0.024090451362310947,0.021183079292763793
hibou_l,pcam,2,0.1,0.9116279069767442,0.8184605812816639,0.06215775858425099,0.9684654104757942,0.028389749769119888,0.02433885753798716
hibou_l,pcam,2,1.0,0.8988372093023256,0.7918289669908963,0.0823959984913859,0.9812332077937115,0.03611392189163297,0.030785720507588436
hibou_l,pcam,3,1e-06,0.7184801381692574,0.3572056149240922,0.20668772095091803,0.5616295396512393,0.09375130343887804,0.049692327951387505
hibou_l,pcam,3,1e-05,0.9176741508347726,0.8262242921216726,0.22923249865913276,0.6884416521756399,0.014270170264276473,0.01076068201623125
hibou_l,pcam,3,0.0001,0.9499136442141624,0.8959090010517999,0.09818040260805791,0.8517332416061045,0.00798556990180857,0.006695351523181747
hibou_l,pcam,3,0.001,0.9585492227979274,0.9142911185247524,0.035686195916084906,0.9261328561333554,0.006627568129967565,0.005744433095917426
hibou_l,pcam,3,0.01,0.9643062751871042,0.9263143058106151,0.008963661790601905,0.9566581655399441,0.005926128921279744,0.00527111795154394
hibou_l,pcam,3,0.1,0.9608520437535981,0.9192811873420524,0.01351993480991461,0.971544169368635,0.006629711075022077,0.005841963302701701
hibou_l,pcam,3,1.0,0.9493379389752447,0.8956665610973386,0.03331463696965305,0.9807513162115566,0.010144959313215612,0.008824818605712346
hibou_l,pcam,4,1e-06,0.5950827897641746,0.15350972067180235,0.18678174581136542,0.5682226045918728,0.16700849430199746,0.070870265096701
hibou_l,pcam,4,1e-05,0.8931259407927747,0.7836831782458683,0.20918825693692095,0.6844802564407815,0.03263653286225842,0.02668361634045767
hibou_l,pcam,4,0.0001,0.9458103361766181,0.8909077639345458,0.09273003967582183,0.8530802965007963,0.014760888494172886,0.013251771661715473
hibou_l,pcam,4,0.001,0.951329653788259,0.9020440819619052,0.02170520750346784,0.931720914737491,0.011023626703513423,0.009807320385097289
hibou_l,pcam,4,0.01,0.9493226292022078,0.8980151011803402,0.010854098117309304,0.9565929870106877,0.012757060071724407,0.011437991954665577
hibou_l,pcam,4,0.1,0.9237330657300552,0.8460845910828076,0.03593791780797992,0.9568240973116545,0.020647011194085036,0.017642666505533026
hibou_l,pcam,4,1.0,0.8971399899648771,0.7920004439333101,0.07826292270336356,0.9716322073048174,0.03072704120516837,0.02521982333207139
hibou_l,sicap,0,1e-06,0.5585450921773791,0.5401622502247285,0.17037274839708766,0.483305806199582,0.22117744369621786,0.1049203736562247
hibou_l,sicap,0,1e-05,0.645241654210264,0.6489141894508339,0.0915169115916541,0.6042231650742295,0.1588138795722063,0.08666713994792302
hibou_l,sicap,0,0.0001,0.8186347782760339,0.8433906372755632,0.07202579091044374,0.7497692027343901,0.062300659993532834,0.044713188272407646
hibou_l,sicap,0,0.001,0.8480318883906328,0.8763368560089876,0.01820662416834227,0.8341911310276869,0.04615686798736219,0.03393796973187428
hibou_l,sicap,0,0.01,0.8455406078724464,0.8817657649962768,0.03964232497149136,0.8726337289019643,0.04804345784804607,0.03540962083116734
hibou_l,sicap,0,0.1,0.8216243148978575,0.8550847159322874,0.08817190027900415,0.9064881138093893,0.058487247428930585,0.041493326074951986
hibou_l,sicap,0,1.0,0.7982062780269058,0.8378026005783393,0.1434297697568009,0.9416360477837068,0.07425150526164229,0.05231381334630432
hibou_l,sicap,1,1e-06,0.6758321273516642,0.7765029288913475,0.1926405637229903,0.48721242089612543,0.18702841791588323,0.12758054115820747
hibou_l,sicap,1,1e-05,0.7380607814761215,0.8328189522526875,0.11152052055507683,0.6270212941286142,0.10833440714201542,0.07050255726396504
hibou_l,sicap,1,0.0001,0.8634828750602991,0.917669433737942,0.1051638147909907,0.7583190602693083,0.04054997821222853,0.030742995880695775
hibou_l,sicap,1,0.001,0.8832609744331886,0.9344408532214178,0.04825178097900292,0.8367705836833629,0.031667670142369285,0.024543711659020667
hibou_l,sicap,1,0.01,0.8620356970574047,0.9186121982360725,0.023911559373653826,0.8706813328989873,0.03931955433571947,0.02929859107530018
hibou_l,sicap,1,0.1,0.8210323203087313,0.8901864934187673,0.08166600475100026,0.9026042351914378,0.060015833492055984,0.04290665999371951
hibou_l,sicap,1,1.0,0.7838880849011095,0.8592322087151255,0.15573977055065288,0.9395214373876947,0.09013733578157332,0.06484144457539093
hibou_l,sicap,2,1e-06,0.568955223880597,0.41991672099908783,0.12018359580475493,0.4487716280758421,0.2927970958419902,0.18248799789894243
hibou_l,sicap,2,1e-05,0.7050746268656717,0.5660758236153707,0.11964231293558227,0.5864844879406933,0.18064441234933698,0.13202049923754677
hibou_l,sicap,2,0.0001,0.8035820895522388,0.7311796517177278,0.05527271954713657,0.7491676351093158,0.07364799834229971,0.05289553279886792
hibou_l,sicap,2,0.001,0.8483582089552238,0.8133224461786055,0.018620226184959274,0.8349020249359738,0.042434676608034023,0.030262101568059988
hibou_l,sicap,2,0.01,0.8394029850746269,0.82333275328738,0.033827555934212945,0.8732305410088398,0.04531811339335706,0.03162272585681972
hibou_l,sicap,2,0.1,0.8173134328358209,0.7990840807796401,0.08862845148838595,0.9044470424337816,0.06307419843754775,0.04521188936092183
hibou_l,sicap,2,1.0,0.7886567164179105,0.77096181959674,0.15289392949479214,0.9415506459127024,0.0752945610137041,0.05113434656441716
hibou_l,sicap,3,1e-06,0.6419951729686243,0.7117650684209793,0.1811455377105698,0.47301724218522573,0.20154401967901503,0.1279830867752329
hibou_l,sicap,3,1e-05,0.7208366854384554,0.7820961624343753,0.10605894027256062,0.6149697584060079,0.13723704323659328,0.09397820197296086
hibou_l,sicap,3,0.0001,0.8395012067578439,0.891539712052333,0.08328759646610796,0.756213610291736,0.05028940104649562,0.036626856047895937
hibou_l,sicap,3,0.001,0.8563958165728077,0.911630713183627,0.017482607012520735,0.850768061202229,0.037765849220032045,0.026893499671848176
hibou_l,sicap,3,0.01,0.8455349959774738,0.9071376470610877,0.052334281289696985,0.8948905435653745,0.03981028696402219,0.027182919132852694
hibou_l,sicap,3,0.1,0.831858407079646,0.8953557261099725,0.09359809560791069,0.9254565026875569,0.04552147732125336,0.030485411745270315
hibou_l,sicap,3,1.0,0.825824617860016,0.8926849095989075,0.12954413159146042,0.9551342912730804,0.0531640577593505,0.03699406445227577
hibou_l,sicap,4,1e-06,0.5245737211634904,0.2548283347625594,0.11732627748497149,0.45878033070421553,0.3051120742055917,0.1680054736912085
hibou_l,sicap,4,1e-05,0.5997993981945837,0.3585062535383099,0.08285186136572426,0.5697788831083367,0.21177386735343973,0.11806640670065845
hibou_l,sicap,4,0.0001,0.7627883650952858,0.637449902336966,0.06995164561183304,0.6994182807572384,0.0941880574905231,0.06346071160778834
hibou_l,sicap,4,0.001,0.7803410230692076,0.6953256801696623,0.026938336271445464,0.794558844855718,0.08587430993737265,0.05970375722656909
hibou_l,sicap,4,0.01,0.7602808425275828,0.6996731629626539,0.07944952258033816,0.8392826737774022,0.09941068524455063,0.06799961114480207
hibou_l,sicap,4,0.1,0.7331995987963892,0.6536813217475549,0.14888170532127742,0.8819917993451443,0.12258628274156912,0.08325818529275406
hibou_l,sicap,4,1.0,0.7146439317953862,0.609888799911626,0.21156668511724577,0.926210616912632,0.14179924951121511,0.096471176778577
hibou_l,panda,0,1e-06,0.2545275590551181,0.35535281104463046,0.0645726674177897,0.20583542700203586,0.6199384579307857,0.22267446408473646
hibou_l,panda,0,1e-05,0.3291338582677165,0.4501911721305666,0.048958922989087154,0.28017493527862936,0.5515340370398885,0.24636528511742423
hibou_l,panda,0,0.0001,0.36003937007874015,0.4799086126128915,0.027902575790023715,0.37109348978505147,0.5231588372325727,0.250930526236781
hibou_l,panda,0,0.001,0.3655511811023622,0.473571981977049,0.08390217775694545,0.44881782363842804,0.5186449057258846,0.25200570668659944
hibou_l,panda,0,0.01,0.3635826771653543,0.4655665182626173,0.16180336082657815,0.5253860379919325,0.5254719453048673,0.25684624087612135
hibou_l,panda,0,0.1,0.3547244094488189,0.44601682611208204,0.24656559781868523,0.6002774719966184,0.5415430066595704,0.26384529310900245
hibou_l,panda,0,1.0,0.34921259842519686,0.44261546821707576,0.2953351930535676,0.6445477914787644,0.5532476557360139,0.26979383557668435
hibou_l,panda,1,1e-06,0.2777048565535346,0.3690544678246688,0.07399526837931654,0.203810771310126,0.6032806977347049,0.23671230608385807
hibou_l,panda,1,1e-05,0.31614475904744044,0.4192097663686296,0.04658942492092002,0.27673362101547594,0.5417769457951392,0.22191569852784532
hibou_l,panda,1,0.0001,0.3375210950684418,0.44785815098026993,0.039745664362596536,0.36528963546063403,0.5181231625418425,0.22217301846892962
hibou_l,panda,1,0.001,0.3423963997749859,0.47757410883619644,0.10707049166123185,0.4494668914362178,0.5194381872006113,0.22874865923783783
hibou_l,panda,1,0.01,0.34802175135945995,0.47386709580832365,0.1779514017460066,0.5259731531054664,0.5307450544225125,0.24603926819359728
hibou_l,panda,1,0.1,0.3435214700918807,0.46022620359758937,0.2559945629278788,0.5995160330197595,0.5498439418174508,0.2603585076914973
hibou_l,panda,1,1.0,0.3422088880555035,0.4456849409452619,0.30186201327824297,0.6425124308177028,0.5629925801668973,0.27210201081092467
hibou_l,panda,2,1e-06,0.2639364964820494,0.30507310751106653,0.05650671408641829,0.20742978239563112,0.6271795850847383,0.24262544728021707
hibou_l,panda,2,1e-05,0.34872812556377414,0.40978190141213866,0.06654754788808653,0.2843250318014728,0.504157030349126,0.22019847784139918
hibou_l,panda,2,0.0001,0.3927476095976908,0.4612298425686667,0.015975149616489458,0.37831318238106043,0.46271652752759157,0.22246660404906404
hibou_l,panda,2,0.001,0.4046545192134223,0.47822790036907525,0.05728139472888669,0.4608275554446524,0.45302509719993383,0.22372560965680863
hibou_l,panda,2,0.01,0.40050514162006134,0.468314936533758,0.1415847727495173,0.5420899143695787,0.4636596775598008,0.23058443700340292
hibou_l,panda,2,0.1,0.3842684466895183,0.4375684822837176,0.23032092389888023,0.6145893705883986,0.48733083540056793,0.2390634269206262
hibou_l,panda,2,1.0,0.37326357568103913,0.42476340154460046,0.2849347305300242,0.6581983062110633,0.5058983677294997,0.24694564760454163
hibou_l,panda,3,1e-06,0.3055355859094177,0.3411898180876668,0.10250177799368516,0.20303380791573253,0.5462751340785157,0.21401851138527828
hibou_l,panda,3,1e-05,0.3790438533429188,0.43723413134946043,0.1014841718019169,0.27755968154100186,0.47087627874027904,0.21757605740697455
hibou_l,panda,3,0.0001,0.40186915887850466,0.4717328530104238,0.0323629389999264,0.3733587560597374,0.4399419678689859,0.20811284870929841
hibou_l,panda,3,0.001,0.40600287562904386,0.4865097872639854,0.05547063090790783,0.45797581338850213,0.4377410291184777,0.20965950860628565
hibou_l,panda,3,0.01,0.3984543493889288,0.48880998436226486,0.13545238613335803,0.5339067355222868,0.4577036609424782,0.2227466469548776
hibou_l,panda,3,0.1,0.3858734723220705,0.4702555288834057,0.2220477174920118,0.6079211898140823,0.48624181961431834,0.23950648642039055
hibou_l,panda,3,1.0,0.3817397555715313,0.45518759136132214,0.2687304216315273,0.6501724025110789,0.5045032806960933,0.2538090409265108
hibou_l,panda,4,1e-06,0.29487666034155596,0.365766251372182,0.09094993983366571,0.20392672050789024,0.5668894535535922,0.22180204390974934
hibou_l,panda,4,1e-05,0.36261859582542694,0.4656735432218546,0.08324004209597151,0.27937855372945547,0.4959036942978177,0.22630346900409748
hibou_l,panda,4,0.0001,0.3743833017077799,0.48464123892344213,0.020076421534405985,0.37456994667581284,0.486801803930849,0.22894804118595669
hibou_l,panda,4,0.001,0.37703984819734343,0.49103263525077734,0.0815052490374132,0.4585450972347566,0.47942128493032493,0.22416836209953145
hibou_l,panda,4,0.01,0.38216318785578746,0.4880708802996705,0.155335182028004,0.5374983698837914,0.4894300514509992,0.2391402904258172
hibou_l,panda,4,0.1,0.3700189753320683,0.47900754466637074,0.23977867414593557,0.6097976494780039,0.5052841868217715,0.24311663024265007
hibou_l,panda,4,1.0,0.3620493358633776,0.4736999217684499,0.2890193423107084,0.6510686781740861,0.5196114414575961,0.24943325569602648
virchow2,breakhis,0,1e-06,0.5899705014749262,0.0,0.20540386957278725,0.6933823120578453,0.17135020404580728,0.07251703614671838
virchow2,breakhis,0,1e-05,0.792330383480826,0.5433050373919767,0.06567735075278931,0.7293406560377634,0.08797502437012453,0.06468031166676885
virchow2,breakhis,0,0.0001,0.8684365781710914,0.724501732865405,0.03383199683575876,0.8412557536916329,0.031002316948878988,0.0219023835089259
virchow2,breakhis,0,0.001,0.8902654867256637,0.7736836438031657,0.025336428115243816,0.9155878505001595,0.019194299763559297,0.012907931514501581
virchow2,breakhis,0,0.01,0.9026548672566371,0.7996303182057537,0.048596159940355155,0.9477481259123122,0.01688820763987114,0.011959768599453873
virchow2,breakhis,0,0.1,0.9056047197640118,0.8056596607643194,0.061399962677091066,0.9653179675624953,0.017054145170463886,0.012423870484919374
virchow2,breakhis,0,1.0,0.904424778761062,0.8032304065238733,0.07091981360297629,0.9753445923640384,0.01732745969900322,0.012579074064141792
virchow2,breakhis,1,1e-06,0.7158999192897498,0.0,0.3145947986446508,0.6732336374699801,0.04859569830091134,0.0036454250606746397
virchow2,breakhis,1,1e-05,0.9499596448748991,0.8728427227793246,0.15730630088898329,0.7973045799579164,0.0034606161228807027,0.002166986714618894
virchow2,breakhis,1,0.0001,0.9862792574656981,0.9662404854522987,0.06610834555125591,0.9204721969656916,0.00042308282615480676,0.0003229844291527507
virchow2,breakhis,1,0.001,0.9919289749798225,0.9802599504825876,0.02171652305834095,0.9702246443793809,0.00019582695996010164,0.0001599120633957404
virchow2,breakhis,1,0.01,0.9911218724778047,0.9783044382856861,0.010891634160551623,0.9844998888810965,0.00026322900373789804,0.00022011946712013487
virchow2,breakhis,1,0.1,0.9870863599677159,0.9685766277573121,0.008253890602173262,0.9902361905707917,0.00038197347469358356,0.0002930212676565846
virchow2,breakhis,1,1.0,0.9854721549636803,0.9647085631818312,0.008800627115064522,0.9931453531063298,0.00047548491270084473,0.00036357984905450254
virchow2,breakhis,2,1e-06,0.6844262295081968,0.0,0.28287302042409485,0.6695805815695921,0.06871630115538628,0.012551696664442773
virchow2,breakhis,2,1e-05,0.9105191256830601,0.7867616645985938,0.14959415576865542,0.7642118754814416,0.01226116579472787,0.008102142057577342
virchow2,breakhis,2,0.0001,0.953551912568306,0.892974172407565,0.06824242880529567,0.8865068694451705,0.003537433348727624,0.0024257608122485513
virchow2,breakhis,2,0.001,0.9726775956284153,0.9374791810797652,0.026645935762498046,0.9481316024358359,0.0013178309736167346,0.0009317981745925496
virchow2,breakhis,2,0.01,0.9706284153005464,0.9331370524732663,0.009093404222134761,0.970946053961205,0.0015465872803696473,0.0011009270964402159
virchow2,breakhis,2,0.1,0.9685792349726776,0.928513196779782,0.012951375479191674,0.9814486096509267,0.0019947586320911165,0.0014851448528110335
virchow2,breakhis,2,1.0,0.9685792349726776,0.928513196779782,0.020276011919400067,0.9868302881130215,0.002327520467866347,0.0018179066885862637
virchow2,breakhis,3,1e-06,0.5480446927374302,0.0,0.28842387533124514,0.7073143969552885,0.1762757446594968,0.053787448962751935
virchow2,breakhis,3,1e-05,0.7374301675977654,0.44695341208643125,0.07825740036199749,0.7143334667694301,0.1146187633047656,0.07658494753933719
virchow2,breakhis,3,0.0001,0.8223463687150838,0.6355363868147179,0.03411485588241342,0.8115802024647464,0.04901420661155392,0.03215664797695876
virchow2,breakhis,3,0.001,0.8614525139664805,0.7180618978361797,0.028928788033946717,0.8901104517787649,0.029876853265310234,0.019763692226013423
virchow2,breakhis,3,0.01,0.8759776536312849,0.7483347076191165,0.053627647534928574,0.9289716290388376,0.023619149470522502,0.01555448329036854
virchow2,breakhis,3,0.1,0.882122905027933,0.760934815825686,0.06916849737241093,0.951291402400344,0.022071645662189065,0.014800912093389497
virchow2,breakhis,3,1.0,0.8871508379888268,0.7712564258610939,0.08097508072248584,0.9645394172831805,0.021412256883256445,0.014759248366314067
virchow2,breakhis,4,1e-06,0.6260121457489879,0.0,0.2317789695968932,0.6906322562710475,0.11742678692591461,0.03655933644857015
virchow2,breakhis,4,1e-05,0.7995951417004049,0.52747198332345,0.08320803950714838,0.7242322841991091,0.07121647058785129,0.049590167554193564
virchow2,breakhis,4,0.0001,0.8350202429149798,0.6280038852578488,0.036277240479761344,0.8229577844654313,0.043499218680536585,0.02903129825704169
virchow2,breakhis,4,0.001,0.8588056680161943,0.6878296931659378,0.03563388250105585,0.8840068945790636,0.035344119892948576,0.024835121971876886
virchow2,breakhis,4,0.01,0.8714574898785425,0.7192066910962545,0.0530709492386776,0.920764565116054,0.03254390404418253,0.02387113546311262
virchow2,breakhis,4,0.1,0.8770242914979757,0.7333727211343687,0.07089513174156563,0.9451232852116976,0.03237067700580199,0.024447500525891334
virchow2,breakhis,4,1.0,0.8770242914979757,0.734254557046653,0.08577379529794028,0.9601758655044801,0.03282635172686264,0.024903175246951986
virchow2,pcam,0,1e-06,0.8427377220480669,0.6765486939307614,0.25898449732732776,0.5837532247207392,0.06367681694735199,0.05056546244035878
virchow2,pcam,0,1e-05,0.9231974921630094,0.8447095679588126,0.16917226418027748,0.754025227982732,0.02073858956516987,0.017690672046851864
virchow2,pcam,0,0.0001,0.9420062695924765,0.8830697935528612,0.06700918646538796,0.8835167182810825,0.01287077245472299,0.01114050403459756
virchow2,pcam,0,0.001,0.9555903866248694,0.9104728446952313,0.024947471316315608,0.9364868150037197,0.00969975123006064,0.008687114581657529
virchow2,pcam,0,0.01,0.9535005224660397,0.9061864947235204,0.011181876780587442,0.9596749402538248,0.009651677272759007,0.00854127385180357
virchow2,pcam,0,0.1,0.9435736677115988,0.8861321781589188,0.031137177521696806,0.9747108452332955,0.012669512293895312,0.011031991597554382
virchow2,pcam,0,1.0,0.9404388714733543,0.8797497514488712,0.044901705993387955,0.9840837548145175,0.014850535871248844,0.013024911742709965
virchow2,pcam,1,1e-06,0.8507025761124122,0.6854371119784368,0.2649929798468072,0.5857095962656049,0.05528575716952497,0.043497042822712835
virchow2,pcam,1,1e-05,0.917447306791569,0.8299035478785619,0.16178064978146844,0.7556666570101007,0.023067430422520064,0.019537956712652946
virchow2,pcam,1,0.0001,0.9361826697892272,0.8690217223068026,0.050955205709956645,0.8864348144879365,0.018650955393086966,0.016551196339353414
virchow2,pcam,1,0.001,0.9391100702576113,0.8750863197748583,0.005432567452293316,0.9434626324988019,0.01732494099480294,0.015414513002043698
virchow2,pcam,1,0.01,0.9432084309133489,0.8835815693538368,0.025820081950521538,0.9678408757328386,0.016878103038244035,0.01521741433881027
virchow2,pcam,1,0.1,0.9455503512880562,0.8885499225397966,0.03619086378576165,0.9811010846961413,0.017733167179153776,0.01620718628279043
virchow2,pcam,1,1.0,0.9443793911007026,0.8861531466804373,0.04474322555439115,0.9875434722681002,0.018638592453133564,0.017045983607133573
virchow2,pcam,2,1e-06,0.7558139534883721,0.4807360552041403,0.16505516658861036,0.5907587868997617,0.11746668852473992,0.08480736801639366
virchow2,pcam,2,1e-05,0.8645348837209302,0.7192834007643427,0.11781458319782732,0.7467203005231028,0.05301603570780375,0.04335637844863264
virchow2,pcam,2,0.0001,0.9127906976744186,0.8209367920756896,0.039394899370039246,0.8733957983043794,0.030305141336735602,0.026361431106104748
virchow2,pcam,2,0.001,0.9366279069767441,0.8704346672269093,0.019884138706098092,0.9330892853928139,0.023972261159869317,0.02190201695272335
virchow2,pcam,2,0.01,0.9372093023255814,0.871701365866596,0.026095477164282045,0.9593744428040909,0.02379970683396788,0.021767514674504166
virchow2,pcam,2,0.1,0.9279069767441861,0.8525866454338353,0.04735494758686647,0.9752619243310525,0.02442125146763031,0.021736793592459766
virchow2,pcam,2,1.0,0.9255813953488372,0.8479053829998895,0.05927774689043675,0.9837292663906396,0.024333143499548734,0.02147108420682776
virchow2,pcam,3,1e-06,0.8675877950489349,0.7152706607123258,0.27949995046180215,0.5880878445871329,0.04288784645318723,0.0336684618632835
virchow2,pcam,3,1e-05,0.9119170984455959,0.8151404005322623,0.15161963005597331,0.7602974683896225,0.016281804005501343,0.012257957427455939
virchow2,pcam,3,0.0001,0.9355210132412205,0.8655881141821177,0.06423207242549793,0.8820097635031839,0.00898957776962886,0.006846073484770712
virchow2,pcam,3,0.001,0.9579735175590098,0.9128363901076957,0.027697614984978844,0.9324243064472248,0.005392164620796707,0.004484318867583241
virchow2,pcam,3,0.01,0.9614277489925158,0.9200653604198562,0.007813331926505723,0.9579442119160516,0.0055349220454990215,0.004770158220736513
virchow2,pcam,3,0.1,0.9481865284974094,0.8925598023974566,0.02315830988425694,0.9713448383816663,0.008526885225548075,0.007145852276876247
virchow2,pcam,3,1.0,0.943580886586068,0.88310436183494,0.037273844589431566,0.9804423445943281,0.010476832305649976,0.008838231457424513
virchow2,pcam,4,1e-06,0.787255393878575,0.5642619650680241,0.2013085903897044,0.5859468034888705,0.09928452039073306,0.07480006292337288
virchow2,pcam,4,1e-05,0.9051680883090818,0.8085299109586848,0.1637704310274647,0.7476623104467675,0.029968143391623847,0.025298522784880626
virchow2,pcam,4,0.0001,0.9427997992975414,0.8849413216033933,0.05921814418782373,0.8835816551097178,0.015031343698893147,0.01334894862118136
virchow2,pcam,4,0.001,0.9543401906673357,0.9082440841028018,0.01329297203573587,0.9421809471165793,0.010487721185439091,0.009417621167080963
virchow2,pcam,4,0.01,0.9563472152533868,0.9122593775759965,0.0159823262200533,0.9649313226055573,0.009862051769448914,0.00888414467204371
virchow2,pcam,4,0.1,0.9508278976417461,0.9012010821069927,0.025736150095193745,0.9765348485457226,0.011087245527218839,0.009845646067431484
virchow2,pcam,4,1.0,0.9483191169091821,0.8961656259405104,0.03585454016234338,0.9839727828028719,0.011956503651552137,0.010584464002178268
virchow2,sicap,0,1e-06,0.5590433482810164,0.5159103324700813,0.14689895573425737,0.543047449933898,0.1986874924193435,0.0827205185771939
virchow2,sicap,0,1e-05,0.680119581464873,0.6972313782981713,0.0917397311141322,0.6632117262145647,0.12302545974287225,0.06524237942812272
virchow2,sicap,0,0.0001,0.8300946686596911,0.8715269397621064,0.05261804495148362,0.778500650491892,0.05118261842418681,0.03581148206123855
virchow2,sicap,0,0.001,0.8435475834578974,0.8863840211684335,0.01394029863964603,0.8501948786916821,0.04133382821685456,0.02836275624355643
virchow2,sicap,0,0.01,0.8395615346287992,0.8836065314936459,0.06476653021075225,0.897426690259622,0.04551158861202711,0.03185190898582743
virchow2,sicap,0,0.1,0.8290981564524166,0.8780568752213578,0.1057802611848157,0.9342875438699476,0.052651481160302716,0.037093932157787494
virchow2,sicap,0,1.0,0.8241155954160438,0.8699406695552984,0.13854775739418568,0.9556644686210577,0.057970099436638264,0.04146249238932387
virchow2,sicap,1,1e-06,0.6763145200192957,0.7218304128798074,0.14348399855767668,0.5466046164461366,0.1455524060316842,0.08629348002053995
virchow2,sicap,1,1e-05,0.7674867342016402,0.848768316666081,0.1117307197825689,0.6855205725370102,0.07370815198608252,0.04424196418698338
virchow2,sicap,1,0.0001,0.8842257597684515,0.9367468628029753,0.08303856122502466,0.8011871985434269,0.029838619346273146,0.02283413000809879
virchow2,sicap,1,0.001,0.8842257597684515,0.9383515108443602,0.014644617934685179,0.8708457399687388,0.030140975512420558,0.023136486174246202
virchow2,sicap,1,0.01,0.8678244090689822,0.925667771130852,0.04618956225447311,0.9120397971026662,0.041267326102158386,0.032087750142444
virchow2,sicap,1,0.1,0.8552821997105644,0.916655879170619,0.08844418252637878,0.9407993629441725,0.051890964443978296,0.04083923381127951
virchow2,sicap,1,1.0,0.848528702363724,0.9118765444927605,0.11286748929132795,0.9600575433004626,0.058697335223510665,0.046561509558976144
virchow2,sicap,2,1e-06,0.5743283582089552,0.4306893784235385,0.09397712249838411,0.5135195694274809,0.25032634625154215,0.14302375763514896
virchow2,sicap,2,1e-05,0.7325373134328358,0.6603696115189079,0.07239092611653831,0.6601463873162975,0.1349701235174842,0.0954232617706825
virchow2,sicap,2,0.0001,0.8238805970149253,0.7973750163172999,0.04654460287275833,0.789527699144808,0.0637735926575547,0.04721174126938719
virchow2,sicap,2,0.001,0.8585074626865672,0.844978754331476,0.01869082811967265,0.8602977020280863,0.03741512009893832,0.02685417309416279
virchow2,sicap,2,0.01,0.8674626865671642,0.8651002014103781,0.04555566711859063,0.9033117049439275,0.035302844019109256,0.026064232603877576
virchow2,sicap,2,0.1,0.84,0.8394240895989193,0.09418364050204653,0.9341836405020466,0.04377081583383474,0.03017991025134351
virchow2,sicap,2,1.0,0.8238805970149253,0.8170826225919018,0.13095965922785946,0.9548402562427849,0.049936233755274395,0.03337438236710689
virchow2,sicap,3,1e-06,0.6355591311343524,0.6554321356128108,0.1433438135945489,0.5323186474033554,0.17953379287508062,0.10308690701909055
virchow2,sicap,3,1e-05,0.7325020112630732,0.8022251922097993,0.10204336070073634,0.6758974991466126,0.09323021916819205,0.05369839755535455
virchow2,sicap,3,0.0001,0.8519710378117458,0.9008529175255943,0.05597628145376051,0.797703760792966,0.039075806617553686,0.027505175942228753
virchow2,sicap,3,0.001,0.8728881737731295,0.9234572475640751,0.013995899956832349,0.8809924699091891,0.034049606040279935,0.02557946711938809
virchow2,sicap,3,0.01,0.8688656476267096,0.9189641608307125,0.05552418560395623,0.9225872227254869,0.03671591922787977,0.02768883495050762
virchow2,sicap,3,0.1,0.8684633950120676,0.9160340295090554,0.08172834782941546,0.9494000566608343,0.04127833695149576,0.032194535303424275
virchow2,sicap,3,1.0,0.8656476267095736,0.9103419314511525,0.10132716850732809,0.9669747952169018,0.04546620930813303,0.03598016442377738
virchow2,sicap,4,1e-06,0.4989969909729188,0.1575327030528948,0.11555906741092448,0.5019928844209376,0.29316121384613786,0.13891296845488593
virchow2,sicap,4,1e-05,0.6328986960882648,0.3050396470159472,0.06699207102703215,0.6039113097349389,0.16779360609766047,0.09011655599509902
virchow2,sicap,4,0.0001,0.7803410230692076,0.6975714187633022,0.05014449437754252,0.7349809397121237,0.07841678484760088,0.05224623213679733
virchow2,sicap,4,0.001,0.8029087261785356,0.7719705434595581,0.02691036540153705,0.8216791045901427,0.07281908220278394,0.05192829340455385
virchow2,sicap,4,0.01,0.7893681043129388,0.7630844917195484,0.08602616355921625,0.87354087791552,0.088710244749236,0.06472887710503257
virchow2,sicap,4,0.1,0.7728184553660983,0.74932532534866,0.14631046163256356,0.9182245963932374,0.10535372072612031,0.07727912671068839
virchow2,sicap,4,1.0,0.7587763289869609,0.7392701257137164,0.1889388777815976,0.9477152067685584,0.11491864784514885,0.08309336886298549
virchow2,panda,0,1e-06,0.2811023622047244,0.37282797166727155,0.057321964745235335,0.2237803974594891,0.6245847925732282,0.2623455368258969
virchow2,panda,0,1e-05,0.3539370078740158,0.4499718175743288,0.05625177232258041,0.30310742360531495,0.5094807672743699,0.23096602758309542
virchow2,panda,0,0.0001,0.38661417322834646,0.5182671839549637,0.028114286139363676,0.4049817561463722,0.48299578976196883,0.23695989146107743
virchow2,panda,0,0.001,0.3994094488188976,0.5471825852397472,0.10302190253637182,0.5024313513552695,0.48630323923992785,0.25221887281446165
virchow2,panda,0,0.01,0.38366141732283465,0.5121252625052137,0.21762875664626416,0.6012901739690988,0.5123787490422056,0.26352516880747945
virchow2,panda,0,0.1,0.35531496062992124,0.47246072582745247,0.3544925386588822,0.7098074992888035,0.5507655578315981,0.2736794666541805
virchow2,panda,0,1.0,0.33661417322834647,0.44579342605962147,0.474906561174883,0.8115207344032296,0.5827865813665782,0.2858470034211699
virchow2,panda,1,1e-06,0.278267391711982,0.40133045083894414,0.05608328879362406,0.22218410291835794,0.6306743945607514,0.2648262042780087
virchow2,panda,1,1e-05,0.33095818488655543,0.44805701939120823,0.030436532006887392,0.30299277756660786,0.538912795438141,0.23576965685045242
virchow2,panda,1,0.0001,0.3703356459778736,0.48168594385486985,0.035448479712258375,0.40342831079844144,0.49331594152800684,0.23146381935087385
virchow2,panda,1,0.001,0.3558972435777236,0.487800231084912,0.14380926119013807,0.4994792435063409,0.5129365265935375,0.23645554032350846
virchow2,panda,1,0.01,0.3440840052503282,0.46448296450908066,0.25639365479919873,0.6004776600495269,0.5450328974505453,0.2561481277139299
virchow2,panda,1,0.1,0.3326457903618976,0.4372669884959427,0.37786265897371607,0.7102189501266075,0.5762375648398861,0.27495638114347076
virchow2,panda,1,1.0,0.31520720045002815,0.4091228592708829,0.5009277092769344,0.8161349097269626,0.5955927955868309,0.2746504185023004
virchow2,panda,2,1e-06,0.2834205303987011,0.3784060462037955,0.06116586247373569,0.22225466792496537,0.6190493238630083,0.2597484931013199
virchow2,panda,2,1e-05,0.3658668591015696,0.4672200381539403,0.059771206809374845,0.3060956522921947,0.4937218672329567,0.2274054574205463
virchow2,panda,2,0.0001,0.40267003427746706,0.5081782955452753,0.0173662823497182,0.409086581292013,0.4443046561247293,0.21320470911939848
virchow2,panda,2,0.001,0.3914847555475374,0.47449289691139285,0.11482854481495902,0.5063133003624966,0.45259432515493153,0.2111620069438108
virchow2,panda,2,0.01,0.3848096698538697,0.4606654012959277,0.225193133696273,0.6100028035501427,0.48435031988579075,0.236600212602977
virchow2,panda,2,0.1,0.3720007216308858,0.44521850362165394,0.34795674926729864,0.7199574708981844,0.5239411095484391,0.2637416314549988
virchow2,panda,2,1.0,0.35756810391484756,0.42354090045731574,0.4658890294699682,0.8231089387137269,0.5510692844726556,0.2763130080807312
virchow2,panda,3,1e-06,0.3129043853342919,0.3943213926941499,0.09287123809439085,0.22003314723990097,0.5618309627106529,0.2382239533798588
virchow2,panda,3,1e-05,0.38695183321351545,0.49634978290304455,0.08706022426713002,0.2998916089463854,0.45917841451565394,0.2134685373955323
virchow2,panda,3,0.0001,0.40186915887850466,0.5271359627353125,0.02300014874063238,0.4058492525006425,0.43950988574182337,0.2076807665821359
virchow2,panda,3,0.001,0.3943206326383896,0.5070591154225763,0.10894766803961253,0.502606784534643,0.46463457079703907,0.22585197801802404
virchow2,panda,3,0.01,0.38497483824586626,0.47516868060839235,0.2167804009333542,0.6011030239805745,0.49093171843487476,0.24333953682417273
virchow2,panda,3,0.1,0.37185478073328543,0.45257895285645244,0.3391738005248992,0.7105843839442111,0.522535522698763,0.2621919015789292
virchow2,panda,3,1.0,0.3569374550682962,0.4418231602746798,0.45901150814164315,0.8159489632099394,0.5496211957471421,0.27421594705919866
virchow2,panda,4,1e-06,0.2870967741935484,0.39661891457376486,0.06687409083141412,0.2229059377077896,0.5915304364424763,0.23683796160505655
virchow2,panda,4,1e-05,0.35047438330170777,0.4748714940354485,0.04643826890439921,0.30403611439730854,0.49908943450757653,0.21696325751626505
virchow2,panda,4,0.0001,0.38975332068311197,0.5219454131471242,0.029205138309111443,0.40854035320002385,0.46400397143002625,0.22094105695542346
virchow2,panda,4,0.001,0.3891840607210626,0.5026525875848907,0.11851748480186658,0.5077015455229292,0.46132154947706216,0.2177217848640707
virchow2,panda,4,0.01,0.38349146110056925,0.4894589698657261,0.22571712358683643,0.6092085846874057,0.4835298757115637,0.23451561111394292
virchow2,panda,4,0.1,0.36869070208728655,0.4512040467957952,0.34923696083173394,0.7179276629190204,0.5181017784115605,0.25461113833052695
virchow2,panda,4,1.0,0.3552182163187856,0.44048321624145215,0.4661266644593974,0.8212613740064847,0.5364127999762274,0.2592288673361619
uni,breakhis,0,1e-06,0.5899705014749262,0.0,0.20429458905698739,0.698121091132372,0.162867108902926,0.0640339410038371
uni,breakhis,0,1e-05,0.7421828908554572,0.4229191581194417,0.059227823598035016,0.7133498980118173,0.11026176662260756,0.07365756370369492
uni,breakhis,0,0.0001,0.8271386430678466,0.6316351620475962,0.04685521153311938,0.8114095343059946,0.04332241286649721,0.02738688903598029
uni,breakhis,0,0.001,0.8678466076696165,0.7227115376188598,0.029181450111184358,0.8843021942450588,0.02516585557185236,0.01598232603210958
uni,breakhis,0,0.01,0.8814159292035398,0.7520117044623262,0.04664584491493484,0.9280617741184749,0.021019586031065237,0.013657844241747145
uni,breakhis,0,0.1,0.8849557522123894,0.759414340150018,0.06719878156135994,0.9508943472156163,0.020113976403201735,0.01319299646803095
uni,breakhis,0,1.0,0.8855457227138643,0.7608074195308238,0.07858667366962324,0.9637124486668142,0.02002297818178877,0.013174080425186276
uni,breakhis,1,1e-06,0.7158999192897498,0.0,0.3556750656664353,0.6752130348656379,0.04704180481463738,0.0020915315744006804
uni,breakhis,1,1e-05,0.9426957223567393,0.8529519434735295,0.17699289751873706,0.7695158569329434,0.003655293439729243,0.0019579913487870375
uni,breakhis,1,0.0001,0.9862792574656981,0.966527509165484,0.07631391631947888,0.9099653411462193,0.0004542413493892708,0.00035414295238721477
uni,breakhis,1,0.001,0.9887005649717514,0.9725045492876482,0.02310882395373924,0.9657022000404832,0.00035698937143391655,0.0002883502735922942
uni,breakhis,1,0.01,0.9854721549636803,0.9648276710436255,0.007971603970400283,0.9821142600951418,0.00044137620270100756,0.00032947113905466537
uni,breakhis,1,0.1,0.9814366424535916,0.95524638282034,0.009151284067087354,0.9891629306264079,0.00054189679401346,0.0003610322832914097
uni,breakhis,1,1.0,0.9806295399515739,0.9533397773063356,0.012751429469729608,0.9925605483131404,0.0006322060218165924,0.00043556059371156156
uni,breakhis,2,1e-06,0.6844262295081968,0.0,0.336784736488121,0.6766454286463264,0.06447698402587548,0.008312379534931975
uni,breakhis,2,1e-05,0.8968579234972678,0.7484673466322588,0.16453374605966342,0.7346624930299287,0.015182526929095197,0.00963523138661946
uni,breakhis,2,0.0001,0.9590163934426229,0.9060020032359966,0.08470234977311679,0.8743140436695062,0.003975086511892964,0.003109550522527715
uni,breakhis,2,0.001,0.9733606557377049,0.939077324933738,0.030271949195808126,0.9449005001404973,0.0017427028431654897,0.0013755860354141701
uni,breakhis,2,0.01,0.9719945355191257,0.9358791934263995,0.012632230710660986,0.9677111213510156,0.0016503786130484535,0.0012449501457083624
uni,breakhis,2,0.1,0.9713114754098361,0.9344287469287469,0.012417119847124914,0.9781578103255996,0.0019368514021026843,0.0015115472523150712
uni,breakhis,2,1.0,0.967896174863388,0.9264107598916824,0.020903604459915036,0.9847035578120953,0.0021810258391918376,0.0016491312338487555
uni,breakhis,3,1e-06,0.5480446927374302,0.0,0.29366208215717526,0.7083048611490466,0.1760938012603776,0.053605505563632735
uni,breakhis,3,1e-05,0.6972067039106146,0.35743626221803637,0.11182841108525735,0.7043631416488022,0.12320210808741246,0.07178812951144455
uni,breakhis,3,0.0001,0.806145251396648,0.6016410748437362,0.06250022016253741,0.7984040037790237,0.05232131882710081,0.03212975265594804
uni,breakhis,3,0.001,0.8597765363128491,0.7143705395230207,0.0289345736692136,0.8781484132751726,0.031198868858408356,0.020833660879499342
uni,breakhis,3,0.01,0.8782122905027933,0.7525997253503178,0.04939527713471036,0.9276075676375036,0.024523724253930422,0.016752733025171107
uni,breakhis,3,0.1,0.8854748603351955,0.7673275801941526,0.07058851079388814,0.9535741277122167,0.023561046796157743,0.016705304132916474
uni,breakhis,3,1.0,0.888268156424581,0.7731756798710523,0.08229141737173445,0.9686213693132335,0.023155022596881413,0.016635410804970333
uni,breakhis,4,1e-06,0.6260121457489879,0.0,0.1912562222010211,0.6946624756062937,0.10484455540062754,0.023977104923283074
uni,breakhis,4,1e-05,0.770748987854251,0.4480024864086195,0.07919590220374426,0.7098859809650956,0.0764064964945767,0.04779476213696811
uni,breakhis,4,0.0001,0.8380566801619433,0.6310305027699554,0.03605806455539289,0.8115876652732438,0.04304960173672511,0.029124402914596663
uni,breakhis,4,0.001,0.8446356275303644,0.6507893379508529,0.04333743399487683,0.8823053252911566,0.03767322189173716,0.024886231217345057
uni,breakhis,4,0.01,0.8486842105263158,0.662020882005002,0.07260076430522734,0.9212849748315431,0.03582240734023796,0.02371035640426411
uni,breakhis,4,0.1,0.853744939271255,0.6746222394420767,0.09123180657217085,0.9448110865465975,0.035239422104969866,0.023943896959451837
uni,breakhis,4,1.0,0.8552631578947368,0.67863816313974,0.1053757663136799,0.9598338854043575,0.0349252274623228,0.023868802249819597
uni,pcam,0,1e-06,0.6823406478578893,0.329380849200129,0.22399549696196047,0.5643221341788122,0.1102860081738861,0.05335220609771718
uni,pcam,0,1e-05,0.9519331243469175,0.9028951460807993,0.2356997922757102,0.7162333320712072,0.010980375505957322,0.009793641583823601
uni,pcam,0,0.0001,0.9608150470219435,0.9209807524415874,0.08236008151421895,0.8784549655077246,0.007370366988998381,0.00658217309641726
uni,pcam,0,0.001,0.9629049111807733,0.925218493804252,0.022179323717691796,0.9426372826239213,0.006724098718297787,0.006017718353748826
uni,pcam,0,0.01,0.9649947753396029,0.9294756235048258,0.012812490030272647,0.965835231348913,0.007483581485393482,0.006854478857890218
uni,pcam,0,0.1,0.9639498432601881,0.9273930985344034,0.0185528069621034,0.978802571658465,0.007875152009858563,0.007207976872766271
uni,pcam,0,1.0,0.9618599791013585,0.9231840027972674,0.025381502300779013,0.9851887527429782,0.008202604228067852,0.007455884688983292
uni,pcam,1,1e-06,0.8108899297423887,0.5965653309620409,0.24636933956678117,0.5645205901756076,0.06689781145900325,0.04771353701638956
uni,pcam,1,1e-05,0.949648711943794,0.8968612069558721,0.21673296488554528,0.7329157470582486,0.01676316940282295,0.015458978506666608
uni,pcam,1,0.0001,0.952576112412178,0.903017948423169,0.06116767683566759,0.8940494047636728,0.012124390071453986,0.010967787272087458
uni,pcam,1,0.001,0.955503512880562,0.9090181433836155,0.0068938467784328975,0.9552504728271924,0.011192744912372671,0.010174733882531331
uni,pcam,1,0.01,0.9572599531615925,0.9127011911130031,0.022585021856473552,0.9757565576201792,0.011465164977930629,0.010526002245681445
uni,pcam,1,0.1,0.9560889929742389,0.9103363123236125,0.03191360831484829,0.985359417399658,0.012657187795005019,0.011665817988257794
uni,pcam,1,1.0,0.9531615925058547,0.9044874940409535,0.037383808972145764,0.9900261051957947,0.013244475647215597,0.0121163100235027
uni,pcam,2,1e-06,0.6686046511627907,0.2809111392761582,0.21052540327934247,0.5713937016160615,0.11150086307897894,0.049164260237957044
uni,pcam,2,1e-05,0.9215116279069767,0.8389021479713604,0.2008552635343543,0.7206563643726226,0.025409532593864692,0.022222601829128566
uni,pcam,2,0.0001,0.9447674418604651,0.8872132704562271,0.06846789741705779,0.8762995444434074,0.017506924661179108,0.015936669530547516
uni,pcam,2,0.001,0.9511627906976744,0.9004541846723697,0.019319961286884946,0.9405547176040293,0.013822061701599794,0.012595429362081464
uni,pcam,2,0.01,0.9424418604651162,0.8824929059612009,0.02279548693033539,0.9642805140752502,0.014300125629201197,0.012594198653799618
uni,pcam,2,0.1,0.9401162790697675,0.8777451445858958,0.04061735248503057,0.9787262289811054,0.014863577853699031,0.013016240394149385
uni,pcam,2,1.0,0.9424418604651162,0.8825499652367762,0.046613602858054534,0.9861714587110589,0.014358669976359806,0.012652743000958228
uni,pcam,3,1e-06,0.8301669545192861,0.6281585461163516,0.26454073468658296,0.5656262198327031,0.057685797720261375,0.04232156284811288
uni,pcam,3,1e-05,0.9424294761082326,0.8798424462611424,0.21156147510327125,0.7308680010049612,0.011923057871796046,0.010216556784207211
uni,pcam,3,0.0001,0.9510650546919976,0.8981363108572501,0.06579448682569576,0.8859805237712779,0.007126688281072105,0.00589526803473403
uni,pcam,3,0.001,0.9579735175590098,0.9126592767446138,0.018721165175340906,0.9435006355027026,0.004833949433113521,0.003926103679900055
uni,pcam,3,0.01,0.9579735175590098,0.9127656310304237,0.008395069530240728,0.962500062635591,0.004693884051296435,0.0037860382980829683
uni,pcam,3,0.1,0.9510650546919976,0.8985492707187408,0.02532828376036022,0.9745270217910548,0.00591689132482855,0.0046854710784904755
uni,pcam,3,1.0,0.9464594127806563,0.8888658039154714,0.036723563237975876,0.9821553008251188,0.006702264854106985,0.005227271403576516
uni,pcam,4,1e-06,0.6221776216758655,0.21216239839863182,0.23629270862649052,0.5677003999554635,0.13263253095087874,0.049957122220832526
uni,pcam,4,1e-05,0.9493226292022078,0.8979837792115843,0.23371930550961523,0.7156033236925925,0.015628833890554396,0.014309765773495567
uni,pcam,4,0.0001,0.9628700451580532,0.9253738593456994,0.08382446846734823,0.879045576690705,0.009829588703838956,0.009122264989365305
uni,pcam,4,0.001,0.9648770697441044,0.9294149194527646,0.021477411958012806,0.9446379890685126,0.007752949120568695,0.007119977985346797
uni,pcam,4,0.01,0.9618665328650275,0.9233804310217494,0.009077416414007078,0.9647093465433798,0.009165098162265467,0.008419029897349755
uni,pcam,4,0.1,0.948820873055695,0.8970843450103986,0.0266680684806855,0.9737213232535628,0.012287695141742591,0.010942273928052025
uni,pcam,4,1.0,0.9387857501254391,0.8768418312094974,0.042843422170413904,0.9804827333957886,0.014047515149247826,0.01211912318757277
uni,sicap,0,1e-06,0.5450921773791729,0.5132712984588101,0.19585699518184688,0.47470863704234456,0.20451207654772977,0.0802530829402343
uni,sicap,0,1e-05,0.6865969108121575,0.6791336869470155,0.07564818458054978,0.6140065755032693,0.12801627323315093,0.0727009831454695
uni,sicap,0,0.0001,0.8221225710014948,0.8439742203932634,0.07056874466917232,0.7588315333525482,0.0552339912738978,0.03833793636245903
uni,sicap,0,0.001,0.8415545590433483,0.874528282133949,0.02094479310724741,0.8330186727706821,0.046654450265178185,0.033341434472724904
uni,sicap,0,0.01,0.8246138515196811,0.8638801138213342,0.060465178600175584,0.8786870310655915,0.05494076465779828,0.038529516012863946
uni,sicap,0,0.1,0.8056801195814649,0.8464763586393727,0.11750286430897379,0.9202112753870493,0.06869933986739274,0.04841314415744389
uni,sicap,0,1.0,0.7932237169905332,0.8377014284142128,0.1598442223129234,0.949225201942376,0.0788384102827549,0.055760883245345366
uni,sicap,1,1e-06,0.6676314520019295,0.7543215336782897,0.2125749808159957,0.480742090041214,0.14736795203664552,0.08465502981805798
uni,sicap,1,1e-05,0.769416304872166,0.8369924087751592,0.12913132537202396,0.6414416504462953,0.08485867641926385,0.055901160514693016
uni,sicap,1,0.0001,0.875060299083454,0.9151861306566375,0.10159602912540115,0.7743665693808159,0.039061312329640704,0.030879200812781282
uni,sicap,1,0.001,0.8678244090689822,0.9220328696837893,0.03275857064761752,0.8383512714427015,0.04274627267837485,0.033566696718660465
uni,sicap,1,0.01,0.8359864930053064,0.8925233127880136,0.04460560471156068,0.8770819751239943,0.059274962255304264,0.044982882901993475
uni,sicap,1,0.1,0.8027013989387362,0.8523910772037483,0.11673622708728772,0.9194376260260239,0.07746400417338226,0.05652951002306286
uni,sicap,1,1.0,0.7776169802219006,0.8324467064988159,0.17167036243242145,0.9491327925352308,0.09301908654996308,0.06616958640001541
uni,sicap,2,1e-06,0.5498507462686567,0.3975669665495005,0.13686309606309657,0.45592777678553176,0.256332753192783,0.1349195187272797
uni,sicap,2,1e-05,0.7182089552238806,0.5908218461001571,0.10455970026945349,0.613649254954427,0.14243421975220755,0.09828245625568507
uni,sicap,2,0.0001,0.8107462686567164,0.7475642105468496,0.04927398590949235,0.7644777944134372,0.06037229610486715,0.04115676120473387
uni,sicap,2,0.001,0.84,0.7990292734718641,0.0243243143231882,0.848035563884511,0.04181937010088999,0.02822846451839876
uni,sicap,2,0.01,0.8352238805970149,0.8153746134730826,0.06043734796361962,0.8941771197306219,0.045557915503498345,0.03111924798994203
uni,sicap,2,0.1,0.8280597014925373,0.8124465922149866,0.10382827322898802,0.9318879747215253,0.05503736493368835,0.03927579594637409
uni,sicap,2,1.0,0.8161194029850747,0.7916530992354481,0.14264903133477222,0.9587684343198467,0.06196199245933175,0.04385757965928316
uni,sicap,3,1e-06,0.6291230893000804,0.6804428352227359,0.20803191678605523,0.4697391104188374,0.16613519893483347,0.08673718390983308
uni,sicap,3,1e-05,0.7445695897023331,0.7951473717589481,0.11150019247990395,0.6335585876822347,0.10098428172871804,0.06511253148175328
uni,sicap,3,0.0001,0.8547868061142397,0.8930823095753213,0.07411137973343432,0.7806754263808054,0.03850798357846421,0.027384365005932644
uni,sicap,3,0.001,0.8616251005631537,0.9104940318616537,0.018171650070552336,0.8573073758452527,0.03297248413175663,0.02289591039443486
uni,sicap,3,0.01,0.8483507642799678,0.9020284110938557,0.052791906647897346,0.9003017576393282,0.040166597156086614,0.028007557986740803
uni,sicap,3,0.1,0.834271922767498,0.8896355967929923,0.10440973322672942,0.9375410296620033,0.052260428652351955,0.037665661999452926
uni,sicap,3,1.0,0.8218020917135961,0.8774668331781054,0.1389605524178936,0.9603295167420073,0.06030091856183299,0.04335050139201152
uni,sicap,4,1e-06,0.4754262788365095,0.17265091038994063,0.12798119853441794,0.45730473755442613,0.3336146211296386,0.16240949080447503
uni,sicap,4,1e-05,0.6293881644934805,0.3339041965880234,0.07498473771439987,0.5770855656067152,0.18622140157898948,0.10692784258678399
uni,sicap,4,0.0001,0.7647943831494484,0.654715761424628,0.052727427883141366,0.7213109227844934,0.099665047708798,0.06947874812578725
uni,sicap,4,0.001,0.7713139418254764,0.7071333011224405,0.032752204026212456,0.8027531146434455,0.08703125030364385,0.058567083814513685
uni,sicap,4,0.01,0.7387161484453361,0.6674231890245628,0.11050650121978309,0.8492226496651191,0.10511724034872544,0.06748181579746283
uni,sicap,4,0.1,0.7101303911735206,0.6389645429885582,0.18960416924817403,0.8994973007500188,0.13529948587069085,0.08843958013581867
uni,sicap,4,1.0,0.6845536609829489,0.6116051953927888,0.2506789043228723,0.9352325653058211,0.15438096409980626,0.0982933316193006
uni,panda,0,1e-06,0.2545275590551181,0.27805263577236894,0.051569207405415596,0.20295835164970255,0.6362584857125962,0.23899449186654698
uni,panda,0,1e-05,0.33385826771653543,0.4185109990004703,0.05717783818246065,0.2766927397298216,0.5368231173093241,0.23687127657520424
uni,panda,0,0.0001,0.3562992125984252,0.47550787790312776,0.028995630231879708,0.380916366938415,0.5078807314247138,0.23181183050501258
uni,panda,0,0.001,0.3637795275590551,0.4977608288000971,0.10991200861229439,0.4736915361713495,0.5065549737118604,0.23812839847553785
uni,panda,0,0.01,0.3509842519685039,0.4652047879774841,0.2154861798716329,0.5664704318401368,0.5326898743449193,0.25109565334037454
uni,panda,0,0.1,0.3413385826771654,0.4332555424678233,0.2978455254295218,0.6391841081066871,0.5545758592469842,0.2627477679624857
uni,panda,0,1.0,0.33681102362204723,0.4234090991884212,0.3261803546879253,0.662671209411401,0.560880793930909,0.26415551203744575
uni,panda,1,1e-06,0.25651603225201575,0.2784546599778186,0.055782541401406746,0.20073349085060901,0.6388837480805498,0.24433659276683484
uni,panda,1,1e-05,0.3356459778736171,0.4148627402260585,0.06274641363514968,0.2761437698426404,0.5339233440046425,0.2359311899374868
uni,panda,1,0.0001,0.3519594974685918,0.45491446697736004,0.037494059035312784,0.38332313135979185,0.5044706581537196,0.22389930024458082
uni,panda,1,0.001,0.3442715169698106,0.4776061817415346,0.13499305978150683,0.47902948583005406,0.5170124092887445,0.22832765656848497
uni,panda,1,0.01,0.3350834427151697,0.45766295197228535,0.2340144895579776,0.5690979322731473,0.5500676709717749,0.25146087383542004
uni,panda,1,0.1,0.3228951809488093,0.43155050849498855,0.3178226293012332,0.6407178102500426,0.5794055094821717,0.26724681644705456
uni,panda,1,1.0,0.3191449465591599,0.42192291036531393,0.3463725264315854,0.6654293883692509,0.5879883082098172,0.2715680323323837
uni,panda,2,1e-06,0.2608695652173913,0.2825752608336052,0.05650646925264974,0.20436309596474148,0.638577266742681,0.24991966837008966
uni,panda,2,1e-05,0.3673101208731734,0.42953153213035833,0.08504457327815061,0.28226554759502276,0.491766466301832,0.22689852290475326
uni,panda,2,0.0001,0.39527331769799745,0.4866927755974739,0.024774533375344087,0.3880606817876222,0.4440832245725362,0.20618592168165156
uni,panda,2,0.001,0.39473209453364605,0.4735290294082345,0.08960168513222691,0.48315120036164555,0.45275924641996423,0.21435917268738675
uni,panda,2,0.01,0.3792170304889049,0.455948890364436,0.20124082242434388,0.5794517486783026,0.48854938749412163,0.23541693059694674
uni,panda,2,0.1,0.3703770521378315,0.4450903926430475,0.2815788579148874,0.6519559100527189,0.5153501996232007,0.2535414455492013
uni,panda,2,1.0,0.3662276745444705,0.4343793582776534,0.308896538747081,0.6751242132915515,0.5243201683745007,0.25836640804106725
uni,panda,3,1e-06,0.27462257368799425,0.263837899346523,0.07228175437474348,0.20234081931325074,0.5758297522270689,0.20529771574602118
uni,panda,3,1e-05,0.37994248741912295,0.4302455185211659,0.10394052487604118,0.27600196254308174,0.45803917482950235,0.2056097377829823
uni,panda,3,0.0001,0.4067217828900072,0.4851670633511972,0.024984336461920668,0.3831012969473927,0.43922488980334357,0.21179081721033852
uni,panda,3,0.001,0.396117900790798,0.484161084848834,0.08309285920305609,0.4790873894388732,0.46332277241237485,0.22620877285341207
uni,panda,3,0.01,0.3749101365923796,0.4597276563201709,0.19810840045357198,0.5730185370459516,0.5031828289400225,0.24584948085784786
uni,panda,3,0.1,0.357117181883537,0.4298128535747089,0.2868274395907547,0.6439446214742917,0.531629824126482,0.2564096999582987
uni,panda,3,1.0,0.35424155283968367,0.4231275830509925,0.3126627338423249,0.6669042866820086,0.539713675409433,0.26152067368423204
uni,panda,4,1e-06,0.2675521821631879,0.27781634984291625,0.06428732432871961,0.20326485783446824,0.5899723385833806,0.21020671409990704
uni,panda,4,1e-05,0.350853889943074,0.43817683107802363,0.07171202336896333,0.27914186657411066,0.49142813776755856,0.20969969181510661
uni,panda,4,0.0001,0.3749525616698292,0.47575458506609847,0.029271984515899036,0.386415818536899,0.46493418330248004,0.20763932574313654
uni,panda,4,0.001,0.38064516129032255,0.4800864066949223,0.10652429706320256,0.486870705360602,0.4631918347875689,0.21143870958240063
uni,panda,4,0.01,0.3736242884250474,0.47088167478500176,0.207871914080488,0.5814962025055355,0.47994078244664584,0.22134046610919278
uni,panda,4,0.1,0.36091081593927893,0.44795061107759904,0.2897250715695112,0.6506358875087902,0.5028889529770862,0.23155215968078524
uni,panda,4,1.0,0.3567362428842505,0.4367167324357124,0.315493728229036,0.6721263526556049,0.5106970674175448,0.23508123211282916
hoptimus,breakhis,0,1e-06,0.5899705014749262,0.0,0.1774811964220874,0.6962896797219033,0.1337295412890809,0.034896373389992005
hoptimus,breakhis,0,1e-05,0.7675516224188791,0.47609260145444854,0.07924763736465085,0.6906537917451268,0.09164758701171011,0.06218608575058465
hoptimus,breakhis,0,0.0001,0.8336283185840708,0.6447412428370756,0.033871505023011186,0.7997568135610595,0.05935113197685327,0.04462375936063527
hoptimus,breakhis,0,0.001,0.8247787610619469,0.6299548299599754,0.06056583551399532,0.8831608432223601,0.05961535702320762,0.04322790220018172
hoptimus,breakhis,0,0.01,0.8324483775811209,0.6474956063268893,0.10329795272386519,0.9299864874021723,0.053540500496168104,0.03859723336690694
hoptimus,breakhis,0,0.1,0.8389380530973451,0.6607701189450726,0.12150557473425475,0.9542814887785933,0.05122539862934546,0.037448917581303476
hoptimus,breakhis,0,1.0,0.8424778761061947,0.668374020378329,0.12883126531091438,0.9679888716901094,0.05082976649475513,0.0376685299812564
hoptimus,breakhis,1,1e-06,0.7158999192897498,0.0,0.31362768510629946,0.6738164709294581,0.05130415604219277,0.006353882801956069
hoptimus,breakhis,1,1e-05,0.9322033898305084,0.8264931531513509,0.20394661461618435,0.7282567752143241,0.007243498121287276,0.004864184088960756
hoptimus,breakhis,1,0.0001,0.9652945924132365,0.9170273305061649,0.09150720082697145,0.8737873915862651,0.0030823225931265893,0.002458997978440214
hoptimus,breakhis,1,0.001,0.9733656174334141,0.9360033683261516,0.03450265656170146,0.9391716264760328,0.0023304021436078366,0.0019617699216384426
hoptimus,breakhis,1,0.01,0.9725585149313963,0.934008816369498,0.012250918160213025,0.9647140230743694,0.0022354122232161665,0.0018443315328830622
hoptimus,breakhis,1,0.1,0.9725585149313963,0.9338980178506421,0.00869152793513232,0.977634863103065,0.002354304102396058,0.0019632234120629537
hoptimus,breakhis,1,1.0,0.9709443099273608,0.930126982038292,0.014955971126764625,0.9844502802109955,0.002461262191850831,0.002023274624660042
hoptimus,breakhis,2,1e-06,0.6844262295081968,0.0,0.3284469549816461,0.6765585389748686,0.06796652077817257,0.011801916287229063
hoptimus,breakhis,2,1e-05,0.875,0.6838975491653569,0.16955998598081587,0.7068560552061566,0.0226304325438773,0.014427720248036643
hoptimus,breakhis,2,0.0001,0.950136612021858,0.8857018185551663,0.10467805924499686,0.8465654739396506,0.005305754626676838,0.004024355887018243
hoptimus,breakhis,2,0.001,0.9651639344262295,0.9203318864518112,0.043380504594554094,0.9217834298316756,0.0032416027096597217,0.002615760926829454
hoptimus,breakhis,2,0.01,0.9644808743169399,0.9186291108716844,0.015506860121845042,0.9512490296294233,0.0033543250427906296,0.0027037887915242467
hoptimus,breakhis,2,0.1,0.9658469945355191,0.9216683360299972,0.014225006885094087,0.9688703426316033,0.0037660423025578055,0.0031644115769044238
hoptimus,breakhis,2,1.0,0.9631147540983607,0.9154018029123969,0.017985154274051656,0.978403573737551,0.003988007504151489,0.0032866307123129257
hoptimus,breakhis,3,1e-06,0.5480446927374302,0.0,0.27106530897951864,0.7151263072462343,0.16234575611305185,0.039857460416306986
hoptimus,breakhis,3,1e-05,0.6363128491620111,0.21031017260424367,0.1500451052119402,0.7050381660607811,0.14832790488751305,0.07219391682671103
hoptimus,breakhis,3,0.0001,0.8067039106145252,0.5984928734332639,0.03775843504174561,0.7853751973534294,0.08195104886100124,0.0618798313956227
hoptimus,breakhis,3,0.001,0.8446927374301676,0.6824997798770629,0.04337376239780767,0.8666915479455544,0.061979111056302265,0.04919769396516508
hoptimus,breakhis,3,0.01,0.8592178770949721,0.7131384716744273,0.06830671415550207,0.9196836921594067,0.047070066688866034,0.03662011737472238
hoptimus,breakhis,3,0.1,0.8592178770949721,0.7131384716744273,0.08959701485953736,0.9475708180307689,0.04273906133548277,0.03228911202133911
hoptimus,breakhis,3,1.0,0.8608938547486034,0.7166464714790124,0.10162938580676922,0.9625232405553723,0.042205841668788185,0.03200902759174033
hoptimus,breakhis,4,1e-06,0.6260121457489879,0.0,0.13375189328784512,0.7010463278887643,0.15843049854076482,0.07756304806342036
hoptimus,breakhis,4,1e-05,0.667004048582996,0.16352308885952382,0.12053206850261408,0.7163970887951849,0.1426370251982103,0.0796662328294844
hoptimus,breakhis,4,0.0001,0.770748987854251,0.4701327852704956,0.03876915031766404,0.801285103899895,0.09274596292518147,0.06413422856757288
hoptimus,breakhis,4,0.001,0.7945344129554656,0.5351121691049071,0.06435139371286275,0.8588858066683284,0.06979151776271866,0.04701605486955625
hoptimus,breakhis,4,0.01,0.8061740890688259,0.5678089607879866,0.09425645577746225,0.897651265165803,0.06631703884661264,0.0461367887533948
hoptimus,breakhis,4,0.1,0.8031376518218624,0.5622831813657267,0.12555553092071434,0.9286931827425766,0.06847201037995551,0.047631049278973644
hoptimus,breakhis,4,1.0,0.8046558704453441,0.5662738845172715,0.14452609958096094,0.949181970026305,0.07007014096448988,0.049560967649865686
hoptimus,pcam,0,1e-06,0.722048066875653,0.4171194625524637,0.2006116561552557,0.5652251891630276,0.09892337784977721,0.05604359908094187
hoptimus,pcam,0,1e-05,0.932601880877743,0.8637033585900127,0.21571597383747207,0.7168859070402709,0.01477277735126011,0.012431102269169821
hoptimus,pcam,0,0.0001,0.95141065830721,0.9019548226118281,0.07859076861317336,0.8728198896940366,0.009511549093735468,0.008298798372605777
hoptimus,pcam,0,0.001,0.9540229885057471,0.9072478325227321,0.01952869855044465,0.9376711464747634,0.009239150478960576,0.00815361778354651
hoptimus,pcam,0,0.01,0.9540229885057471,0.9072623360606094,0.012103333097380181,0.9616815993646829,0.010681150297280086,0.009595617601866021
hoptimus,pcam,0,0.1,0.9440961337513062,0.8872306145440889,0.03191210506564504,0.9751292626273748,0.013581566022499034,0.011974382431137097
hoptimus,pcam,0,1.0,0.9336468129571578,0.8662358973681691,0.049372863259063926,0.9830196762162217,0.015612568274416715,0.013343493032424356
hoptimus,pcam,1,1e-06,0.7851288056206089,0.5388660345933604,0.21754816302719582,0.567580642593413,0.08142814800917714,0.05642260571390498
hoptimus,pcam,1,1e-05,0.9350117096018735,0.8664978536904131,0.21064389114005913,0.7243678184618143,0.02015344827577774,0.017975395320244218
hoptimus,pcam,1,0.0001,0.9473067915690867,0.8920316066725198,0.07065141047967548,0.8766553810894112,0.013854517269657536,0.012425759910090315
hoptimus,pcam,1,0.001,0.9514051522248244,0.9005636624310152,0.01298515478089507,0.9412337509234463,0.012596052843126376,0.011381495913500598
hoptimus,pcam,1,0.01,0.9531615925058547,0.9042296246143322,0.020442471604061513,0.9641781980881853,0.012242891304290038,0.01111472568057714
hoptimus,pcam,1,0.1,0.9490632318501171,0.8957402501178742,0.03298611971256151,0.9772214072476461,0.013872786843885305,0.012537996331666247
hoptimus,pcam,1,1.0,0.9449648711943794,0.8873684461599116,0.04423499077162499,0.9861112736778579,0.014446634783717252,0.012887521288029287
hoptimus,pcam,2,1e-06,0.6505813953488372,0.23875646569499598,0.15483868100526083,0.5744152612748937,0.15175438332936397,0.08191192383055812
hoptimus,pcam,2,1e-05,0.8767441860465116,0.7453062136790345,0.1626680917641932,0.7140760942823186,0.05857825394046957,0.05061356609468479
hoptimus,pcam,2,0.0001,0.9133720930232558,0.8223258754755909,0.04884984483104504,0.8645222481922109,0.033392302682258505,0.02950162786060533
hoptimus,pcam,2,0.001,0.9261627906976744,0.8489283066470439,0.018190799274320504,0.9305534776190643,0.021907607418765004,0.01909049570478677
hoptimus,pcam,2,0.01,0.936046511627907,0.8692618963382275,0.02701520880093722,0.9564402453438838,0.018058278140218074,0.015949620994422233
hoptimus,pcam,2,0.1,0.9302325581395349,0.8574459620739955,0.0436582307409222,0.9735316310212058,0.019934375745481594,0.017421690757340604
hoptimus,pcam,2,1.0,0.9244186046511628,0.8454913320360871,0.06347689408952845,0.9842821798736036,0.02253340041417387,0.01958035014017713
hoptimus,pcam,3,1e-06,0.7996545768566494,0.5568949011202318,0.2325361928128803,0.567118384043769,0.06312951414334278,0.04150954416231843
hoptimus,pcam,3,1e-05,0.9113413932066782,0.8139703407393395,0.19341056275518922,0.721682763347486,0.014464645508219251,0.010387367894684404
hoptimus,pcam,3,0.0001,0.9395509499136442,0.87396316851142,0.07295889785944508,0.8665920520541992,0.008794289408173067,0.0069118795013859416
hoptimus,pcam,3,0.001,0.9504893494530801,0.897042687633709,0.023413901031291207,0.9283687718809044,0.006803683692000447,0.005543038729984054
hoptimus,pcam,3,0.01,0.9527921704087507,0.9020305916242395,0.01396285733684849,0.955424905425148,0.008062340875739168,0.006916504680347359
hoptimus,pcam,3,0.1,0.9407023603914796,0.8770655868709447,0.02958177936874122,0.97002416489603,0.01197149858754369,0.010160508979570756
hoptimus,pcam,3,1.0,0.9332181922855498,0.8617457640376506,0.050596418145960886,0.9804196375425103,0.014667255234473868,0.012366764777644715
hoptimus,pcam,4,1e-06,0.6573005519317612,0.2881938144006442,0.1692015665837559,0.5691396174609978,0.13399086701085333,0.06701791200258997
hoptimus,pcam,4,1e-05,0.9252383341695936,0.8493002611999567,0.2126799421065288,0.7125583920630647,0.026024762264261744,0.02313898552225994
hoptimus,pcam,4,0.0001,0.9498243853487205,0.8990919797110578,0.07955906687842755,0.8706919106065342,0.01381433985034782,0.012521359631111789
hoptimus,pcam,4,0.001,0.9603612644254892,0.9203437653200147,0.022746793704191193,0.9376144707212981,0.009448376435148195,0.00864222795047747
hoptimus,pcam,4,0.01,0.958354239839438,0.9163105382476104,0.012728314877121403,0.9599221600647043,0.008496927795420845,0.007607001602248267
hoptimus,pcam,4,0.1,0.943803311590567,0.8870523276583557,0.030777624233849964,0.9728954980938255,0.011116804510709493,0.009493235469184267
hoptimus,pcam,4,1.0,0.9382839939789263,0.8759529131246847,0.04722864337327183,0.9829547388454031,0.01354385025183284,0.011583503392210485
hoptimus,sicap,0,1e-06,0.5216741405082213,0.4671615033107641,0.14363311943547788,0.44961500626566475,0.32504052223325147,0.18605522248758002
hoptimus,sicap,0,1e-05,0.6920777279521674,0.6588205312742206,0.11689009827047983,0.5768026894956364,0.1506873226461092,0.09741241059603857
hoptimus,sicap,0,0.0001,0.8026905829596412,0.7897818614049963,0.0725537687040387,0.7301368142556025,0.06658542197574596,0.04564698366144046
hoptimus,sicap,0,0.001,0.8226208271051321,0.8349483593814706,0.016593233621478628,0.8110117962959055,0.055510024021213814,0.03871153357891872
hoptimus,sicap,0,0.01,0.8061783756851021,0.825540524295974,0.05502048782201588,0.861198863507118,0.06508134833343586,0.044902780134129294
hoptimus,sicap,0,0.1,0.7887394120577977,0.8116342834114054,0.12269239286275235,0.9099009733868514,0.07827729376320014,0.054147161203225755
hoptimus,sicap,0,1.0,0.7797708021923269,0.7961020598811899,0.1641557652176735,0.9439265674100003,0.08746376392950095,0.06115178883416626
hoptimus,sicap,1,1e-06,0.6406174626145683,0.6732294770626043,0.19224845700871493,0.4571510016399813,0.1961748806494544,0.12198723026657043
hoptimus,sicap,1,1e-05,0.7496382054992764,0.7754245514024389,0.1466414696711261,0.6040072807445842,0.10942941854575246,0.07502642879974487
hoptimus,sicap,1,0.0001,0.8417752050168837,0.8833378743138594,0.11514851240576421,0.7266266926111196,0.05383864816860882,0.04056497536535049
hoptimus,sicap,1,0.001,0.844187168355041,0.8983064729725835,0.047497073853060595,0.797688549850083,0.05281407903952031,0.03995297770054335
hoptimus,sicap,1,0.01,0.8297153883260975,0.8804853131431399,0.03010637818743104,0.8533340734339049,0.06639288028592505,0.05095228506661296
hoptimus,sicap,1,0.1,0.8070429329474192,0.8549058095543889,0.10092484808916648,0.9079541322293377,0.0805557345078574,0.06056471723273049
hoptimus,sicap,1,1.0,0.7945007235890015,0.848862942688812,0.148751305612435,0.9431220783077744,0.09317690959618602,0.07039612117339308
hoptimus,sicap,2,1e-06,0.4155223880597015,0.24221731981092387,0.06470899603615773,0.43102361376698595,0.44989974380266584,0.230167286408442
hoptimus,sicap,2,1e-05,0.662089552238806,0.46545369006814497,0.09716837773498745,0.5659327951466828,0.19103851605441863,0.12604280243708488
hoptimus,sicap,2,0.0001,0.7850746268656716,0.6844163231119671,0.061008837178749366,0.7323135896110539,0.08350127530664198,0.05848137003055215
hoptimus,sicap,2,0.001,0.8250746268656717,0.7715883849425359,0.021061217604938925,0.8291402637352655,0.054642378884964926,0.03831133801895299
hoptimus,sicap,2,0.01,0.8232835820895522,0.7883840219718082,0.06376635336431248,0.8787685094846084,0.061690473052979554,0.04501256763110025
hoptimus,sicap,2,0.1,0.7916417910447762,0.7735555033843848,0.12976042430378987,0.9196965273638305,0.07734149698488371,0.05388525999068765
hoptimus,sicap,2,1.0,0.7826865671641791,0.7507994255244866,0.16755139415133904,0.9502379613155182,0.08502637194415114,0.059424263955026146
hoptimus,sicap,3,1e-06,0.5518905872888173,0.49703597914053343,0.14667260308860197,0.4467453318655487,0.2899653873221327,0.16981264550598268
hoptimus,sicap,3,1e-05,0.6902654867256637,0.6558359752467708,0.10185012053283751,0.5890478863359946,0.15293728299966353,0.09900739904090343
hoptimus,sicap,3,0.0001,0.8222043443282381,0.8428894560999398,0.08583814493063549,0.7363661993976025,0.059302340980233986,0.042430850629363366
hoptimus,sicap,3,0.001,0.8531777956556718,0.8921018881701507,0.025537219553997015,0.831920584487006,0.04332575886527712,0.031947842541151975
hoptimus,sicap,3,0.01,0.8499597747385358,0.8930588012615932,0.04273137244748682,0.8872449831563516,0.04340822102614345,0.03151260014794158
hoptimus,sicap,3,0.1,0.8399034593724859,0.8795677618975245,0.0902763121896237,0.9295976886646342,0.05057443764972633,0.03698225022096064
hoptimus,sicap,3,1.0,0.832260659694288,0.8623655471382519,0.1248500224133525,0.9559743886978492,0.057854116890898616,0.04289208686972426
hoptimus,sicap,4,1e-06,0.4112337011033099,0.2309639019042138,0.059221242673826634,0.4473370546333048,0.4905405713845148,0.26704631948196433
hoptimus,sicap,4,1e-05,0.5852557673019058,0.4071115886322024,0.03680923597400307,0.5703635255623228,0.24670474720538946,0.14538175232740153
hoptimus,sicap,4,0.0001,0.7342026078234705,0.6455889500146447,0.050265835226994765,0.7052885986306455,0.1153789304117785,0.07636166979318773
hoptimus,sicap,4,0.001,0.7542627883650953,0.715464741644176,0.04404459127376806,0.7927970050535248,0.104421483602334,0.07133566719403175
hoptimus,sicap,4,0.01,0.7352056168505516,0.708409219964562,0.11783492425047869,0.8510792329354281,0.11572232908107309,0.07701453506147565
hoptimus,sicap,4,0.1,0.720160481444333,0.6763314796603541,0.1891275877009223,0.9019435696945537,0.13702732101448437,0.09353279377640089
hoptimus,sicap,4,1.0,0.7136409227683049,0.6674675294055405,0.22999812774190162,0.9425249354662016,0.15153034466484852,0.10586433448893692
hoptimus,panda,0,1e-06,0.26673228346456695,0.3079178646991808,0.06389629316011113,0.20283599030445576,0.6425204012884288,0.2616698524896864
hoptimus,panda,0,1e-05,0.3291338582677165,0.45422065445375237,0.04661992758320988,0.28272790809546466,0.5614456825857447,0.25627693066328044
hoptimus,panda,0,0.0001,0.36141732283464567,0.4932200666223676,0.015981522021229686,0.37530562702773207,0.51608846699432,0.24526529453862322
hoptimus,panda,0,0.001,0.3641732283464567,0.4881496076095302,0.09849973868237609,0.46267296702883287,0.5082873109206334,0.24025867456443994
hoptimus,panda,0,0.01,0.35236220472440943,0.4592516265019383,0.20030184139307525,0.5522146557792759,0.5374830340071031,0.2573289829416713
hoptimus,panda,0,0.1,0.3375984251968504,0.4356287670834006,0.29445305101354974,0.6320514762104001,0.5683368807096181,0.2724676331964775
hoptimus,panda,0,1.0,0.3332677165354331,0.4213835122501155,0.33577805752195317,0.6690457740573863,0.5796119712529129,0.27901169228666384
hoptimus,panda,1,1e-06,0.25820363772735794,0.29187820329853476,0.05715330474894298,0.20105033297841496,0.6185408494113862,0.22628440848693143
hoptimus,panda,1,1e-05,0.32252015750984436,0.4079355449717976,0.04268548600241771,0.2798346715074267,0.5493087670741634,0.23672588420388618
hoptimus,panda,1,0.0001,0.3410838177386087,0.43324303634330297,0.03978236932176108,0.3707280382499219,0.5233957543806012,0.23129677702261292
hoptimus,panda,1,0.001,0.33020813800862553,0.4329206052168202,0.1302945504148907,0.4600633076945821,0.536267651321721,0.23229421761398006
hoptimus,panda,1,0.01,0.32327020438777426,0.41933853684217703,0.22879897168333407,0.5520691760711083,0.5600367406190581,0.2483018018517349
hoptimus,panda,1,0.1,0.3093943371460716,0.3949342625076957,0.32410736064715756,0.6335016977932291,0.5883106145760216,0.26060266500802864
hoptimus,panda,1,1.0,0.30714419651228203,0.3882389755939605,0.36367630846484744,0.6708205049771295,0.5998258456924084,0.2694697560672716
hoptimus,panda,2,1e-06,0.2895543929280173,0.25819761436230393,0.08714143681275259,0.20241295611526475,0.6046431373343659,0.25301067612252537
hoptimus,panda,2,1e-05,0.3606350351795057,0.4052351942128517,0.07475753313324322,0.28587750204626244,0.5064244244324482,0.23480943161397622
hoptimus,panda,2,0.0001,0.3835468158037164,0.4519860094989506,0.01107404396686167,0.381341260403134,0.4749321589608247,0.22597382958683718
hoptimus,panda,2,0.001,0.3777737687173011,0.461977387488654,0.09513076552441564,0.47178780139817417,0.4831644223941064,0.2286296315282937
hoptimus,panda,2,0.01,0.366408082265921,0.45166919959205154,0.1968562792948931,0.563264361560814,0.5136055358032814,0.24783296688123813
hoptimus,panda,2,0.1,0.35107342594263036,0.4361197749418969,0.293484321238379,0.6444430423343964,0.5416967743658215,0.2602012509534357
hoptimus,panda,2,1.0,0.3442179325275122,0.427244517335557,0.3394814772626402,0.6836994097901524,0.5524206964091395,0.2636811248645482
hoptimus,panda,3,1e-06,0.3035585909417685,0.2746370265127005,0.10235960792884294,0.2011989830129256,0.5613716553643943,0.2267643438420499
hoptimus,panda,3,1e-05,0.37365204888569375,0.42143197281972644,0.09176440226832082,0.28245557450160896,0.4839951064971433,0.22542526139143199
hoptimus,panda,3,0.0001,0.38946800862688713,0.4555195748693972,0.017065634398619196,0.37663318146793967,0.46619669479046866,0.22286787608852668
hoptimus,panda,3,0.001,0.38964773544212794,0.4642295482279216,0.07511781053279623,0.4645455636750159,0.4796652227487885,0.23650585636464586
hoptimus,panda,3,0.01,0.37526959022286127,0.443405230536861,0.180311697845218,0.5555812880680793,0.5102007035306422,0.2532198642643606
hoptimus,panda,3,0.1,0.35837526959022287,0.4131479293234872,0.2801014198256737,0.6384766894158965,0.5350320898958631,0.2611053072731703
hoptimus,panda,3,1.0,0.3515456506110712,0.40138033358604874,0.3241361911283982,0.6749631307678142,0.5459783346758809,0.26497706295652085
hoptimus,panda,4,1e-06,0.27855787476280836,0.26197917388594105,0.07528068434433685,0.20327719041847148,0.5946304642124343,0.22915291924185582
hoptimus,panda,4,1e-05,0.3301707779886148,0.3940450087596127,0.04937028072796846,0.2859638085885282,0.529234017528266,0.22521843154904142
hoptimus,panda,4,0.0001,0.36242884250474383,0.43994820678728697,0.025946210548244683,0.38005897572915337,0.5013471461700286,0.23155436675166075
hoptimus,panda,4,0.001,0.36318785578747625,0.4605093311168369,0.10679989093057775,0.4699050105419613,0.5008794502214666,0.23185629173755806
hoptimus,panda,4,0.01,0.350853889943074,0.46473899918940165,0.21083712747895278,0.5616910174220269,0.5173922630737054,0.2356638171212535
hoptimus,panda,4,0.1,0.34781783681214423,0.4376930714947802,0.29182532500039643,0.6396431618125407,0.5363847610905291,0.25146293538378794
hoptimus,panda,4,1.0,0.3428842504743833,0.42633138304722984,0.33249513060468433,0.6748342464215219,0.5421366556814078,0.25196896136918034
midnight,breakhis,0,1e-06,0.5899705014749262,0.0,0.15949483077782733,0.6910502373168346,0.20546821302183554,0.10663504512274664
midnight,breakhis,0,1e-05,0.7215339233038348,0.3876135728665142,0.06736324584921169,0.7148552734860888,0.12387990869353814,0.0808229800293761
midnight,breakhis,0,0.0001,0.8353982300884956,0.6560828475951871,0.017654118236052084,0.8227663781139312,0.05128119200598932,0.03687453041825368
midnight,breakhis,0,0.001,0.8713864306784661,0.732522114284887,0.027531486731288662,0.8926080738877636,0.03122498064060215,0.02253702120828939
midnight,breakhis,0,0.01,0.871976401179941,0.7323901647574111,0.05535193770732287,0.9273283388872637,0.02946686376319939,0.020860099733655227
midnight,breakhis,0,0.1,0.8731563421828908,0.7343850787715789,0.07686908556006104,0.9495058739950141,0.031003467608501586,0.02255789714998435
midnight,breakhis,0,1.0,0.8684365781710914,0.7236416411073783,0.09764803983711598,0.9634058678996837,0.032317847420473264,0.023217913980520175
midnight,breakhis,1,1e-06,0.7167070217917676,0.004062629533530537,0.2792862865446686,0.6724799339643307,0.055940435933824646,0.011259779161987053
midnight,breakhis,1,1e-05,0.9200968523002422,0.7927368949313381,0.1518174954678296,0.7720931881530508,0.00886204023574623,0.0055489550989234575
midnight,breakhis,1,0.0001,0.966908797417272,0.9187193891673854,0.07362552561079382,0.893283271806478,0.0019922527792288077,0.0014252473432324264
midnight,breakhis,1,0.001,0.9854721549636803,0.9644679108686578,0.03579677356974241,0.9496753813939379,0.0006329331887052999,0.0005210281250589578
midnight,breakhis,1,0.01,0.9830508474576272,0.9587917700739464,0.012067899063500582,0.9722712105024227,0.0008038136631586451,0.0006525203257586167
midnight,breakhis,1,0.1,0.9830508474576272,0.9588614849961975,0.008007772818960795,0.9822298287695217,0.001236511236306413,0.0010852178989063845
midnight,breakhis,1,1.0,0.9806295399515739,0.9530242903723176,0.01024160692911354,0.9880478395409451,0.0015303954985520462,0.0013337500704470153
midnight,breakhis,2,1e-06,0.6844262295081968,0.0,0.24643750246427587,0.6777415948446748,0.08539614632934993,0.02923154183840642
midnight,breakhis,2,1e-05,0.8633879781420765,0.6629089301503095,0.10828295121064141,0.7551050269314351,0.0366320879488197,0.026797447386878927
midnight,breakhis,2,0.0001,0.921448087431694,0.8167665765518682,0.06018217328841538,0.865888361078337,0.01492504131811822,0.011728904878509033
midnight,breakhis,2,0.001,0.9521857923497268,0.890335670441996,0.024118373701918903,0.9293454966107743,0.0063195374638182296,0.005141444798566147
midnight,breakhis,2,0.01,0.9583333333333334,0.9048203711519524,0.009546501536720424,0.9605486676870667,0.004471171751033484,0.003576575127282693
midnight,breakhis,2,0.1,0.9583333333333334,0.9049298023735612,0.017538774946926516,0.9758721082802599,0.004233399175344128,0.0033388025515933366
midnight,breakhis,2,1.0,0.9590163934426229,0.9066493228250058,0.025574313057181847,0.9841726772868991,0.004264526207962103,0.003398990218596854
midnight,breakhis,3,1e-06,0.5480446927374302,0.0,0.2769989199382155,0.7044758615769533,0.19712286702008866,0.07463457132334379
midnight,breakhis,3,1e-05,0.6340782122905028,0.22444187200264598,0.16633422267808298,0.7140278929984936,0.14094957133774247,0.06380082984696735
midnight,breakhis,3,0.0001,0.7910614525139665,0.5722961688991224,0.026429712390689305,0.8021990232441354,0.07244297349356729,0.04885476184918347
midnight,breakhis,3,0.001,0.8463687150837989,0.6877422416078943,0.030304656285871947,0.874108094963951,0.04542824266841135,0.03292850747889606
midnight,breakhis,3,0.01,0.8698324022346369,0.7348539271269474,0.05795649947012893,0.9187489385524962,0.039458949941575665,0.030557239979622966
midnight,breakhis,3,0.1,0.870391061452514,0.7358474723971804,0.07953707836677502,0.9467557748804015,0.04046272503970492,0.03163889939875633
midnight,breakhis,3,1.0,0.8687150837988827,0.732285258601048,0.09449339913371714,0.9622373143277931,0.041810998649966256,0.032752443400732925
midnight,breakhis,4,1e-06,0.6260121457489879,0.0,0.2168983428563379,0.685744204924026,0.13345754683797476,0.05259009636063029
midnight,breakhis,4,1e-05,0.791497975708502,0.5156626477352907,0.07661366705943773,0.7148843086490643,0.08904306469270568,0.06556264665383732
midnight,breakhis,4,0.0001,0.8299595141700404,0.6183490626232294,0.027396925712748342,0.8134951126445968,0.060368200201731295,0.0449711869685931
midnight,breakhis,4,0.001,0.8441295546558705,0.6523427994319656,0.03116773172578312,0.8748330118461519,0.046918433952438054,0.03404571322731513
midnight,breakhis,4,0.01,0.8532388663967612,0.6724740826770887,0.06466496440601724,0.9149463999760443,0.04346420367729818,0.0320883788231508
midnight,breakhis,4,0.1,0.8532388663967612,0.6722875250342273,0.09378497443995953,0.9426836147385266,0.04349737235359362,0.032121547499446235
midnight,breakhis,4,1.0,0.8507085020242915,0.6667322240415664,0.10937083074554206,0.9592583686575884,0.04364595699565511,0.0318641276047243
midnight,pcam,0,1e-06,0.9017763845350052,0.8005060641206748,0.2911774158732703,0.610598968661735,0.029529652489844762,0.02451387090623156
midnight,pcam,0,1e-05,0.9305120167189133,0.8600694150512147,0.14566996178052743,0.7848420549383859,0.016229927955118083,0.013739539502259103
midnight,pcam,0,0.0001,0.9461859979101358,0.8916327048892866,0.059193739571660325,0.8895544866208308,0.010934356396311054,0.009445631478186516
midnight,pcam,0,0.001,0.9566353187042842,0.9126612634544273,0.022805229070954863,0.9377136513998301,0.008348027856981697,0.007382560029198768
midnight,pcam,0,0.01,0.9592476489028213,0.9179034056789912,0.009067120775593115,0.9617482145238582,0.008754833874236615,0.00790229728952075
midnight,pcam,0,0.1,0.9519331243469175,0.9031378649492499,0.02431385754905285,0.9759065115410768,0.010887942140945895,0.009701208218812174
midnight,pcam,0,1.0,0.9482758620689655,0.8957760609350816,0.038677254212123056,0.9853502382125559,0.011971055676233206,0.010596173493738441
midnight,pcam,1,1e-06,0.8957845433255269,0.7848455468667068,0.2786594194276757,0.6171251238978512,0.028689502053730144,0.023029434005995993
midnight,pcam,1,1e-05,0.914519906323185,0.8257939130422634,0.12444819909133752,0.7920379451796159,0.017279464739667377,0.013492233669579367
midnight,pcam,1,0.0001,0.9355971896955504,0.868276218907705,0.045518477184686025,0.8900787125108643,0.014401664901466537,0.012262942088351674
midnight,pcam,1,0.001,0.9355971896955504,0.8679592436260185,0.009714910535751058,0.9347338016075749,0.014449604423619063,0.0123108816105042
midnight,pcam,1,0.01,0.9326697892271663,0.8616869655351127,0.02481041564919531,0.9562968459305736,0.01659725359210602,0.014258211643817588
midnight,pcam,1,0.1,0.9139344262295082,0.8226117772734851,0.05440952089931366,0.9683439471288219,0.021270682491845598,0.017430776426430823
midnight,pcam,1,1.0,0.905152224824356,0.8043630429587354,0.07587236561476433,0.9792369558813342,0.02427063835061505,0.019595464072831782
midnight,pcam,2,1e-06,0.8063953488372093,0.5933904292415861,0.18557305533437854,0.6208222935028307,0.07743782890040736,0.05729798764047431
midnight,pcam,2,1e-05,0.8767441860465116,0.7458061925582226,0.09538648687851731,0.7854493776414884,0.043582852881260827,0.03561816503547605
midnight,pcam,2,0.0001,0.916860465116279,0.8295221407738458,0.028524074940962527,0.8883363901753167,0.029287572047366116,0.02570734623323127
midnight,pcam,2,0.001,0.9226744186046512,0.8416368530066568,0.014905388031095115,0.9356479496316222,0.023820389309750056,0.02072810955693027
midnight,pcam,2,0.01,0.9267441860465117,0.8500265733646308,0.0369780785524129,0.959179683915472,0.02260118093369118,0.01982865182962402
midnight,pcam,2,0.1,0.9244186046511628,0.8452655122016033,0.05171360797367202,0.9755475256291948,0.024078288065281006,0.021125237791284265
midnight,pcam,2,1.0,0.9244186046511628,0.8452655122016033,0.06220977013803812,0.9847633704829553,0.025635087983534113,0.022682037709537372
midnight,pcam,3,1e-06,0.8779504893494531,0.7409308490430642,0.25761304882700853,0.6203374405224445,0.03603526189208879,0.028229119404353457
midnight,pcam,3,1e-05,0.9061600460564191,0.8043428234986805,0.11161193476699187,0.7945481112894273,0.020055754564432846,0.015481204389662669
midnight,pcam,3,0.0001,0.9303396660909614,0.8550530438398734,0.03706852456977261,0.8949438196777079,0.011919206313461146,0.009414490514908428
midnight,pcam,3,0.001,0.9395509499136442,0.8745259076465,0.02085650884101245,0.9368132454829431,0.0070477319055681515,0.005165321998781026
midnight,pcam,3,0.01,0.945308002302821,0.8866598394012887,0.01563893487836163,0.9576560945190481,0.006287019134949418,0.004747634775870783
midnight,pcam,3,0.1,0.9441565918249856,0.8844610148756726,0.029692042073524404,0.9734467755970708,0.00790150411668278,0.006296326399980018
midnight,pcam,3,1.0,0.9418537708693149,0.8797451738563292,0.04073383611977466,0.9820362263846527,0.009228410281031803,0.007487431656458794
midnight,pcam,4,1e-06,0.8665328650275966,0.7295655811296115,0.2576519076610634,0.6088809573665331,0.055766142862015144,0.046400905281272206
midnight,pcam,4,1e-05,0.9172102358253889,0.8335102803965437,0.138102736429544,0.7791074993958449,0.02640718625496469,0.02286065089168053
midnight,pcam,4,0.0001,0.9352734570998494,0.8698219968455138,0.0519133645950725,0.8878573026231118,0.014511522149352241,0.01235380617727114
midnight,pcam,4,0.001,0.9543401906673357,0.908215944027632,0.01941631553668023,0.9372565430371883,0.009497148080873376,0.008427048062515248
midnight,pcam,4,0.01,0.9598595082789764,0.9193148441659127,0.016979170588844565,0.9620432563002704,0.008666646770789365,0.00783994742758345
midnight,pcam,4,0.1,0.9493226292022078,0.8980881110306116,0.028905814604497898,0.9767135044483424,0.010358548488504076,0.009039480371445247
midnight,pcam,4,1.0,0.9468138484696438,0.8930484369715906,0.041512174722850737,0.9845307711433212,0.012094988458510567,0.01064150006312362
midnight,sicap,0,1e-06,0.5695067264573991,0.6406961183506634,0.1605515832057475,0.563960453599181,0.1917849175096282,0.08180798556186503
midnight,sicap,0,1e-05,0.7080219232685601,0.76742528473427,0.07175029449471677,0.6785284294007271,0.11260769621465881,0.06502286005191617
midnight,sicap,0,0.0001,0.8176382660687593,0.8569825128988419,0.04033955585811116,0.7831547559416113,0.053710205516426156,0.035922459558075624
midnight,sicap,0,0.001,0.8440458395615347,0.8799406196691921,0.008789400590846787,0.8478365172799567,0.042527858367248726,0.02964153615447558
midnight,sicap,0,0.01,0.8460388639760837,0.8848132493308487,0.052223891158490784,0.8923248211199869,0.04510262796149309,0.03255236522576385
midnight,sicap,0,0.1,0.8425510712506228,0.8829901284220428,0.09050379553706614,0.9309209420311536,0.050712178634620464,0.03757072405534117
midnight,sicap,0,1.0,0.8340807174887892,0.8742023437292826,0.12062784891981679,0.9547085664086061,0.0545057570770389,0.039868322665427766
midnight,sicap,1,1e-06,0.6878919440424506,0.8080394368626632,0.1304492278443538,0.577106971083446,0.12363775437891011,0.06881098356456353
midnight,sicap,1,1e-05,0.8007718282682104,0.886499251631091,0.09149515348014421,0.7099505632782949,0.06283694504517784,0.041475597976106233
midnight,sicap,1,0.0001,0.8813314037626628,0.936837417174108,0.06835316198235145,0.8135969506387498,0.029815549392269762,0.02244948996272924
midnight,sicap,1,0.001,0.8842257597684515,0.939297309645774,0.020397318021049417,0.8695470593460377,0.029180981650656593,0.022176492312482237
midnight,sicap,1,0.01,0.874095513748191,0.9246620311251741,0.03221608401898075,0.9054344286901889,0.03962934982648208,0.031317710954122904
midnight,sicap,1,0.1,0.8692715870718765,0.9197141756480838,0.07199693639627891,0.9345749472154871,0.05132366326726887,0.04234839077536833
midnight,sicap,1,1.0,0.8572117703810902,0.9127040615982918,0.09777749137541125,0.9543880570516486,0.05753552742598416,0.046783724960418396
midnight,sicap,2,1e-06,0.5946268656716418,0.4548736995131807,0.09332929159747522,0.5253740327560459,0.2604701467679788,0.16407568076515966
midnight,sicap,2,1e-05,0.7450746268656716,0.669729049469703,0.09126959707564837,0.6538050297900234,0.14274765466826453,0.10699997967729585
midnight,sicap,2,0.0001,0.8232835820895522,0.7915151826600964,0.05127455025927993,0.7724897702035494,0.05917481055938987,0.04249690513751057
midnight,sicap,2,0.001,0.8585074626865672,0.8453086651066313,0.024164943726553194,0.841771334516094,0.038944198095656246,0.028383251090880718
midnight,sicap,2,0.01,0.8519402985074627,0.8413762731619449,0.034854499254476465,0.8847246932953083,0.041721505735491354,0.03013153079824898
midnight,sicap,2,0.1,0.8328358208955224,0.8240586900440308,0.09332210816041266,0.922127223266637,0.05236734045987557,0.037494559843844144
midnight,sicap,2,1.0,0.8197014925373134,0.8143711078277037,0.13019803023034812,0.9474174121100726,0.05955044931353493,0.04216711707941742
midnight,sicap,3,1e-06,0.6516492357200322,0.7371759631242863,0.12420345216765463,0.5531180466853488,0.1749938528237843,0.10564106973523538
midnight,sicap,3,1e-05,0.7662912308930008,0.8394082566174272,0.07583397454016405,0.6904572563528368,0.09254487692006066,0.06277045985021512
midnight,sicap,3,0.0001,0.8592115848753017,0.9117142189095016,0.05672895511356642,0.8034698553138213,0.036215743128391556,0.02577584360158308
midnight,sicap,3,0.001,0.8720836685438456,0.9248617247679853,0.01671224110346247,0.8727223051629794,0.031081822129287628,0.022501779836086467
midnight,sicap,3,0.01,0.8543845534995977,0.9075514970599111,0.06251224001712541,0.914955426362713,0.03713919249266216,0.025952283648164536
midnight,sicap,3,0.1,0.8390989541432019,0.8934556764805648,0.10855247073660046,0.9476514248798026,0.04499234391762463,0.031259248607161894
midnight,sicap,3,1.0,0.831456154465004,0.886115606337213,0.13392299083401643,0.9653791452990204,0.05040358973316057,0.03529329408949909
midnight,sicap,4,1e-06,0.5371113340020061,0.31518507035773935,0.13540266730716272,0.5187546932440799,0.26561260344190485,0.1364493800658806
midnight,sicap,4,1e-05,0.7086258776328987,0.5625949117313247,0.08891537074914413,0.6203102558653035,0.15167551579862193,0.10429863297721163
midnight,sicap,4,0.0001,0.7953861584754263,0.7368308842490411,0.050467259316194044,0.7484463912271757,0.08284588519535954,0.06026654920143582
midnight,sicap,4,0.001,0.804914744232698,0.7648878580038809,0.027506590156311413,0.825120926437363,0.07445753024652449,0.0540050900064141
midnight,sicap,4,0.01,0.7823470411233701,0.7472242723011948,0.09256250892533469,0.8749095500487049,0.08326788356606413,0.05759279865005416
midnight,sicap,4,0.1,0.7607823470411234,0.7260637229777365,0.1580145565924958,0.9187969036336192,0.09595109418031812,0.06467742646801858
midnight,sicap,4,1.0,0.7547642928786359,0.7151764256355501,0.19467223208132134,0.9476816462041879,0.1041867605127352,0.07124233465976981
midnight,panda,0,1e-06,0.2909448818897638,0.3830681239860587,0.06480506518677108,0.2292852309658562,0.6015245643388903,0.2516064562656379
midnight,panda,0,1e-05,0.3374015748031496,0.4329310914051826,0.060433802548144414,0.30916934840429955,0.5222102912595391,0.22612720749118925
midnight,panda,0,0.0001,0.3763779527559055,0.4806633954163919,0.02469541225377282,0.39468023062743474,0.4987586894291994,0.24285729434580472
midnight,panda,0,0.001,0.37893700787401574,0.5071527145622483,0.10773827976292981,0.4866752876369455,0.4976880591976936,0.2442788458591717
midnight,panda,0,0.01,0.37263779527559054,0.48144143174240284,0.21670458206162918,0.5893423773372197,0.5141563593223792,0.25458121323403143
midnight,panda,0,0.1,0.35118110236220473,0.44712844861376955,0.3589706424340229,0.7101517447962277,0.543195629583032,0.2618074778589286
midnight,panda,0,1.0,0.33523622047244095,0.41420266107749426,0.49623725997277557,0.8308797936541129,0.5700471137568627,0.2716042363888832
midnight,panda,1,1e-06,0.2921432589536846,0.3862917687079104,0.06519978296887124,0.22694347598481335,0.6027886073452897,0.25435099884886103
midnight,panda,1,1e-05,0.3324582786424152,0.4354852414921776,0.03110965278796362,0.3066620354143839,0.5453278537902825,0.2438402098133366
midnight,panda,1,0.0001,0.34258391149446843,0.45322015498243107,0.05941399803959176,0.39936359955112277,0.5243336456633636,0.23384505640391007
midnight,panda,1,0.001,0.3540221263828989,0.4904526304605804,0.14070882796348275,0.49412956112664186,0.5153002983428652,0.2368769795173864
midnight,panda,1,0.01,0.34745921620101256,0.4899422253063792,0.24570072488867142,0.5931599410896841,0.5395819372670059,0.25428189303054816
midnight,panda,1,0.1,0.32420776298518655,0.45393879932544556,0.3856018843560379,0.7098096473412245,0.5795612764915878,0.26888382109966524
midnight,panda,1,1.0,0.307519219951247,0.41098447135376104,0.5260745497864747,0.8335937697377215,0.6087019450241054,0.2787883535860332
midnight,panda,2,1e-06,0.31156413494497565,0.38624193438744914,0.08168675035486109,0.2298773845901146,0.5941339391571827,0.268966520561719
midnight,panda,2,1e-05,0.3795778459318059,0.4750645368737586,0.06544486296243926,0.3141329829693666,0.4871439802641041,0.23436124777382367
midnight,panda,2,0.0001,0.39401046364784414,0.504640216952021,0.01503299112971183,0.4059880497679857,0.45674557582494046,0.21767398644819624
midnight,panda,2,0.001,0.39401046364784414,0.50492869981469,0.10169475423635661,0.49534983200787486,0.4609599178713715,0.2218883284946273
midnight,panda,2,0.01,0.38318600036081546,0.48695160144305205,0.21379107658829477,0.5969770769491102,0.47524679116144786,0.22594249235297936
midnight,panda,2,0.1,0.37488724517409344,0.455224408629856,0.3379835056273021,0.7126164848737919,0.49722387604175666,0.23986785437042274
midnight,panda,2,1.0,0.35919177340790187,0.43578765039378,0.473380551804621,0.8325723252125228,0.5235403717659559,0.25045039042816997
midnight,panda,3,1e-06,0.3368080517613228,0.40655983391185324,0.11127407943161031,0.22553397232971248,0.5136597007944647,0.2169368612129861
midnight,panda,3,1e-05,0.397196261682243,0.47680952335450033,0.0901639450643866,0.30801127564540387,0.427927400484394,0.19181064028382278
midnight,panda,3,0.0001,0.4264917325664989,0.522956965285498,0.025883766123000064,0.4023359075746817,0.4161813122113375,0.2060616868421195
midnight,panda,3,0.001,0.41930265995686555,0.5324108421609486,0.07724365064830169,0.49475371257270545,0.4362473867491194,0.21993992492192188
midnight,panda,3,0.01,0.3986340762041697,0.5083925294083942,0.19306099157132958,0.5916950677754992,0.4721664336584655,0.23737477313799316
midnight,panda,3,0.1,0.36322789360172536,0.45506579925570445,0.344973991365623,0.7072992899222388,0.5187953395319707,0.24981592590296675
midnight,panda,3,1.0,0.3421998562185478,0.41888620634422147,0.48822247995183987,0.8304223361703879,0.5550845295527115,0.2641868339265467
midnight,panda,4,1e-06,0.31480075901328275,0.4173276678318929,0.08694825730243226,0.22785250171085047,0.561487091334409,0.24007439940157937
midnight,panda,4,1e-05,0.36793168880455407,0.4792458281951282,0.06039325086829821,0.3095212106291776,0.4820225382002005,0.21777370298682547
midnight,panda,4,0.0001,0.38652751423149906,0.5152436117072339,0.0261576159326578,0.40087092013709374,0.46748066765841245,0.22136457306799479
midnight,panda,4,0.001,0.38444022770398484,0.5131724164304423,0.10882790785636133,0.49326813556034615,0.46765151056281407,0.21954549718429217
midnight,panda,4,0.01,0.3743833017077799,0.4826493846920292,0.21855712844502334,0.592630596969221,0.48028423968922807,0.22243047694433576
midnight,panda,4,0.1,0.36148007590132825,0.4453073505497024,0.3497229002620019,0.7105564201072587,0.5079812579159463,0.23722421662336624
midnight,panda,4,1.0,0.3445920303605313,0.40711814309967587,0.48833535882326035,0.8329273891837916,0.5398539299467027,0.25151009504084176
dinov2_nat,breakhis,0,1e-06,0.5899705014749262,0.0,0.11245772388180908,0.7024282253567353,0.18307728690054983,0.08424411900146093
dinov2_nat,breakhis,0,1e-05,0.6029498525073747,0.03812960862764603,0.16485014630780698,0.6768705969310397,0.17512044105069663,0.082998342733399
dinov2_nat,breakhis,0,0.0001,0.7474926253687315,0.4513608966263074,0.05217869798503342,0.7229493994385022,0.10929213462568095,0.07425369744167859
dinov2_nat,breakhis,0,0.001,0.7882005899705015,0.5517012741598613,0.024824306494798498,0.8054268552174311,0.08704622536006877,0.06277819309940123
dinov2_nat,breakhis,0,0.01,0.8165191740412979,0.6132053666751048,0.05878532122071189,0.8665444054959319,0.07525179942234735,0.057229285327341534
dinov2_nat,breakhis,0,0.1,0.8165191740412979,0.6138966303985585,0.09876943046120512,0.9147565306138117,0.07502131968169531,0.0569988055866895
dinov2_nat,breakhis,0,1.0,0.8100294985250738,0.6012201804698061,0.14386413890778757,0.9533456577472637,0.08186518179062928,0.06249940639540724
dinov2_nat,breakhis,1,1e-06,0.7158999192897498,0.0,0.12927918856805454,0.672740279647662,0.14644648370588786,0.10149621046565116
dinov2_nat,breakhis,1,1e-05,0.7360774818401937,0.1337201967957613,0.11139886986343153,0.667079150454603,0.11148763808488374,0.07300742961488449
dinov2_nat,breakhis,1,0.0001,0.8353510895883777,0.586735294502361,0.08866642305773531,0.7492067639784791,0.05772732796642935,0.043294306951742974
dinov2_nat,breakhis,1,0.001,0.8966908797417272,0.7564611684925322,0.05454230060405897,0.8421485791376683,0.03458317553745739,0.029011219393467683
dinov2_nat,breakhis,1,0.01,0.9176755447941889,0.8084479460650723,0.01904159465502261,0.9005065827504571,0.02294843548289735,0.019429547154520888
dinov2_nat,breakhis,1,0.1,0.9209039548022598,0.8159597913174225,0.02442575694999885,0.937101641752483,0.024831117266380938,0.02158521639496425
dinov2_nat,breakhis,1,1.0,0.910411622276029,0.7930565942341925,0.05480295427461217,0.9623044697946479,0.02838387495150099,0.02420917726908816
dinov2_nat,breakhis,2,1e-06,0.6844262295081968,0.0,0.09295627699376705,0.6797387566045525,0.16906207922361347,0.11289747473266995
dinov2_nat,breakhis,2,1e-05,0.6980874316939891,0.07289732480572164,0.13413726460395478,0.6743154570865821,0.1398315221971801,0.08871611891799579
dinov2_nat,breakhis,2,0.0001,0.8101092896174863,0.5320252780307421,0.08134212920956309,0.7322803927678159,0.07815255786364121,0.058794778589757374
dinov2_nat,breakhis,2,0.001,0.875,0.7151169467519045,0.05695782996025566,0.8180421700397444,0.0490196672081119,0.04081695491227124
dinov2_nat,breakhis,2,0.01,0.9016393442622951,0.7785006430138437,0.02051552428798521,0.8838391238641715,0.0333585714657999,0.028320680538566206
dinov2_nat,breakhis,2,0.1,0.8989071038251366,0.7728633607567866,0.029248957095853075,0.9246875942957307,0.03364072402809835,0.02831485821988986
dinov2_nat,breakhis,2,1.0,0.8831967213114754,0.7380100214745884,0.07310895249719469,0.9550877510311049,0.042816639287142536,0.03567297248467712
dinov2_nat,breakhis,3,1e-06,0.5480446927374302,0.0,0.19349731719052113,0.7186164982499162,0.26534398587287283,0.14285569017612798
dinov2_nat,breakhis,3,1e-05,0.5480446927374302,0.0,0.17439996141293415,0.7044661183007709,0.2568408567131886,0.13435256101644377
dinov2_nat,breakhis,3,0.0001,0.6452513966480447,0.23999486487534616,0.07900804093757116,0.7198103043078359,0.2120269705062463,0.13987379254473364
dinov2_nat,breakhis,3,0.001,0.6994413407821229,0.36736734369436663,0.07557134184056354,0.7750126826226865,0.17708377729379549,0.1264728193781015
dinov2_nat,breakhis,3,0.01,0.7340782122905027,0.44603157471786004,0.10041378293421241,0.8344919952247153,0.1648074040746864,0.12574407104404114
dinov2_nat,breakhis,3,0.1,0.7379888268156425,0.4572734830667464,0.15308660882969566,0.8889444362723141,0.16250587307028275,0.124642160347761
dinov2_nat,breakhis,3,1.0,0.7335195530726257,0.4513104979930932,0.2046208663161107,0.9377560544866407,0.16674209390778746,0.12750568849213711
dinov2_nat,breakhis,4,1e-06,0.6260121457489879,0.0,0.07217811575310419,0.6975108331762784,0.3242073464449483,0.24333989596760386
dinov2_nat,breakhis,4,1e-05,0.6234817813765182,-0.004368232280102413,0.06946993801332244,0.6901520917393341,0.29719910310580533,0.2151407057320802
dinov2_nat,breakhis,4,0.0001,0.6518218623481782,0.15095572190322504,0.09520004987664078,0.7470219122248188,0.2318684134554486,0.16257150233130715
dinov2_nat,breakhis,4,0.001,0.7064777327935222,0.31163968474577486,0.12565665452793623,0.831022318533136,0.17615716146232405,0.12803593037245026
dinov2_nat,breakhis,4,0.01,0.7353238866396761,0.3900529060557485,0.15184087305841604,0.8816791914000669,0.14510472781190414,0.1064327299874762
dinov2_nat,breakhis,4,0.1,0.7413967611336032,0.40856758618427524,0.1759814748531434,0.9153878994444972,0.14508600949181102,0.10825760958879453
dinov2_nat,breakhis,4,1.0,0.7419028340080972,0.4153527341669636,0.20727237879321292,0.9476234768519947,0.15717109585316755,0.12049407809278817
dinov2_nat,pcam,0,1e-06,0.5370950888192267,0.0,0.0901323676690557,0.5628722646388675,0.25680342894446445,0.12762525483223264
dinov2_nat,pcam,0,1e-05,0.7607105538140021,0.5109960237592657,0.14795687419603643,0.6127536796179657,0.13219404183731356,0.10089821695330706
dinov2_nat,pcam,0,0.0001,0.8406478578892372,0.6786048155598938,0.10376862476657073,0.7368792331226665,0.06489492776583164,0.05142285931135306
dinov2_nat,pcam,0,0.001,0.8672936259143156,0.7327015531324363,0.03794143933703177,0.8293521865772837,0.04114487822898317,0.03188710693966225
dinov2_nat,pcam,0,0.01,0.8782654127481714,0.7550496478675969,0.013143878243519418,0.8787581118400518,0.03437602630270644,0.02661414925734952
dinov2_nat,pcam,0,0.1,0.8850574712643678,0.7687344433435634,0.03389469454375994,0.9088858940185278,0.03384981637903296,0.026945170493564964
dinov2_nat,pcam,0,1.0,0.874085684430512,0.7462038472669571,0.062236319071168264,0.9333335482814713,0.04322376476095638,0.034908278775002584
dinov2_nat,pcam,1,1e-06,0.5626463700234192,0.0,0.2149157312881579,0.5561112547696434,0.17720022711082203,0.06329875941596354
dinov2_nat,pcam,1,1e-05,0.8343091334894613,0.6630820875131738,0.22431004127543816,0.6099990922140232,0.0651421361695032,0.05053894453340271
dinov2_nat,pcam,1,0.0001,0.8629976580796253,0.7237663301683229,0.13311400068264348,0.7298836573969818,0.04986541554719718,0.039979900217074406
dinov2_nat,pcam,1,0.001,0.8682669789227166,0.7330085620673461,0.06484597064861741,0.8166726500895216,0.04201193140857488,0.032888303239608285
dinov2_nat,pcam,1,0.01,0.8747072599531616,0.7448856664651877,0.01927452419564419,0.8697843760988622,0.040705360317839515,0.03246951937133252
dinov2_nat,pcam,1,0.1,0.8665105386416861,0.7270544301508468,0.0355209987774615,0.8992991930663292,0.044172385044499045,0.03479835725310246
dinov2_nat,pcam,1,1.0,0.8629976580796253,0.7191977641039764,0.0731861713494624,0.9232584044240935,0.049396069292413206,0.03951055396229043
dinov2_nat,pcam,2,1e-06,0.5511627906976744,0.0,0.10186978680184261,0.5640293338124909,0.2759770395867874,0.15535088065412725
dinov2_nat,pcam,2,1e-05,0.7180232558139535,0.40690161193079055,0.09709253801046606,0.6215040901335527,0.1955437417261118,0.15133263442200348
dinov2_nat,pcam,2,0.0001,0.7709302325581395,0.5220712689851279,0.0710266584706854,0.7373636431106944,0.15396805313521142,0.12539491462733876
dinov2_nat,pcam,2,0.001,0.8034883720930233,0.5922272349785649,0.06268414972563227,0.8218588635339058,0.12519303677894608,0.10442157808686874
dinov2_nat,pcam,2,0.01,0.8244186046511628,0.6367349222334117,0.06076138399240588,0.8685657066085509,0.10087272711630729,0.08441645935947838
dinov2_nat,pcam,2,0.1,0.8197674418604651,0.6271120062660849,0.08649918992717345,0.9016428674722919,0.1013000679473334,0.08393127142344976
dinov2_nat,pcam,2,1.0,0.8127906976744186,0.6126776323150946,0.12325903823143283,0.9295697461702999,0.11082938343605608,0.09204226605443942
dinov2_nat,pcam,3,1e-06,0.58664363845711,0.004864106627345377,0.209336340797772,0.552365968477331,0.20404626028593703,0.10345013213394433
dinov2_nat,pcam,3,1e-05,0.7766263672999424,0.5358723827415894,0.15465056649227996,0.6219758008076625,0.10700279301704471,0.07989284502268683
dinov2_nat,pcam,3,0.0001,0.8290155440414507,0.6483702612639447,0.08257218442480575,0.7464433596166451,0.062042000967071194,0.0464623256396857
dinov2_nat,pcam,3,0.001,0.8647092688543466,0.7207638113128297,0.03912115058115352,0.830090344981439,0.037077726830422916,0.02744387154808146
dinov2_nat,pcam,3,0.01,0.8842832469775475,0.7611639407399097,0.010944567475322686,0.8754802850568022,0.026749710030925637,0.019746909192999332
dinov2_nat,pcam,3,0.1,0.8952216465169833,0.7840455443434352,0.018131210761321966,0.9079919737656048,0.02528624546193478,0.019564397849015636
dinov2_nat,pcam,3,1.0,0.8900402993667242,0.7736857220232245,0.04757794729562212,0.9330914123996484,0.03132734521630784,0.0250154912721934
dinov2_nat,pcam,4,1e-06,0.5253386853988962,0.0,0.11149510489098981,0.5674235416442132,0.24038947796329244,0.10377598345778832
dinov2_nat,pcam,4,1e-05,0.7596588058203713,0.5116812713462682,0.1487173785650315,0.6109414272553397,0.11998812408912972,0.08840612931303038
dinov2_nat,pcam,4,0.0001,0.8419468138484696,0.6819608349734416,0.11548118750040448,0.7299091697339373,0.06852832032290061,0.05528270002706352
dinov2_nat,pcam,4,0.001,0.8635223281485198,0.7256143732360433,0.05140489500115651,0.8210910672312037,0.04924576375133279,0.039443260131274915
dinov2_nat,pcam,4,0.01,0.8695434019066733,0.7376659774774865,0.02088951972249321,0.8731123795667888,0.04295226494169943,0.03401383407392326
dinov2_nat,pcam,4,0.1,0.8720521826392373,0.742724017639236,0.03591439235155049,0.9022109135230675,0.04433584347769009,0.035745121240572206
dinov2_nat,pcam,4,1.0,0.863020572002007,0.7244224581243837,0.06543653292330351,0.9276061534064628,0.05014876744820011,0.040272366719264874
dinov2_nat,sicap,0,1e-06,0.4235176880916791,0.1369047497392032,0.03675984761552517,0.42326795611588514,0.4852795837507097,0.27252315062335797
dinov2_nat,sicap,0,1e-05,0.523168908819133,0.3130088123681828,0.06055071759361131,0.5147834188847277,0.3252934750069464,0.18727907192962434
dinov2_nat,sicap,0,0.0001,0.6651718983557549,0.5597753958667077,0.05186219394866579,0.6249536691476169,0.1781829969588687,0.11446858456802267
dinov2_nat,sicap,0,0.001,0.7543597409068261,0.7250074358431333,0.04005769618546029,0.7284178077819896,0.11337657530179081,0.08031851780097174
dinov2_nat,sicap,0,0.01,0.7558545092177379,0.7531257121820382,0.0511617947015183,0.8025061468892271,0.11291277800195211,0.08027496696847777
dinov2_nat,sicap,0,0.1,0.7384155455904334,0.7312762104112248,0.12416939094207075,0.861915138416713,0.13123664548699537,0.09351047407725041
dinov2_nat,sicap,0,1.0,0.7199800697558545,0.6951836790271518,0.18597124148376395,0.9057246750485419,0.15420765881212992,0.11065429260955553
dinov2_nat,sicap,1,1e-06,0.5311143270622286,0.39900570752559594,0.11985922536525725,0.41125510169697144,0.3536204666584202,0.22069917517841264
dinov2_nat,sicap,1,1e-05,0.5899662325132659,0.5295850636970381,0.08737657405612519,0.5025896584571407,0.25545892529714814,0.15664554811527384
dinov2_nat,sicap,1,0.0001,0.6965750120598166,0.6905708767503984,0.07009784672506729,0.6265731780776066,0.15540592662005018,0.10377521667391713
dinov2_nat,sicap,1,0.001,0.7525325615050651,0.7617481907402217,0.03666001936095478,0.7231206123721086,0.11164040952134693,0.07806658823240936
dinov2_nat,sicap,1,0.01,0.7559093101784853,0.7715649270425793,0.03960816183009627,0.7870029844086034,0.11205219656058384,0.07943167165134689
dinov2_nat,sicap,1,0.1,0.7274481427882297,0.7413084677215599,0.11838229291242056,0.8458037035676634,0.13688284627889463,0.09574840170678318
dinov2_nat,sicap,1,1.0,0.7067052580800772,0.7194471585271296,0.188648475234846,0.8952185913343462,0.16860519263828294,0.12056651048449438
dinov2_nat,sicap,2,1e-06,0.28417910447761197,0.01817261908475576,0.1328982481709179,0.41329819387649225,0.715319394747632,0.356825025396667
dinov2_nat,sicap,2,1e-05,0.48955223880597015,0.19760434981720176,0.03979594065593494,0.48514220276540726,0.45998612358577773,0.2990556272695294
dinov2_nat,sicap,2,0.0001,0.6226865671641791,0.3995017385998344,0.0281751533856351,0.6178698621465267,0.24221260006277087,0.15976065797225197
dinov2_nat,sicap,2,0.001,0.6961194029850746,0.5424553513832315,0.038955734778884976,0.717581589756443,0.17065446666817113,0.11884135068411839
dinov2_nat,sicap,2,0.01,0.7253731343283583,0.5873157711467696,0.06178436408020742,0.7807662290403657,0.15024641301352257,0.10843247962530772
dinov2_nat,sicap,2,0.1,0.7217910447761194,0.6064616504256288,0.11574470591374454,0.8369788535094438,0.16047828516997686,0.11750432532276434
dinov2_nat,sicap,2,1.0,0.7002985074626865,0.5866459842766831,0.1847239975772419,0.8841003370663695,0.18988459497018859,0.13957402070236263
dinov2_nat,sicap,3,1e-06,0.5056315366049879,0.32987115738383666,0.09902553014927568,0.40660600645571227,0.38937379011999995,0.23971985766194864
dinov2_nat,sicap,3,1e-05,0.585277554304103,0.4777934964733266,0.09762211517627895,0.49625663941471027,0.2549690210470291,0.1536782752579973
dinov2_nat,sicap,3,0.0001,0.6830249396621078,0.6304689720899126,0.05786306390165,0.6273801134938065,0.1671286937728513,0.11047532678973841
dinov2_nat,sicap,3,0.001,0.7369267900241352,0.7183980787968859,0.019525054211338554,0.7298542608750925,0.12465429522024672,0.08648741177080743
dinov2_nat,sicap,3,0.01,0.7550281576830249,0.7573073652998232,0.055820437532428095,0.8027735030253234,0.1131790189429206,0.08032100412809184
dinov2_nat,sicap,3,0.1,0.7260659694288013,0.7238612465004488,0.1299989780731572,0.8546260417965706,0.12993406145295217,0.08836911743340435
dinov2_nat,sicap,3,1.0,0.6991150442477876,0.672791008512458,0.20422833625845113,0.9014389296953005,0.16205139847999656,0.11134715204767508
dinov2_nat,sicap,4,1e-06,0.26479438314944836,-0.017522678357167365,0.15936792971460326,0.4230131318647355,0.7450483986232125,0.36151771859918974
dinov2_nat,sicap,4,1e-05,0.4473420260782347,0.030220501835689362,0.0536677086995614,0.49789399426334674,0.48644783301499067,0.29350747561517765
dinov2_nat,sicap,4,0.0001,0.5737211634904714,0.2423833744902376,0.04244843426039015,0.6065074884696801,0.29595560256661835,0.18833613624086004
dinov2_nat,sicap,4,0.001,0.6529588766298897,0.44811408181887713,0.061868507737681704,0.7100773322827751,0.21190430647960765,0.14309410812889511
dinov2_nat,sicap,4,0.01,0.6795386158475426,0.5330629241584501,0.110139554884531,0.7867040929024234,0.19213563505208991,0.13412768707116982
dinov2_nat,sicap,4,0.1,0.6494483450351053,0.514823426532822,0.1977726074531579,0.8472209524882633,0.21384807557194094,0.14353121037808647
dinov2_nat,sicap,4,1.0,0.6248746238716149,0.48388583344231917,0.2746420087958965,0.8995166326675114,0.25488083972793435,0.1734801251046214
dinov2_nat,panda,0,1e-06,0.2173228346456693,0.14751765642878534,0.026282410199586378,0.1910404244460829,0.7208681502671067,0.269829304538638
dinov2_nat,panda,0,1e-05,0.2799212598425197,0.31204812131168735,0.05008734204403864,0.22983391779848103,0.6248879260762992,0.2611472074539811
dinov2_nat,panda,0,0.0001,0.3114173228346457,0.3789734007448011,0.02027213831358222,0.29707775988953666,0.5845463649241216,0.2592020339714204
dinov2_nat,panda,0,0.001,0.3127952755905512,0.40808477048413594,0.05408413108261239,0.3659158705162994,0.5872479501374271,0.26350825984085763
dinov2_nat,panda,0,0.01,0.30452755905511814,0.38089420913398286,0.12078018833601614,0.4253077473911343,0.614064283569397,0.2806047463805904
dinov2_nat,panda,0,0.1,0.2958661417322835,0.3586521172598457,0.16471597654455916,0.4605821182768427,0.6319442424135441,0.28806112318989663
dinov2_nat,panda,0,1.0,0.293503937007874,0.3544498285648664,0.17499614581517017,0.4685000828230442,0.6361121376390212,0.2893425241988871
dinov2_nat,panda,1,1e-06,0.22501406337896118,0.1390224644142034,0.03683323767407238,0.18818082570488878,0.7026160462559766,0.2631867236888432
dinov2_nat,panda,1,1e-05,0.26982936433527094,0.27454368193969625,0.04322487728009029,0.22721092939483076,0.6312028220299148,0.2544308978258548
dinov2_nat,panda,1,0.0001,0.2951434464654041,0.3473622686817295,0.023207061644131773,0.2939577157583975,0.5913193997340541,0.24655848323864732
dinov2_nat,panda,1,0.001,0.3013313332083255,0.3574868867538332,0.0650714973983641,0.36322865602613774,0.5878782616263842,0.2506045467397261
dinov2_nat,panda,1,0.01,0.30470654415900994,0.36241605376580743,0.11983068309493786,0.4245372272539479,0.6045161641597887,0.27127264982030497
dinov2_nat,panda,1,0.1,0.3026439152447028,0.360146689061581,0.1576629625815409,0.4603068778262437,0.6222039006652128,0.2865019551857442
dinov2_nat,panda,1,1.0,0.30114382148884306,0.360838795922525,0.16722489037661653,0.46836871186545964,0.6262155920654388,0.2887168725343347
dinov2_nat,panda,2,1e-06,0.1975464549882735,0.08373717558957283,0.021340504614069146,0.1923633148746507,0.7396954488119337,0.25754672009307344
dinov2_nat,panda,2,1e-05,0.2659209814180047,0.23312929429365747,0.032392898832171835,0.23352808258583285,0.663172439166526,0.28125446515258257
dinov2_nat,panda,2,0.0001,0.31318780443802996,0.32527409086239756,0.013896608401531809,0.2992911960364981,0.5846195361291269,0.2613414828163323
dinov2_nat,panda,2,0.001,0.3267183835468158,0.34780488622934724,0.04038220581297363,0.3660355335910887,0.5637904989315194,0.2559338632951119
dinov2_nat,panda,2,0.01,0.32978531481147394,0.34982831008902227,0.09684890850618026,0.42663422331765416,0.5790751759516856,0.2746353101288854
dinov2_nat,panda,2,0.1,0.3258163449395634,0.34528165392030785,0.13747064675969775,0.46314062815920104,0.5967888211399771,0.287921786268332
dinov2_nat,panda,2,1.0,0.3222081905105538,0.33785340478171144,0.1498097026120497,0.47143926987900736,0.6019633769360436,0.2890297021838636
dinov2_nat,panda,3,1e-06,0.23130841121495327,0.1399450529689299,0.04183011194763433,0.18947829926731896,0.6811376568889829,0.2510132897218124
dinov2_nat,panda,3,1e-05,0.3076923076923077,0.28166167018762733,0.07977386383759191,0.22791844385471577,0.5770850666489136,0.2473782449304332
dinov2_nat,panda,3,0.0001,0.35046728971962615,0.3848757142565571,0.05798221918420985,0.29248507053541634,0.5196529362334114,0.23752257660502812
dinov2_nat,panda,3,0.001,0.35190510424155286,0.4092868670206763,0.013544731115007392,0.3607109922486092,0.5266938909332104,0.2460682462692501
dinov2_nat,panda,3,0.01,0.3405823148813803,0.402848973391957,0.08210127698555067,0.422465110121128,0.5557663443999042,0.26313008727465814
dinov2_nat,panda,3,0.1,0.3342918763479511,0.39797041755900475,0.12604299310113296,0.4603348694490841,0.5776118575808067,0.2781411617359816
dinov2_nat,panda,3,1.0,0.33303378864126526,0.39955916927108825,0.13581101363880502,0.46884480228007036,0.5824731511031767,0.28162143387834504
dinov2_nat,panda,4,1e-06,0.2174573055028463,0.11678454625274637,0.028804400766759795,0.19165963899896543,0.7087358507221705,0.2579050049638454
dinov2_nat,panda,4,1e-05,0.2662239089184061,0.26791467040680406,0.033627294874228254,0.23259661404417784,0.6441250230065891,0.2626047205078553
dinov2_nat,panda,4,0.0001,0.29582542694497155,0.32406066440100867,0.028163999724154547,0.2982274955709531,0.5969694282238625,0.253039215848406
dinov2_nat,panda,4,0.001,0.31309297912713474,0.35649253594854724,0.05306224316914627,0.36393781674777076,0.5689483363289592,0.24555696350183076
dinov2_nat,panda,4,0.01,0.31024667931688804,0.3676455047254443,0.11524918163531454,0.4254958609522025,0.5824931508811192,0.25578325089360937
dinov2_nat,panda,4,0.1,0.31138519924098673,0.3677685950413224,0.14963071355685392,0.4609347483343264,0.5956353173892377,0.2702559484591737
dinov2_nat,panda,4,1.0,0.3111954459203036,0.36408218218259136,0.1577170785430653,0.4686716774182415,0.5993469299203104,0.27374609530764454
imagenet_vit,breakhis,0,1e-06,0.5899705014749262,0.0,0.11492497119984206,0.7024133699257985,0.17577494137998445,0.07694177348089555
imagenet_vit,breakhis,0,1e-05,0.5970501474926254,0.027339368606775993,0.2111890142831084,0.6775023358452721,0.15811604682986174,0.06297846457155962
imagenet_vit,breakhis,0,0.0001,0.8153392330383481,0.6075561719833564,0.07600061504194128,0.7393386179964068,0.07975653877329396,0.061493643925528536
imagenet_vit,breakhis,0,0.001,0.8412979351032448,0.6694361372410418,0.01516379215841638,0.8360383119338951,0.06151991493133916,0.04815525257771497
imagenet_vit,breakhis,0,0.01,0.8536873156342183,0.6962497290266638,0.03825148129268092,0.8905536545857698,0.05048242734039291,0.03917163885264616
imagenet_vit,breakhis,0,0.1,0.8613569321533924,0.7103206780819676,0.06868335228921238,0.9297937398104568,0.048964431854889204,0.03883481454488054
imagenet_vit,breakhis,0,1.0,0.8536873156342183,0.6935481519282642,0.1161288428440741,0.9655893083690791,0.055659870116358416,0.04434908162861166
imagenet_vit,breakhis,1,1e-06,0.7158999192897498,0.0,0.23177300463090247,0.6759180257237243,0.08421783064220202,0.039267557401965324
imagenet_vit,breakhis,1,1e-05,0.7150928167877321,0.07958197157726588,0.20758334022332445,0.6837478483178313,0.07366117205239779,0.028440372419858917
imagenet_vit,breakhis,1,0.0001,0.8861985472154964,0.7156050224407968,0.10271058256111142,0.7834879646543849,0.04364208611221511,0.03686014306238847
imagenet_vit,breakhis,1,0.001,0.9152542372881356,0.7997284453496266,0.05033855947247315,0.8664326996718903,0.031082270231760772,0.027351190031083016
imagenet_vit,breakhis,1,0.01,0.9209039548022598,0.8150599803822417,0.020471615787524527,0.9082484046251428,0.022457629691480647,0.01921172882006396
imagenet_vit,breakhis,1,0.1,0.9241323648103309,0.8217369875929458,0.03037304763757431,0.938380649444063,0.021314806204325975,0.018330574941639054
imagenet_vit,breakhis,1,1.0,0.9023405972558515,0.7707215315512339,0.06364511025287382,0.9634005617034114,0.025940198408227068,0.02096882871842875
imagenet_vit,breakhis,2,1e-06,0.6844262295081968,0.0,0.149111294007591,0.6788047637320597,0.12083288167084649,0.06466827717990298
imagenet_vit,breakhis,2,1e-05,0.6728142076502732,0.014353421376646525,0.21160239890506144,0.6712226643207343,0.10852927106781426,0.04785865355238077
imagenet_vit,breakhis,2,0.0001,0.8592896174863388,0.6636689684706386,0.11564924625441281,0.745133241033925,0.08014716222069856,0.06969936698396723
imagenet_vit,breakhis,2,0.001,0.8968579234972678,0.7643914105564722,0.06704753766244369,0.8392146316900776,0.052620406997020225,0.047073111454544486
imagenet_vit,breakhis,2,0.01,0.9050546448087432,0.786070216604221,0.024977239956699912,0.8954168296691793,0.03394512302956807,0.029255560551423147
imagenet_vit,breakhis,2,0.1,0.9112021857923497,0.7977401994541791,0.02896486222155216,0.9292805489044316,0.02731645935778073,0.02322144301041249
imagenet_vit,breakhis,2,1.0,0.9023224043715847,0.7776418256669089,0.06039989116529443,0.9612930492094706,0.02883317506411195,0.02386598320112861
imagenet_vit,breakhis,3,1e-06,0.5480446927374302,0.0,0.18075551914897295,0.718040636447035,0.3212494880069475,0.19876119231020267
imagenet_vit,breakhis,3,1e-05,0.5491620111731843,0.0027090953527002526,0.15890382613412404,0.7031820061418534,0.29483406354891645,0.17301689520468244
imagenet_vit,breakhis,3,0.0001,0.7189944134078212,0.40428316415311305,0.06775892452332014,0.7215264184844006,0.20457761173898967,0.1606910224139624
imagenet_vit,breakhis,3,0.001,0.7687150837988826,0.5187253293639505,0.04553826096528085,0.8014354634158595,0.14199580629438377,0.11284517929234597
imagenet_vit,breakhis,3,0.01,0.7865921787709497,0.5598585429720138,0.08061002464381085,0.8609359997917481,0.11984978175771827,0.09520016640336895
imagenet_vit,breakhis,3,0.1,0.7782122905027933,0.5428285788912292,0.1302187829533087,0.9084310734561019,0.1167776251116717,0.09006931971511256
imagenet_vit,breakhis,3,1.0,0.7793296089385475,0.5455340144056173,0.16749245154895426,0.9465648310179429,0.12025245209810537,0.09382383123115373
imagenet_vit,breakhis,4,1e-06,0.6260121457489879,0.0,0.07549594821520335,0.700901242891825,0.20892878326602002,0.12806133278867554
imagenet_vit,breakhis,4,1e-05,0.6194331983805668,-0.013099817417970838,0.15232902285091865,0.7091473722498971,0.20303543371731353,0.1190501436399265
imagenet_vit,breakhis,4,0.0001,0.6523279352226721,0.14069771563707445,0.12244795428464135,0.7736867869672528,0.18883290625718593,0.11975251782444797
imagenet_vit,breakhis,4,0.001,0.7029352226720648,0.2946822302380506,0.14429497455331106,0.8469618769213085,0.16093599272696998,0.11157407564478322
imagenet_vit,breakhis,4,0.01,0.7277327935222672,0.3656606786331865,0.16964946473913436,0.8973822582614016,0.149634918820359,0.10858784423316264
imagenet_vit,breakhis,4,0.1,0.7398785425101214,0.4010772382413679,0.1926371343498372,0.9320292374015159,0.14839470968491206,0.1111100897564195
imagenet_vit,breakhis,4,1.0,0.742914979757085,0.41014717409980295,0.22351364624343328,0.961729478355601,0.15473500436166293,0.11835971550207472
imagenet_vit,pcam,0,1e-06,0.5376175548589341,0.0012123027502054518,0.11761743014373034,0.5613466137970426,0.21279425192963064,0.08394071472116199
imagenet_vit,pcam,0,1e-05,0.777951933124347,0.5461220763945538,0.15271505286033196,0.625236880264015,0.09927600133849784,0.07250631017973568
imagenet_vit,pcam,0,0.0001,0.835423197492163,0.6673390767750358,0.07629280236675504,0.7613628205311,0.05853235283850014,0.044135741118766746
imagenet_vit,pcam,0,0.001,0.864158829676071,0.7258308706373919,0.028635646149802362,0.8452692059338867,0.03864832732812838,0.02893774011145029
imagenet_vit,pcam,0,0.01,0.8735632183908046,0.7443317679320143,0.014817239135661624,0.8883804575264663,0.0361321214480313,0.027746030981728887
imagenet_vit,pcam,0,0.1,0.8631138975966562,0.7230284887381665,0.053996432172863984,0.9171103297695202,0.04550941551573345,0.03564536464705716
imagenet_vit,pcam,0,1.0,0.8484848484848485,0.693428479901024,0.09093552653962668,0.9388290558871447,0.06048720332550397,0.048341128138910394
imagenet_vit,pcam,1,1e-06,0.5638173302107728,0.003011821634970935,0.18296872384312154,0.5566939670253156,0.1657624910093149,0.052533572173017185
imagenet_vit,pcam,1,1e-05,0.8214285714285714,0.628580228781004,0.19800899276497336,0.6242762390946618,0.06631387136104712,0.04927363507998832
imagenet_vit,pcam,1,0.0001,0.857728337236534,0.7091411111734036,0.1037134462368012,0.7540900622586021,0.04836705062022938,0.03768747433069791
imagenet_vit,pcam,1,0.001,0.8641686182669789,0.7210105285687933,0.036845027197548716,0.832780224965029,0.043492732326155005,0.03377929879387652
imagenet_vit,pcam,1,0.01,0.8635831381733021,0.7193428361067778,0.02747555409011133,0.884194846362307,0.04633133060004466,0.03653205463667239
imagenet_vit,pcam,1,0.1,0.8618266978922716,0.715686316000333,0.05549705503014839,0.9162877666138978,0.053666764800510934,0.04360757885238535
imagenet_vit,pcam,1,1.0,0.8454332552693209,0.6824335269153137,0.09260980953945029,0.9380430648087713,0.0625941661863664,0.04993554578733632
imagenet_vit,pcam,2,1e-06,0.5511627906976744,0.0,0.08367563428753008,0.5653984992945233,0.2596512786031399,0.13902511967047979
imagenet_vit,pcam,2,1e-05,0.7180232558139535,0.4036180410189537,0.08588648885590817,0.6323984296380011,0.1924174914884924,0.1482063841843841
imagenet_vit,pcam,2,0.0001,0.7697674418604651,0.5190482646420824,0.04314366434561621,0.7554298189693264,0.1511011809974559,0.12222431859614175
imagenet_vit,pcam,2,0.001,0.7930232558139535,0.5693419157364061,0.0457882988380778,0.8318009701437211,0.1153226115376807,0.0921899719657245
imagenet_vit,pcam,2,0.01,0.8087209302325581,0.602151928636512,0.06918760640448143,0.8762806545666383,0.09861904238837091,0.07897694810264937
imagenet_vit,pcam,2,0.1,0.8081395348837209,0.6008932790315684,0.10518572907282087,0.9129307030786771,0.10832986552712154,0.08856396220413863
imagenet_vit,pcam,2,1.0,0.8017441860465117,0.5884555364700863,0.1426423952168797,0.9393180714842764,0.12465975541682997,0.10350428039745052
imagenet_vit,pcam,3,1e-06,0.6027633851468048,0.05037746253898212,0.20322984495419089,0.5516678661949884,0.16133895676604706,0.0691252687062899
imagenet_vit,pcam,3,1e-05,0.8117443868739206,0.6031162417277889,0.1862774732432026,0.6254669136307179,0.07103923732151493,0.0520347964443906
imagenet_vit,pcam,3,0.0001,0.8434081750143926,0.6748963717734877,0.08488790382136494,0.7585202711930277,0.04933746740312909,0.03633656879904731
imagenet_vit,pcam,3,0.001,0.8675877950489349,0.7259861508156423,0.03218981152321512,0.8412590010277649,0.033898733194533404,0.024679348604629666
imagenet_vit,pcam,3,0.01,0.8831318364997122,0.7587874625383167,0.016390382095131002,0.8854881245785553,0.03021013057457794,0.023064650442941946
imagenet_vit,pcam,3,0.1,0.8831318364997122,0.7595637916820941,0.04158206049261946,0.9145829183315253,0.03607294080951378,0.028927460677877787
imagenet_vit,pcam,3,1.0,0.8704663212435233,0.7346807989208689,0.06414923962656018,0.9346155608700835,0.04566915485672519,0.03685469042420755
imagenet_vit,pcam,4,1e-06,0.5253386853988962,0.0,0.11526650599373349,0.5673990008064776,0.21876298602958452,0.08214949152408041
imagenet_vit,pcam,4,1e-05,0.7717009533366783,0.5348986903214059,0.14512668429753864,0.6265742690391398,0.11514530322827853,0.08678159930396792
imagenet_vit,pcam,4,0.0001,0.8384345208228801,0.6741095912671491,0.08560005839021563,0.75656362266357,0.06845855995857959,0.054600473087506776
imagenet_vit,pcam,4,0.001,0.8590065228299046,0.7159400486221115,0.030445096694941654,0.8384815980177956,0.04741315276325212,0.03693505901051361
imagenet_vit,pcam,4,0.01,0.870546914199699,0.7394441207023233,0.024927250667263676,0.8881743528404976,0.04416605113909877,0.035367571147068705
imagenet_vit,pcam,4,0.1,0.875062719518314,0.7486233364418331,0.05569427024964254,0.9211088030731933,0.04883180099959074,0.040648803915262516
imagenet_vit,pcam,4,1.0,0.8569994982438535,0.7121029729668085,0.08504673987122167,0.9420462381150753,0.05694747177627585,0.04616150300637517
imagenet_vit,sicap,0,1e-06,0.401096163428002,0.19494288813835892,0.06410917584110855,0.4075454038131862,0.49398826707781457,0.2613583031547577
imagenet_vit,sicap,0,1e-05,0.5166915794718485,0.3842048666316129,0.09284473754482359,0.48825960471040075,0.3101869929659897,0.1679343688821815
imagenet_vit,sicap,0,0.0001,0.6870951669157948,0.6197648604269295,0.0651262457317321,0.626604352743196,0.16291581143318473,0.1077878129268532
imagenet_vit,sicap,0,0.001,0.7438963627304435,0.7482668723522474,0.027870400452958525,0.7384882960546125,0.11686640341566129,0.08078335664771918
imagenet_vit,sicap,0,0.01,0.7433981066268062,0.7392400801799001,0.06446648720742013,0.8025145792079981,0.11955771985810065,0.08332697125050331
imagenet_vit,sicap,0,0.1,0.7204783258594918,0.7151313056808309,0.1402843485864763,0.8592246770254129,0.14187484244262138,0.09848512092104461
imagenet_vit,sicap,0,1.0,0.6960637767812655,0.6984454554006756,0.20820477790757164,0.9042685546888372,0.17669828135558338,0.12487999835858755
imagenet_vit,sicap,1,1e-06,0.5499276410998553,0.49398527603036857,0.15372308097605178,0.3962045601238035,0.3005677651164646,0.17922632073974326
imagenet_vit,sicap,1,1e-05,0.6087795465508924,0.5690426205608797,0.12403562228749455,0.4847439242633978,0.23828037476087444,0.14910230280416928
imagenet_vit,sicap,1,0.0001,0.7076700434153401,0.6958915540486688,0.08458670312933839,0.6236571541435662,0.14533209411707812,0.09762790346903584
imagenet_vit,sicap,1,0.001,0.7530149541726966,0.7676248320692651,0.03035863649842514,0.7226563176742714,0.113146092256592,0.07970938226073519
imagenet_vit,sicap,1,0.01,0.7472262421611191,0.7839765377728825,0.04976627430239523,0.7959245095943352,0.1182591417055621,0.08315664350897892
imagenet_vit,sicap,1,0.1,0.7346840328027014,0.7705509858178687,0.13238208971664922,0.8617022227321294,0.13574242525700161,0.09687640788096666
imagenet_vit,sicap,1,1.0,0.7144235407621804,0.7441929885834697,0.1973629514759514,0.9112192174800188,0.15604400661127318,0.11064452755003641
imagenet_vit,sicap,2,1e-06,0.1773134328358209,0.06470859105853044,0.228260826678567,0.40557425951438786,0.8157937790690264,0.299585009635427
imagenet_vit,sicap,2,1e-05,0.471044776119403,0.21284495646396995,0.03174567431773891,0.46740547518786457,0.4877576888431543,0.3132481246312109
imagenet_vit,sicap,2,0.0001,0.6292537313432836,0.3863224408309862,0.030908131444420315,0.6062489139056435,0.2575411246467279,0.1781675774227142
imagenet_vit,sicap,2,0.001,0.6865671641791045,0.5031468501335385,0.04017037069287189,0.7111840460163349,0.18165556464375318,0.12631361134550528
imagenet_vit,sicap,2,0.01,0.7074626865671642,0.5785798624072758,0.07936991717317815,0.7868326037403424,0.15733364798470933,0.10954091929049595
imagenet_vit,sicap,2,0.1,0.7074626865671642,0.6066759768790493,0.14424619529201615,0.8517088818591804,0.15689493940832389,0.1091022107141105
imagenet_vit,sicap,2,1.0,0.6919402985074626,0.6010089501419751,0.21026185431201283,0.8998703744141154,0.18376520108277034,0.1304244542714422
imagenet_vit,sicap,3,1e-06,0.49597747385358004,0.3924511705711885,0.09799379708698873,0.39798367676659135,0.40417370986924395,0.24784152151789768
imagenet_vit,sicap,3,1e-05,0.6013676588897828,0.5527603749360466,0.12570767520513043,0.4839609885545118,0.2594551984104582,0.16656748917872122
imagenet_vit,sicap,3,0.0001,0.6991150442477876,0.6585208337141222,0.06882340521987844,0.6320087972199092,0.16470742642419153,0.11400317999187005
imagenet_vit,sicap,3,0.001,0.7369267900241352,0.7140053143536866,0.01932130659362221,0.7405342809522006,0.12323111914085251,0.08506423569141322
imagenet_vit,sicap,3,0.01,0.7526146419951729,0.7405586148847119,0.06560022234011142,0.8163587283545003,0.10912293775437569,0.0755823775039337
imagenet_vit,sicap,3,0.1,0.7393403057119872,0.7217726243291627,0.13038135793635408,0.8697216636483414,0.11899380713389686,0.08156022709184609
imagenet_vit,sicap,3,1.0,0.7148028962188254,0.6966314541845786,0.2028167060607119,0.9176196022795373,0.14192926137758227,0.09666876629368108
imagenet_vit,sicap,4,1e-06,0.16649949849548645,0.016854890563036462,0.24715327448123764,0.4136527729767241,0.8203586991501203,0.2851434552622767
imagenet_vit,sicap,4,1e-05,0.42778335005015045,0.11295463696600605,0.048818969766552166,0.4699936420574162,0.4644368912864948,0.25532406745307606
imagenet_vit,sicap,4,0.0001,0.5687061183550652,0.2754731567783303,0.025266773846745,0.5900108895958134,0.29105258854524524,0.1806234639150649
imagenet_vit,sicap,4,0.001,0.6424272818455367,0.43765708194032393,0.06177760129432719,0.6960295896161109,0.2173501441809121,0.14396291435874714
imagenet_vit,sicap,4,0.01,0.6404212637913741,0.4803534577134837,0.13096687377587088,0.7713881375672449,0.21454339924272273,0.1402648650337245
imagenet_vit,sicap,4,0.1,0.6313941825476429,0.4703377046373308,0.2045973038290108,0.8355730814592371,0.2469995625866124,0.16863211360928446
imagenet_vit,sicap,4,1.0,0.6143430290872618,0.4708073760050733,0.27847846301624724,0.892821492103509,0.2956233465119643,0.20917873899301845
imagenet_vit,panda,0,1e-06,0.19665354330708662,0.05160050734010646,0.040611625483852914,0.18965824902169923,0.7235458468473803,0.23994030691125856
imagenet_vit,panda,0,1e-05,0.2860236220472441,0.2768250339859353,0.0623336965430456,0.2236899255041985,0.6331303400949114,0.2770939973303244
imagenet_vit,panda,0,0.0001,0.3257874015748031,0.38186972993486,0.03189590822134137,0.2942220733362448,0.5703670783156741,0.26146204032926257
imagenet_vit,panda,0,0.001,0.3324803149606299,0.3951981343892855,0.037816050063006,0.36928667315635544,0.573418752345073,0.2719522609239882
imagenet_vit,panda,0,0.01,0.3232283464566929,0.36827595134777324,0.10994735885584733,0.4331757053125403,0.5923043818166652,0.2805190083996994
imagenet_vit,panda,0,0.1,0.31496062992125984,0.35468453971912306,0.1531028667549725,0.46806349667623237,0.6035893222966315,0.2823589559547148
imagenet_vit,panda,0,1.0,0.3125984251968504,0.35004957290206373,0.16250771749325335,0.4751061426901037,0.6060541475273039,0.28208559512594733
imagenet_vit,panda,1,1e-06,0.2068254265891618,0.05426001695609395,0.02847592931107234,0.18682465228085646,0.702947126403879,0.2356302946185455
imagenet_vit,panda,1,1e-05,0.25707856741046314,0.2399702921585909,0.03425343559976605,0.22282513181069716,0.6492588779165006,0.25547652410119487
imagenet_vit,panda,1,0.0001,0.29008063003937745,0.3272391592741484,0.02897900271174108,0.29579230078096286,0.6078316450110671,0.2568484570516678
imagenet_vit,panda,1,0.001,0.29439339958747424,0.34126345092928423,0.07898649615108733,0.3726132007540936,0.6103258050664927,0.26464858688228365
imagenet_vit,panda,1,0.01,0.29083067691730735,0.33408298223708754,0.1458454727012813,0.43652162372915526,0.6234918567224031,0.27343602549747204
imagenet_vit,panda,1,0.1,0.2880180011250703,0.3298024644009889,0.18209219130239257,0.4701101924274628,0.6329719416714132,0.279428507728247
imagenet_vit,panda,1,1.0,0.28651790736921057,0.3255302875592636,0.19056551627399218,0.4770834236432028,0.6348554879567575,0.27944078498840247
imagenet_vit,panda,2,1e-06,0.19321666967346202,0.032871779263450196,0.043301036888989675,0.19056328418857757,0.725364369620623,0.23614548468791297
imagenet_vit,panda,2,1e-05,0.26880750496121236,0.2378355365275988,0.04157909350263245,0.22722841145857986,0.6615051725357456,0.2833952111168913
imagenet_vit,panda,2,0.0001,0.30867761140176797,0.33270102931891976,0.011122443250444605,0.3005536667387134,0.6001845660675549,0.27163735479157647
imagenet_vit,panda,2,0.001,0.325275121775212,0.3622217538002378,0.04942302834760502,0.37450698306464614,0.5853083916557876,0.27583391896199344
imagenet_vit,panda,2,0.01,0.3267183835468158,0.35961956639736203,0.10994797556698291,0.4366663591137987,0.5878558552676214,0.2799992196312139
imagenet_vit,panda,2,0.1,0.3250947140537615,0.3568136989095322,0.14525162412458237,0.47034633817834387,0.5982704585177622,0.2885933065043604
imagenet_vit,panda,2,1.0,0.32311022911780624,0.3551409730219275,0.15430157851125714,0.4773568212074766,0.6007170294600847,0.2888037850628273
imagenet_vit,panda,3,1e-06,0.21639108554996406,0.06096035539456479,0.05198875608438483,0.18739711697281636,0.6582521003564996,0.20579567437406637
imagenet_vit,panda,3,1e-05,0.3057153127246585,0.26862841741941834,0.08490831383936774,0.2208069988852907,0.5722698893800462,0.24022633009351313
imagenet_vit,panda,3,0.0001,0.35190510424155286,0.3728345070528135,0.060181450000761055,0.2917236542407918,0.5061979705720796,0.22557232590811932
imagenet_vit,panda,3,0.001,0.35190510424155286,0.39208642690077355,0.023578766719357457,0.36901117516359333,0.5214259114235555,0.24080026675959526
imagenet_vit,panda,3,0.01,0.3421998562185478,0.3739960191282141,0.09246695022273949,0.43432253872241994,0.5494771337982699,0.2585794381721051
imagenet_vit,panda,3,0.1,0.3360891445003594,0.36146895027879566,0.13287362271133896,0.4687444643811362,0.5657252537624734,0.26821923666612796
imagenet_vit,panda,3,1.0,0.33501078360891445,0.36088168337689575,0.14068896898559677,0.47555440614818256,0.5690206048734177,0.2703369371552447
imagenet_vit,panda,4,1e-06,0.2110056925996205,0.0583869826364265,0.024887284534501355,0.1896660828001968,0.7235870508764625,0.26281536204303224
imagenet_vit,panda,4,1e-05,0.25483870967741934,0.22552983708364915,0.026635851891093822,0.22851500952777032,0.6613531540244068,0.2645174058321125
imagenet_vit,panda,4,0.0001,0.29411764705882354,0.3269719207844911,0.027614451442701,0.29849109226051657,0.6007539770408095,0.2547386121357679
imagenet_vit,panda,4,0.001,0.31062618595825425,0.3795994234581953,0.0647827264384003,0.37261495487999796,0.5901415987859018,0.2638756726235031
imagenet_vit,panda,4,0.01,0.3092979127134725,0.37673756272776016,0.12753558007098872,0.4368334927844612,0.5999498962352983,0.27212802944168124
imagenet_vit,panda,4,0.1,0.3039848197343453,0.3608855556719681,0.1669627820919204,0.47071761412328633,0.6091359686857087,0.27503304969149833
imagenet_vit,panda,4,1.0,0.3036053130929791,0.35315579611507353,0.174231872133384,0.4775328558695727,0.6112063647913976,0.27665126483524793
