model,task,tier,condition,scorer,setting,auroc
lunit,nct,far,far_breakhis,maha,normalise=False,0.999871909442955
lunit,nct,blur,blur_s1.0,maha,normalise=False,0.8636787037037037
lunit,nct,blur,blur_s2.0,maha,normalise=False,0.9889848765432099
lunit,nct,blur,blur_s3.0,maha,normalise=False,0.9996314814814815
lunit,nct,far,far_breakhis,maha,normalise=True,0.9997518617813523
lunit,nct,blur,blur_s1.0,maha,normalise=True,0.8560743827160494
lunit,nct,blur,blur_s2.0,maha,normalise=True,0.984851851851852
lunit,nct,blur,blur_s3.0,maha,normalise=True,0.999737037037037
lunit,nct,far,far_breakhis,knn,normalise=False,0.9997176050044683
lunit,nct,blur,blur_s1.0,knn,normalise=False,0.5657836419753086
lunit,nct,blur,blur_s2.0,knn,normalise=False,0.7521929012345678
lunit,nct,blur,blur_s3.0,knn,normalise=False,0.9403095679012345
lunit,nct,far,far_breakhis,knn,normalise=True,0.9996690497467977
lunit,nct,blur,blur_s1.0,knn,normalise=True,0.5656503086419754
lunit,nct,blur,blur_s2.0,knn,normalise=True,0.7575228395061728
lunit,nct,blur,blur_s3.0,knn,normalise=True,0.9525416666666666
lunit,nct,far,far_breakhis,knn,k=1,0.9999940422996723
lunit,nct,blur,blur_s1.0,knn,k=1,0.6412077160493828
lunit,nct,blur,blur_s2.0,knn,k=1,0.8953163580246912
lunit,nct,blur,blur_s3.0,knn,k=1,0.9751290123456791
lunit,nct,far,far_breakhis,knn,k=10,0.9999562109025916
lunit,nct,blur,blur_s1.0,knn,k=10,0.5945703703703704
lunit,nct,blur,blur_s2.0,knn,k=10,0.8201209876543211
lunit,nct,blur,blur_s3.0,knn,k=10,0.9626993827160494
lunit,nct,far,far_breakhis,knn,k=50,0.9996690497467977
lunit,nct,blur,blur_s1.0,knn,k=50,0.5656503086419754
lunit,nct,blur,blur_s2.0,knn,k=50,0.7575228395061728
lunit,nct,blur,blur_s3.0,knn,k=50,0.9525416666666666
lunit,nct,far,far_breakhis,knn,k=200,0.9960938337801608
lunit,nct,blur,blur_s1.0,knn,k=200,0.5508277777777778
lunit,nct,blur,blur_s2.0,knn,k=200,0.713678086419753
lunit,nct,blur,blur_s3.0,knn,k=200,0.9194027777777779
lunit,nct,far,far_breakhis,maha,covariance=ledoit_wolf,0.999871909442955
lunit,nct,blur,blur_s1.0,maha,covariance=ledoit_wolf,0.8636787037037037
lunit,nct,blur,blur_s2.0,maha,covariance=ledoit_wolf,0.9889848765432099
lunit,nct,blur,blur_s3.0,maha,covariance=ledoit_wolf,0.9996314814814815
lunit,nct,far,far_breakhis,maha,covariance=empirical,0.9998614834673816
lunit,nct,blur,blur_s1.0,maha,covariance=empirical,0.8810666666666666
lunit,nct,blur,blur_s2.0,maha,covariance=empirical,0.991025925925926
lunit,nct,blur,blur_s3.0,maha,covariance=empirical,0.9996435185185185
lunit,lung,far,far_nct,maha,normalise=False,1.0
lunit,lung,blur,blur_s1.0,maha,normalise=False,0.9894064718500343
lunit,lung,blur,blur_s2.0,maha,normalise=False,1.0
lunit,lung,blur,blur_s3.0,maha,normalise=False,1.0
lunit,lung,far,far_nct,maha,normalise=True,1.0
lunit,lung,blur,blur_s1.0,maha,normalise=True,0.9901234763963567
lunit,lung,blur,blur_s2.0,maha,normalise=True,1.0
lunit,lung,blur,blur_s3.0,maha,normalise=True,1.0
lunit,lung,far,far_nct,knn,normalise=False,1.0
lunit,lung,blur,blur_s1.0,knn,normalise=False,0.6158801060208903
lunit,lung,blur,blur_s2.0,knn,normalise=False,0.7653128361928114
lunit,lung,blur,blur_s3.0,knn,normalise=False,0.9343264034473788
lunit,lung,far,far_nct,knn,normalise=True,1.0
lunit,lung,blur,blur_s1.0,knn,normalise=True,0.6139210297470657
lunit,lung,blur,blur_s2.0,knn,normalise=True,0.768903442105698
lunit,lung,blur,blur_s3.0,knn,normalise=True,0.9428171814587264
lunit,lung,far,far_nct,knn,k=1,1.0
lunit,lung,blur,blur_s1.0,knn,k=1,0.9439318325824783
lunit,lung,blur,blur_s2.0,knn,k=1,0.9972912885870718
lunit,lung,blur,blur_s3.0,knn,k=1,0.9999945408894206
lunit,lung,far,far_nct,knn,k=10,1.0
lunit,lung,blur,blur_s1.0,knn,k=10,0.6877664185542265
lunit,lung,blur,blur_s2.0,knn,k=10,0.9162474421275345
lunit,lung,blur,blur_s3.0,knn,k=10,0.9971126267862923
lunit,lung,far,far_nct,knn,k=50,1.0
lunit,lung,blur,blur_s1.0,knn,k=50,0.6139210297470657
lunit,lung,blur,blur_s2.0,knn,k=50,0.768903442105698
lunit,lung,blur,blur_s3.0,knn,k=50,0.9428171814587264
lunit,lung,far,far_nct,knn,k=200,0.9999888458377363
lunit,lung,blur,blur_s1.0,knn,k=200,0.600408366285476
lunit,lung,blur,blur_s2.0,knn,k=200,0.7340646390950978
lunit,lung,blur,blur_s3.0,knn,k=200,0.8598073107664455
lunit,lung,far,far_nct,maha,covariance=ledoit_wolf,1.0
lunit,lung,blur,blur_s1.0,maha,covariance=ledoit_wolf,0.9894064718500343
lunit,lung,blur,blur_s2.0,maha,covariance=ledoit_wolf,1.0
lunit,lung,blur,blur_s3.0,maha,covariance=ledoit_wolf,1.0
lunit,lung,far,far_nct,maha,covariance=empirical,1.0
lunit,lung,blur,blur_s1.0,maha,covariance=empirical,0.9946777393971975
lunit,lung,blur,blur_s2.0,maha,covariance=empirical,1.0
lunit,lung,blur,blur_s3.0,maha,covariance=empirical,1.0
lunit,lc_colon,far,far_breakhis,maha,normalise=False,1.0
lunit,lc_colon,blur,blur_s1.0,maha,normalise=False,0.9865798664930664
lunit,lc_colon,blur,blur_s2.0,maha,normalise=False,0.9999239465145596
lunit,lc_colon,blur,blur_s3.0,maha,normalise=False,1.0
lunit,lc_colon,far,far_breakhis,maha,normalise=True,1.0
lunit,lc_colon,blur,blur_s1.0,maha,normalise=True,0.9874869971962167
lunit,lc_colon,blur,blur_s2.0,maha,normalise=True,0.9999242220706663
lunit,lc_colon,blur,blur_s3.0,maha,normalise=True,1.0
lunit,lc_colon,far,far_breakhis,knn,normalise=False,1.0
lunit,lc_colon,blur,blur_s1.0,knn,normalise=False,0.6028095700635846
lunit,lc_colon,blur,blur_s2.0,knn,normalise=False,0.740731188129043
lunit,lc_colon,blur,blur_s3.0,knn,normalise=False,0.9286835995894214
lunit,lc_colon,far,far_breakhis,knn,normalise=True,1.0
lunit,lc_colon,blur,blur_s1.0,knn,normalise=True,0.6029512059024118
lunit,lc_colon,blur,blur_s2.0,knn,normalise=True,0.743414277939667
lunit,lc_colon,blur,blur_s3.0,knn,normalise=True,0.9333735645249068
lunit,lc_colon,far,far_breakhis,knn,k=1,1.0
lunit,lc_colon,blur,blur_s1.0,knn,k=1,0.954227375121417
lunit,lc_colon,blur,blur_s2.0,knn,k=1,0.9956982936188095
lunit,lc_colon,blur,blur_s3.0,knn,k=1,0.9999503999007998
lunit,lc_colon,far,far_breakhis,knn,k=10,1.0
lunit,lc_colon,blur,blur_s1.0,knn,k=10,0.6973955814578296
lunit,lc_colon,blur,blur_s2.0,knn,k=10,0.8851589614290339
lunit,lc_colon,blur,blur_s3.0,knn,k=10,0.993491640316614
lunit,lc_colon,far,far_breakhis,knn,k=50,1.0
lunit,lc_colon,blur,blur_s1.0,knn,k=50,0.6029512059024118
lunit,lc_colon,blur,blur_s2.0,knn,k=50,0.743414277939667
lunit,lc_colon,blur,blur_s3.0,knn,k=50,0.9333735645249068
lunit,lc_colon,far,far_breakhis,knn,k=200,0.9999890228198687
lunit,lc_colon,blur,blur_s1.0,knn,k=200,0.5785396904127141
lunit,lc_colon,blur,blur_s2.0,knn,k=200,0.697980035960072
lunit,lc_colon,blur,blur_s3.0,knn,k=200,0.8780143426953521
lunit,lc_colon,far,far_breakhis,maha,covariance=ledoit_wolf,1.0
lunit,lc_colon,blur,blur_s1.0,maha,covariance=ledoit_wolf,0.9865798664930664
lunit,lc_colon,blur,blur_s2.0,maha,covariance=ledoit_wolf,0.9999239465145596
lunit,lc_colon,blur,blur_s3.0,maha,covariance=ledoit_wolf,1.0
lunit,lc_colon,far,far_breakhis,maha,covariance=empirical,1.0
lunit,lc_colon,blur,blur_s1.0,maha,covariance=empirical,0.9946732249020053
lunit,lc_colon,blur,blur_s2.0,maha,covariance=empirical,0.9999986222194667
lunit,lc_colon,blur,blur_s3.0,maha,covariance=empirical,1.0
lunit,breakhis,far,far_lung,maha,normalise=False,0.9996702384538604
lunit,breakhis,blur,blur_s1.0,maha,normalise=False,0.8237330822474107
lunit,breakhis,blur,blur_s2.0,maha,normalise=False,0.9849178819656579
lunit,breakhis,blur,blur_s3.0,maha,normalise=False,0.9997090469995472
lunit,breakhis,far,far_lung,maha,normalise=True,0.9996158447967651
lunit,breakhis,blur,blur_s1.0,maha,normalise=True,0.8154869222088853
lunit,breakhis,blur,blur_s2.0,maha,normalise=True,0.9835022173666167
lunit,breakhis,blur,blur_s3.0,maha,normalise=True,0.9996587339806943
lunit,breakhis,far,far_lung,knn,normalise=False,0.999508757284359
lunit,breakhis,blur,blur_s1.0,knn,normalise=False,0.6074466142932099
lunit,breakhis,blur,blur_s2.0,knn,normalise=False,0.7727237312134783
lunit,breakhis,blur,blur_s3.0,knn,normalise=False,0.9552380883927865
lunit,breakhis,far,far_lung,knn,normalise=True,0.9993308446976099
lunit,breakhis,blur,blur_s1.0,knn,normalise=True,0.5962141609585349
lunit,breakhis,blur,blur_s2.0,knn,normalise=True,0.7598973614415399
lunit,breakhis,blur,blur_s3.0,knn,normalise=True,0.9564939013433575
lunit,breakhis,far,far_lung,knn,k=1,0.9993897711594631
lunit,breakhis,blur,blur_s1.0,knn,k=1,0.6032467709823257
lunit,breakhis,blur,blur_s2.0,knn,k=1,0.7815627223655744
lunit,breakhis,blur,blur_s3.0,knn,k=1,0.969681374839178
lunit,breakhis,far,far_lung,knn,k=10,0.9996081012553036
lunit,breakhis,blur,blur_s1.0,knn,k=10,0.6005502806747695
lunit,breakhis,blur,blur_s2.0,knn,k=10,0.7733976381631437
lunit,breakhis,blur,blur_s3.0,knn,k=10,0.9634370979450726
lunit,breakhis,far,far_lung,knn,k=50,0.9993308446976099
lunit,breakhis,blur,blur_s1.0,knn,k=50,0.5962141609585349
lunit,breakhis,blur,blur_s2.0,knn,k=50,0.7598973614415399
lunit,breakhis,blur,blur_s3.0,knn,k=50,0.9564939013433575
lunit,breakhis,far,far_lung,knn,k=200,0.9989432898908066
lunit,breakhis,blur,blur_s1.0,knn,k=200,0.5885858447915244
lunit,breakhis,blur,blur_s2.0,knn,k=200,0.7460517936591221
lunit,breakhis,blur,blur_s3.0,knn,k=200,0.9496038927901445
lunit,breakhis,far,far_lung,maha,covariance=ledoit_wolf,0.9996702384538604
lunit,breakhis,blur,blur_s1.0,maha,covariance=ledoit_wolf,0.8237330822474107
lunit,breakhis,blur,blur_s2.0,maha,covariance=ledoit_wolf,0.9849178819656579
lunit,breakhis,blur,blur_s3.0,maha,covariance=ledoit_wolf,0.9997090469995472
lunit,breakhis,far,far_lung,maha,covariance=empirical,0.9996989462173272
lunit,breakhis,blur,blur_s1.0,maha,covariance=empirical,0.8442021433346032
lunit,breakhis,blur,blur_s2.0,maha,covariance=empirical,0.9910715954258278
lunit,breakhis,blur,blur_s3.0,maha,covariance=empirical,0.999769135119206
lunit,pcam,far,far_nct,maha,normalise=False,0.9980795262267343
lunit,pcam,blur,blur_s1.0,maha,normalise=False,0.9326509314849648
lunit,pcam,blur,blur_s2.0,maha,normalise=False,0.9841298088072354
lunit,pcam,blur,blur_s3.0,maha,normalise=False,0.9912085469865237
lunit,pcam,far,far_nct,maha,normalise=True,0.9963377749576988
lunit,pcam,blur,blur_s1.0,maha,normalise=True,0.923599390605272
lunit,pcam,blur,blur_s2.0,maha,normalise=True,0.9826031010848
lunit,pcam,blur,blur_s3.0,maha,normalise=True,0.9901702085856373
lunit,pcam,far,far_nct,knn,normalise=False,0.9949806119571348
lunit,pcam,blur,blur_s1.0,knn,normalise=False,0.7012955274549718
lunit,pcam,blur,blur_s2.0,knn,normalise=False,0.9232293894457471
lunit,pcam,blur,blur_s3.0,knn,normalise=False,0.9837887957690227
lunit,pcam,far,far_nct,knn,normalise=True,0.9919268189509307
lunit,pcam,blur,blur_s1.0,knn,normalise=True,0.6860880369244248
lunit,pcam,blur,blur_s2.0,knn,normalise=True,0.9057290190419748
lunit,pcam,blur,blur_s3.0,knn,normalise=True,0.980044496766214
lunit,pcam,far,far_nct,knn,k=1,0.9921432600112804
lunit,pcam,blur,blur_s1.0,knn,k=1,0.7136488958746683
lunit,pcam,blur,blur_s2.0,knn,k=1,0.9427734224020201
lunit,pcam,blur,blur_s3.0,knn,k=1,0.9962440252261073
lunit,pcam,far,far_nct,knn,k=10,0.9965535109983079
lunit,pcam,blur,blur_s1.0,knn,k=10,0.6959649340359195
lunit,pcam,blur,blur_s2.0,knn,k=10,0.9229411186838103
lunit,pcam,blur,blur_s3.0,knn,k=10,0.9914682322399443
lunit,pcam,far,far_nct,knn,k=50,0.9919268189509307
lunit,pcam,blur,blur_s1.0,knn,k=50,0.6860880369244248
lunit,pcam,blur,blur_s2.0,knn,k=50,0.9057290190419748
lunit,pcam,blur,blur_s3.0,knn,k=50,0.980044496766214
lunit,pcam,far,far_nct,knn,k=200,0.9892047377326565
lunit,pcam,blur,blur_s1.0,knn,k=200,0.6851145191836945
lunit,pcam,blur,blur_s2.0,knn,k=200,0.8995090539565564
lunit,pcam,blur,blur_s3.0,knn,k=200,0.9740592549408642
lunit,pcam,far,far_nct,maha,covariance=ledoit_wolf,0.9980795262267343
lunit,pcam,blur,blur_s1.0,maha,covariance=ledoit_wolf,0.9326509314849648
lunit,pcam,blur,blur_s2.0,maha,covariance=ledoit_wolf,0.9841298088072354
lunit,pcam,blur,blur_s3.0,maha,covariance=ledoit_wolf,0.9912085469865237
lunit,pcam,far,far_nct,maha,covariance=empirical,0.9977781302876481
lunit,pcam,blur,blur_s1.0,maha,covariance=empirical,0.9389184048803111
lunit,pcam,blur,blur_s2.0,maha,covariance=empirical,0.9845187327681724
lunit,pcam,blur,blur_s3.0,maha,covariance=empirical,0.9909549009250431
lunit,sicap,far,far_nct,maha,normalise=False,1.0
lunit,sicap,far,far_nct,maha,normalise=True,1.0
lunit,sicap,far,far_nct,knn,normalise=False,1.0
lunit,sicap,far,far_nct,knn,normalise=True,1.0
lunit,sicap,far,far_nct,knn,k=1,1.0
lunit,sicap,far,far_nct,knn,k=10,1.0
lunit,sicap,far,far_nct,knn,k=50,1.0
lunit,sicap,far,far_nct,knn,k=200,1.0
lunit,sicap,far,far_nct,maha,covariance=ledoit_wolf,1.0
lunit,sicap,far,far_nct,maha,covariance=empirical,1.0
lunit,panda,far,far_nct,maha,normalise=False,1.0
lunit,panda,far,far_nct,maha,normalise=True,1.0
lunit,panda,far,far_nct,knn,normalise=False,0.9999973357205277
lunit,panda,far,far_nct,knn,normalise=True,0.9999982948611377
lunit,panda,far,far_nct,knn,k=1,0.9999633395144617
lunit,panda,far,far_nct,knn,k=10,0.9999836946096298
lunit,panda,far,far_nct,knn,k=50,0.9999982948611377
lunit,panda,far,far_nct,knn,k=200,0.9995694524372829
lunit,panda,far,far_nct,maha,covariance=ledoit_wolf,1.0
lunit,panda,far,far_nct,maha,covariance=empirical,1.0
ctranspath,nct,far,far_breakhis,maha,normalise=False,0.9994241882633303
ctranspath,nct,blur,blur_s1.0,maha,normalise=False,0.7251586419753087
ctranspath,nct,blur,blur_s2.0,maha,normalise=False,0.9572311728395062
ctranspath,nct,blur,blur_s3.0,maha,normalise=False,0.9983055555555556
ctranspath,nct,far,far_breakhis,maha,normalise=True,0.9996038129282097
ctranspath,nct,blur,blur_s1.0,maha,normalise=True,0.7207228395061728
ctranspath,nct,blur,blur_s2.0,maha,normalise=True,0.9412845679012345
ctranspath,nct,blur,blur_s3.0,maha,normalise=True,0.9987882716049383
ctranspath,nct,far,far_breakhis,knn,normalise=False,0.992162347333929
ctranspath,nct,blur,blur_s1.0,knn,normalise=False,0.5565104938271606
ctranspath,nct,blur,blur_s2.0,knn,normalise=False,0.6389070987654322
ctranspath,nct,blur,blur_s3.0,knn,normalise=False,0.7900487654320988
ctranspath,nct,far,far_breakhis,knn,normalise=True,0.9964003574620197
ctranspath,nct,blur,blur_s1.0,knn,normalise=True,0.557229012345679
ctranspath,nct,blur,blur_s2.0,knn,normalise=True,0.6685123456790123
ctranspath,nct,blur,blur_s3.0,knn,normalise=True,0.8333006172839506
ctranspath,nct,far,far_breakhis,knn,k=1,0.9997152219243371
ctranspath,nct,blur,blur_s1.0,knn,k=1,0.6071555555555556
ctranspath,nct,blur,blur_s2.0,knn,k=1,0.7963074074074075
ctranspath,nct,blur,blur_s3.0,knn,k=1,0.9515790123456791
ctranspath,nct,far,far_breakhis,knn,k=10,0.9992934167411379
ctranspath,nct,blur,blur_s1.0,knn,k=10,0.5734842592592593
ctranspath,nct,blur,blur_s2.0,knn,k=10,0.7218376543209876
ctranspath,nct,blur,blur_s3.0,knn,k=10,0.8928629629629631
ctranspath,nct,far,far_breakhis,knn,k=50,0.9964003574620197
ctranspath,nct,blur,blur_s1.0,knn,k=50,0.557229012345679
ctranspath,nct,blur,blur_s2.0,knn,k=50,0.6685123456790123
ctranspath,nct,blur,blur_s3.0,knn,k=50,0.8333006172839506
ctranspath,nct,far,far_breakhis,knn,k=200,0.9908120345546619
ctranspath,nct,blur,blur_s1.0,knn,k=200,0.553383024691358
ctranspath,nct,blur,blur_s2.0,knn,k=200,0.6357623456790122
ctranspath,nct,blur,blur_s3.0,knn,k=200,0.7833672839506173
ctranspath,nct,far,far_breakhis,maha,covariance=ledoit_wolf,0.9994241882633303
ctranspath,nct,blur,blur_s1.0,maha,covariance=ledoit_wolf,0.7251586419753087
ctranspath,nct,blur,blur_s2.0,maha,covariance=ledoit_wolf,0.9572311728395062
ctranspath,nct,blur,blur_s3.0,maha,covariance=ledoit_wolf,0.9983055555555556
ctranspath,nct,far,far_breakhis,maha,covariance=empirical,0.9994921060470658
ctranspath,nct,blur,blur_s1.0,maha,covariance=empirical,0.7308972222222223
ctranspath,nct,blur,blur_s2.0,maha,covariance=empirical,0.9623898148148148
ctranspath,nct,blur,blur_s3.0,maha,covariance=empirical,0.9987648148148148
ctranspath,lung,far,far_nct,maha,normalise=False,1.0
ctranspath,lung,blur,blur_s1.0,maha,normalise=False,0.822007808761401
ctranspath,lung,blur,blur_s2.0,maha,normalise=False,0.9976007209003661
ctranspath,lung,blur,blur_s3.0,maha,normalise=False,1.0
ctranspath,lung,far,far_nct,maha,normalise=True,1.0
ctranspath,lung,blur,blur_s1.0,maha,normalise=True,0.8029715179590469
ctranspath,lung,blur,blur_s2.0,maha,normalise=True,0.9955969791763469
ctranspath,lung,blur,blur_s3.0,maha,normalise=True,0.999999875929305
ctranspath,lung,far,far_nct,knn,normalise=False,1.0
ctranspath,lung,blur,blur_s1.0,knn,normalise=False,0.5512536661339484
ctranspath,lung,blur,blur_s2.0,knn,normalise=False,0.666710504978895
ctranspath,lung,blur,blur_s3.0,knn,normalise=False,0.8551298455654839
ctranspath,lung,far,far_nct,knn,normalise=True,1.0
ctranspath,lung,blur,blur_s1.0,knn,normalise=True,0.5544945167576705
ctranspath,lung,blur,blur_s2.0,knn,normalise=True,0.669820088807322
ctranspath,lung,blur,blur_s3.0,knn,normalise=True,0.8717362118065425
ctranspath,lung,far,far_nct,knn,k=1,1.0
ctranspath,lung,blur,blur_s1.0,knn,k=1,0.7301390423057496
ctranspath,lung,blur,blur_s2.0,knn,k=1,0.9699856859639195
ctranspath,lung,blur,blur_s3.0,knn,k=1,0.9996501206401402
ctranspath,lung,far,far_nct,knn,k=10,1.0
ctranspath,lung,blur,blur_s1.0,knn,k=10,0.579929381441828
ctranspath,lung,blur,blur_s2.0,knn,k=10,0.7869927012932261
ctranspath,lung,blur,blur_s3.0,knn,k=10,0.9751946700222001
ctranspath,lung,far,far_nct,knn,k=50,1.0
ctranspath,lung,blur,blur_s1.0,knn,k=50,0.5544945167576705
ctranspath,lung,blur,blur_s2.0,knn,k=50,0.669820088807322
ctranspath,lung,blur,blur_s3.0,knn,k=50,0.8717362118065425
ctranspath,lung,far,far_nct,knn,k=200,0.9999982388164848
ctranspath,lung,blur,blur_s1.0,knn,k=200,0.5465131730199341
ctranspath,lung,blur,blur_s2.0,knn,k=200,0.6316819978756616
ctranspath,lung,blur,blur_s3.0,knn,k=200,0.807011383858477
ctranspath,lung,far,far_nct,maha,covariance=ledoit_wolf,1.0
ctranspath,lung,blur,blur_s1.0,maha,covariance=ledoit_wolf,0.822007808761401
ctranspath,lung,blur,blur_s2.0,maha,covariance=ledoit_wolf,0.9976007209003661
ctranspath,lung,blur,blur_s3.0,maha,covariance=ledoit_wolf,1.0
ctranspath,lung,far,far_nct,maha,covariance=empirical,1.0
ctranspath,lung,blur,blur_s1.0,maha,covariance=empirical,0.8323420291588466
ctranspath,lung,blur,blur_s2.0,maha,covariance=empirical,0.9986380759811417
ctranspath,lung,blur,blur_s3.0,maha,covariance=empirical,1.0
ctranspath,lc_colon,far,far_breakhis,maha,normalise=False,1.0
ctranspath,lc_colon,blur,blur_s1.0,maha,normalise=False,0.6834893669787339
ctranspath,lc_colon,blur,blur_s2.0,maha,normalise=False,0.9568192558607338
ctranspath,lc_colon,blur,blur_s3.0,maha,normalise=False,0.9999980711072534
ctranspath,lc_colon,far,far_breakhis,maha,normalise=True,1.0
ctranspath,lc_colon,blur,blur_s1.0,maha,normalise=True,0.6711822045866314
ctranspath,lc_colon,blur,blur_s2.0,maha,normalise=True,0.9407648059740564
ctranspath,lc_colon,blur,blur_s3.0,maha,normalise=True,0.9999291820805865
ctranspath,lc_colon,far,far_breakhis,knn,normalise=False,1.0
ctranspath,lc_colon,blur,blur_s1.0,knn,normalise=False,0.5239357678715357
ctranspath,lc_colon,blur,blur_s2.0,knn,normalise=False,0.5878047133872046
ctranspath,lc_colon,blur,blur_s3.0,knn,normalise=False,0.8498527841500128
ctranspath,lc_colon,far,far_breakhis,knn,normalise=True,1.0
ctranspath,lc_colon,blur,blur_s1.0,knn,normalise=True,0.5203243295375479
ctranspath,lc_colon,blur,blur_s2.0,knn,normalise=True,0.5800307245058934
ctranspath,lc_colon,blur,blur_s3.0,knn,normalise=True,0.8452733172133011
ctranspath,lc_colon,far,far_breakhis,knn,k=1,1.0
ctranspath,lc_colon,blur,blur_s1.0,knn,k=1,0.6695514635473715
ctranspath,lc_colon,blur,blur_s2.0,knn,k=1,0.920721681443363
ctranspath,lc_colon,blur,blur_s3.0,knn,k=1,0.9999727199454399
ctranspath,lc_colon,far,far_breakhis,knn,k=10,1.0
ctranspath,lc_colon,blur,blur_s1.0,knn,k=10,0.5540427525299495
ctranspath,lc_colon,blur,blur_s2.0,knn,k=10,0.7046721915666054
ctranspath,lc_colon,blur,blur_s3.0,knn,k=10,0.9791393005008232
ctranspath,lc_colon,far,far_breakhis,knn,k=50,1.0
ctranspath,lc_colon,blur,blur_s1.0,knn,k=50,0.5203243295375479
ctranspath,lc_colon,blur,blur_s2.0,knn,k=50,0.5800307245058934
ctranspath,lc_colon,blur,blur_s3.0,knn,k=50,0.8452733172133011
ctranspath,lc_colon,far,far_breakhis,knn,k=200,0.9998967019203029
ctranspath,lc_colon,blur,blur_s1.0,knn,k=200,0.5171336653784419
ctranspath,lc_colon,blur,blur_s2.0,knn,k=200,0.5593378386756773
ctranspath,lc_colon,blur,blur_s3.0,knn,k=200,0.7798780664227996
ctranspath,lc_colon,far,far_breakhis,maha,covariance=ledoit_wolf,1.0
ctranspath,lc_colon,blur,blur_s1.0,maha,covariance=ledoit_wolf,0.6834893669787339
ctranspath,lc_colon,blur,blur_s2.0,maha,covariance=ledoit_wolf,0.9568192558607338
ctranspath,lc_colon,blur,blur_s3.0,maha,covariance=ledoit_wolf,0.9999980711072534
ctranspath,lc_colon,far,far_breakhis,maha,covariance=empirical,1.0
ctranspath,lc_colon,blur,blur_s1.0,maha,covariance=empirical,0.6979472447833783
ctranspath,lc_colon,blur,blur_s2.0,maha,covariance=empirical,0.9701258602517205
ctranspath,lc_colon,blur,blur_s3.0,maha,covariance=empirical,0.9999997244438933
ctranspath,breakhis,far,far_lung,maha,normalise=False,0.9964396707295077
ctranspath,breakhis,blur,blur_s1.0,maha,normalise=False,0.6426381272056868
ctranspath,breakhis,blur,blur_s2.0,maha,normalise=False,0.9089963990253649
ctranspath,breakhis,blur,blur_s3.0,maha,normalise=False,0.9968564425820641
ctranspath,breakhis,far,far_lung,maha,normalise=True,0.9974389653117672
ctranspath,breakhis,blur,blur_s1.0,maha,normalise=True,0.6329326021174594
ctranspath,breakhis,blur,blur_s2.0,maha,normalise=True,0.8973096910061885
ctranspath,breakhis,blur,blur_s3.0,maha,normalise=True,0.9974116108072365
ctranspath,breakhis,far,far_lung,knn,normalise=False,0.9951261016840314
ctranspath,breakhis,blur,blur_s1.0,knn,normalise=False,0.5440585356036485
ctranspath,breakhis,blur,blur_s2.0,knn,normalise=False,0.6460490623809557
ctranspath,breakhis,blur,blur_s3.0,knn,normalise=False,0.9565189141013016
ctranspath,breakhis,far,far_lung,knn,normalise=True,0.9983655461510349
ctranspath,breakhis,blur,blur_s1.0,knn,normalise=True,0.5375629811182427
ctranspath,breakhis,blur,blur_s2.0,knn,normalise=True,0.6366730156904743
ctranspath,breakhis,blur,blur_s3.0,knn,normalise=True,0.9685368255360134
ctranspath,breakhis,far,far_lung,knn,k=1,0.993551896364974
ctranspath,breakhis,blur,blur_s1.0,knn,k=1,0.537274328141509
ctranspath,breakhis,blur,blur_s2.0,knn,k=1,0.6468908710621079
ctranspath,breakhis,blur,blur_s3.0,knn,k=1,0.9704047322988019
ctranspath,breakhis,far,far_lung,knn,k=10,0.9973137465803292
ctranspath,breakhis,blur,blur_s1.0,knn,k=10,0.536583171013951
ctranspath,breakhis,blur,blur_s2.0,knn,k=10,0.6437591012657318
ctranspath,breakhis,blur,blur_s3.0,knn,k=10,0.9712057155589418
ctranspath,breakhis,far,far_lung,knn,k=50,0.9983655461510349
ctranspath,breakhis,blur,blur_s1.0,knn,k=50,0.5375629811182427
ctranspath,breakhis,blur,blur_s2.0,knn,k=50,0.6366730156904743
ctranspath,breakhis,blur,blur_s3.0,knn,k=50,0.9685368255360134
ctranspath,breakhis,far,far_lung,knn,k=200,0.998758011496326
ctranspath,breakhis,blur,blur_s1.0,knn,k=200,0.5392641361614041
ctranspath,breakhis,blur,blur_s2.0,knn,k=200,0.631290672685062
ctranspath,breakhis,blur,blur_s3.0,knn,k=200,0.9642285936073716
ctranspath,breakhis,far,far_lung,maha,covariance=ledoit_wolf,0.9964396707295077
ctranspath,breakhis,blur,blur_s1.0,maha,covariance=ledoit_wolf,0.6426381272056868
ctranspath,breakhis,blur,blur_s2.0,maha,covariance=ledoit_wolf,0.9089963990253649
ctranspath,breakhis,blur,blur_s3.0,maha,covariance=ledoit_wolf,0.9968564425820641
ctranspath,breakhis,far,far_lung,maha,covariance=empirical,0.9964326826555059
ctranspath,breakhis,blur,blur_s1.0,maha,covariance=empirical,0.6469475091461881
ctranspath,breakhis,blur,blur_s2.0,maha,covariance=empirical,0.9180567674604144
ctranspath,breakhis,blur,blur_s3.0,maha,covariance=empirical,0.9973495101668236
ctranspath,pcam,far,far_nct,maha,normalise=False,0.9917738296672307
ctranspath,pcam,blur,blur_s1.0,maha,normalise=False,0.8943435317838646
ctranspath,pcam,blur,blur_s2.0,maha,normalise=False,0.9858107172305394
ctranspath,pcam,blur,blur_s3.0,maha,normalise=False,0.9903775541755778
ctranspath,pcam,far,far_nct,maha,normalise=True,0.9900028200789622
ctranspath,pcam,blur,blur_s1.0,maha,normalise=True,0.8714537864928239
ctranspath,pcam,blur,blur_s2.0,maha,normalise=True,0.9840657933726713
ctranspath,pcam,blur,blur_s3.0,maha,normalise=True,0.9894599996134917
ctranspath,pcam,far,far_nct,knn,normalise=False,0.987600817822899
ctranspath,pcam,blur,blur_s1.0,knn,normalise=False,0.7241035423484243
ctranspath,pcam,blur,blur_s2.0,knn,normalise=False,0.9036281854724421
ctranspath,pcam,blur,blur_s3.0,knn,normalise=False,0.9834960962663299
ctranspath,pcam,far,far_nct,knn,normalise=True,0.9902227862380147
ctranspath,pcam,blur,blur_s1.0,knn,normalise=True,0.7378012348939679
ctranspath,pcam,blur,blur_s2.0,knn,normalise=True,0.9237254084104203
ctranspath,pcam,blur,blur_s3.0,knn,normalise=True,0.9851673419825298
ctranspath,pcam,far,far_nct,knn,k=1,0.9827939932318105
ctranspath,pcam,blur,blur_s1.0,knn,k=1,0.7338580451699348
ctranspath,pcam,blur,blur_s2.0,knn,k=1,0.9186963719755725
ctranspath,pcam,blur,blur_s3.0,knn,k=1,0.989991448504213
ctranspath,pcam,far,far_nct,knn,k=10,0.9908611816130852
ctranspath,pcam,blur,blur_s1.0,knn,k=10,0.7376502550954676
ctranspath,pcam,blur,blur_s2.0,knn,k=10,0.923235831250483
ctranspath,pcam,blur,blur_s3.0,knn,k=10,0.9883556327140612
ctranspath,pcam,far,far_nct,knn,k=50,0.9902227862380147
ctranspath,pcam,blur,blur_s1.0,knn,k=50,0.7378012348939679
ctranspath,pcam,blur,blur_s2.0,knn,k=50,0.9237254084104203
ctranspath,pcam,blur,blur_s3.0,knn,k=50,0.9851673419825298
ctranspath,pcam,far,far_nct,knn,k=200,0.9891088550479413
ctranspath,pcam,blur,blur_s1.0,knn,k=200,0.7413667738153521
ctranspath,pcam,blur,blur_s2.0,knn,k=200,0.9265042419284187
ctranspath,pcam,blur,blur_s3.0,knn,k=200,0.9846113337112525
ctranspath,pcam,far,far_nct,maha,covariance=ledoit_wolf,0.9917738296672307
ctranspath,pcam,blur,blur_s1.0,maha,covariance=ledoit_wolf,0.8943435317838646
ctranspath,pcam,blur,blur_s2.0,maha,covariance=ledoit_wolf,0.9858107172305394
ctranspath,pcam,blur,blur_s3.0,maha,covariance=ledoit_wolf,0.9903775541755778
ctranspath,pcam,far,far_nct,maha,covariance=empirical,0.9916575014100395
ctranspath,pcam,blur,blur_s1.0,maha,covariance=empirical,0.8952844378881188
ctranspath,pcam,blur,blur_s2.0,maha,covariance=empirical,0.9860426222010358
ctranspath,pcam,blur,blur_s3.0,maha,covariance=empirical,0.990449621866062
ctranspath,sicap,far,far_nct,maha,normalise=False,1.0
ctranspath,sicap,far,far_nct,maha,normalise=True,1.0
ctranspath,sicap,far,far_nct,knn,normalise=False,0.9996408254659889
ctranspath,sicap,far,far_nct,knn,normalise=True,0.999986080852094
ctranspath,sicap,far,far_nct,knn,k=1,0.9999948559670782
ctranspath,sicap,far,far_nct,knn,k=10,0.9999942507867344
ctranspath,sicap,far,far_nct,knn,k=50,0.999986080852094
ctranspath,sicap,far,far_nct,knn,k=200,0.9999543088840475
ctranspath,sicap,far,far_nct,maha,covariance=ledoit_wolf,1.0
ctranspath,sicap,far,far_nct,maha,covariance=empirical,1.0
ctranspath,panda,far,far_nct,maha,normalise=False,0.9999486326917748
ctranspath,panda,far,far_nct,maha,normalise=True,0.9999929663021931
ctranspath,panda,far,far_nct,knn,normalise=False,0.9988962423002323
ctranspath,panda,far,far_nct,knn,normalise=True,0.9991694908029073
ctranspath,panda,far,far_nct,knn,k=1,0.9995967346590787
ctranspath,panda,far,far_nct,knn,k=10,0.9995648698765905
ctranspath,panda,far,far_nct,knn,k=50,0.9991694908029073
ctranspath,panda,far,far_nct,knn,k=200,0.997275934096383
ctranspath,panda,far,far_nct,maha,covariance=ledoit_wolf,0.9999486326917748
ctranspath,panda,far,far_nct,maha,covariance=empirical,0.9999568386725494
conch,nct,far,far_breakhis,maha,normalise=False,0.9970482573726541
conch,nct,blur,blur_s1.0,maha,normalise=False,0.7335049382716049
conch,nct,blur,blur_s2.0,maha,normalise=False,0.9519499999999999
conch,nct,blur,blur_s3.0,maha,normalise=False,0.9760262345679013
conch,nct,far,far_breakhis,maha,normalise=True,0.9970479594876378
conch,nct,blur,blur_s1.0,maha,normalise=True,0.733341049382716
conch,nct,blur,blur_s2.0,maha,normalise=True,0.9519274691358025
conch,nct,blur,blur_s3.0,maha,normalise=True,0.9760123456790124
conch,nct,far,far_breakhis,knn,normalise=False,0.9973616324098897
conch,nct,blur,blur_s1.0,knn,normalise=False,0.6485623456790124
conch,nct,blur,blur_s2.0,knn,normalise=False,0.8143845679012347
conch,nct,blur,blur_s3.0,knn,normalise=False,0.9018805555555555
conch,nct,far,far_breakhis,knn,normalise=True,0.9973583556747095
conch,nct,blur,blur_s1.0,knn,normalise=True,0.6483842592592594
conch,nct,blur,blur_s2.0,knn,normalise=True,0.8142663580246913
conch,nct,blur,blur_s3.0,knn,normalise=True,0.901829012345679
conch,nct,far,far_breakhis,knn,k=1,0.9996321120047662
conch,nct,blur,blur_s1.0,knn,k=1,0.7775564814814815
conch,nct,blur,blur_s2.0,knn,k=1,0.9055851851851852
conch,nct,blur,blur_s3.0,knn,k=1,0.9338774691358025
conch,nct,far,far_breakhis,knn,k=10,0.9989320822162645
conch,nct,blur,blur_s1.0,knn,k=10,0.6990570987654322
conch,nct,blur,blur_s2.0,knn,k=10,0.8623216049382716
conch,nct,blur,blur_s3.0,knn,k=10,0.921561111111111
conch,nct,far,far_breakhis,knn,k=50,0.9973583556747095
conch,nct,blur,blur_s1.0,knn,k=50,0.6483842592592594
conch,nct,blur,blur_s2.0,knn,k=50,0.8142663580246913
conch,nct,blur,blur_s3.0,knn,k=50,0.901829012345679
conch,nct,far,far_breakhis,knn,k=200,0.9947956508787609
conch,nct,blur,blur_s1.0,knn,k=200,0.6030086419753087
conch,nct,blur,blur_s2.0,knn,k=200,0.7469166666666667
conch,nct,blur,blur_s3.0,knn,k=200,0.857558024691358
conch,nct,far,far_breakhis,maha,covariance=ledoit_wolf,0.9970482573726541
conch,nct,blur,blur_s1.0,maha,covariance=ledoit_wolf,0.7335049382716049
conch,nct,blur,blur_s2.0,maha,covariance=ledoit_wolf,0.9519499999999999
conch,nct,blur,blur_s3.0,maha,covariance=ledoit_wolf,0.9760262345679013
conch,nct,far,far_breakhis,maha,covariance=empirical,0.99655436401549
conch,nct,blur,blur_s1.0,maha,covariance=empirical,0.7366070987654321
conch,nct,blur,blur_s2.0,maha,covariance=empirical,0.9499055555555556
conch,nct,blur,blur_s3.0,maha,covariance=empirical,0.9708373456790125
conch,lung,far,far_nct,maha,normalise=False,1.0
conch,lung,blur,blur_s1.0,maha,normalise=False,0.9864827459226958
conch,lung,blur,blur_s2.0,maha,normalise=False,0.999999875929305
conch,lung,blur,blur_s3.0,maha,normalise=False,1.0
conch,lung,far,far_nct,maha,normalise=True,1.0
conch,lung,blur,blur_s1.0,maha,normalise=True,0.9864337379981764
conch,lung,blur,blur_s2.0,maha,normalise=True,0.999999875929305
conch,lung,blur,blur_s3.0,maha,normalise=True,1.0
conch,lung,far,far_nct,knn,normalise=False,0.9999796485460452
conch,lung,blur,blur_s1.0,knn,normalise=False,0.7348809001974089
conch,lung,blur,blur_s2.0,knn,normalise=False,0.9812441089683137
conch,lung,blur,blur_s3.0,knn,normalise=False,0.9993954035033346
conch,lung,far,far_nct,knn,normalise=True,0.9999798442331024
conch,lung,blur,blur_s1.0,knn,normalise=True,0.7347696087840068
conch,lung,blur,blur_s2.0,knn,normalise=True,0.9812299649090853
conch,lung,blur,blur_s3.0,knn,normalise=True,0.9993936665136048
conch,lung,far,far_nct,knn,k=1,1.0
conch,lung,blur,blur_s1.0,knn,k=1,0.9973210655538683
conch,lung,blur,blur_s2.0,knn,k=1,1.0
conch,lung,blur,blur_s3.0,knn,k=1,1.0
conch,lung,far,far_nct,knn,k=10,0.9999904113341943
conch,lung,blur,blur_s1.0,knn,k=10,0.9269837756474288
conch,lung,blur,blur_s2.0,knn,k=10,0.9988385742242387
conch,lung,blur,blur_s3.0,knn,k=10,0.9998745645273694
conch,lung,far,far_nct,knn,k=50,0.9999798442331024
conch,lung,blur,blur_s1.0,knn,k=50,0.7347696087840068
conch,lung,blur,blur_s2.0,knn,k=50,0.9812299649090853
conch,lung,blur,blur_s3.0,knn,k=50,0.9993936665136048
conch,lung,far,far_nct,knn,k=200,0.9998902195608782
conch,lung,blur,blur_s1.0,knn,k=200,0.6802656006181698
conch,lung,blur,blur_s2.0,knn,k=200,0.9475140016881058
conch,lung,blur,blur_s3.0,knn,k=200,0.9950036731129249
conch,lung,far,far_nct,maha,covariance=ledoit_wolf,1.0
conch,lung,blur,blur_s1.0,maha,covariance=ledoit_wolf,0.9864827459226958
conch,lung,blur,blur_s2.0,maha,covariance=ledoit_wolf,0.999999875929305
conch,lung,blur,blur_s3.0,maha,covariance=ledoit_wolf,1.0
conch,lung,far,far_nct,maha,covariance=empirical,1.0
conch,lung,blur,blur_s1.0,maha,covariance=empirical,0.9930503040910699
conch,lung,blur,blur_s2.0,maha,covariance=empirical,1.0
conch,lung,blur,blur_s3.0,maha,covariance=empirical,1.0
conch,lc_colon,far,far_breakhis,maha,normalise=False,1.0
conch,lc_colon,blur,blur_s1.0,maha,normalise=False,0.9993259897630906
conch,lc_colon,blur,blur_s2.0,maha,normalise=False,1.0
conch,lc_colon,blur,blur_s3.0,maha,normalise=False,1.0
conch,lc_colon,far,far_breakhis,maha,normalise=True,1.0
conch,lc_colon,blur,blur_s1.0,maha,normalise=True,0.9993185497482107
conch,lc_colon,blur,blur_s2.0,maha,normalise=True,1.0
conch,lc_colon,blur,blur_s3.0,maha,normalise=True,1.0
conch,lc_colon,far,far_breakhis,knn,normalise=False,0.9999839564290389
conch,lc_colon,blur,blur_s1.0,knn,normalise=False,0.9564177706133189
conch,lc_colon,blur,blur_s2.0,knn,normalise=False,0.9948567452690461
conch,lc_colon,blur,blur_s3.0,knn,normalise=False,0.9997497950551457
conch,lc_colon,far,far_breakhis,knn,normalise=True,0.9999836749628817
conch,lc_colon,blur,blur_s1.0,knn,normalise=True,0.9562325969096384
conch,lc_colon,blur,blur_s2.0,knn,normalise=True,0.994822025199606
conch,lc_colon,blur,blur_s3.0,knn,normalise=True,0.9997459372696523
conch,lc_colon,far,far_breakhis,knn,k=1,1.0
conch,lc_colon,blur,blur_s1.0,knn,k=1,0.9999738221698665
conch,lc_colon,blur,blur_s2.0,knn,k=1,1.0
conch,lc_colon,blur,blur_s3.0,knn,k=1,1.0
conch,lc_colon,far,far_breakhis,knn,k=10,0.9999991556015283
conch,lc_colon,blur,blur_s1.0,knn,k=10,0.9973833192110828
conch,lc_colon,blur,blur_s2.0,knn,k=10,0.9998567108245328
conch,lc_colon,blur,blur_s3.0,knn,k=10,1.0
conch,lc_colon,far,far_breakhis,knn,k=50,0.9999836749628817
conch,lc_colon,blur,blur_s1.0,knn,k=50,0.9562325969096384
conch,lc_colon,blur,blur_s2.0,knn,k=50,0.994822025199606
conch,lc_colon,blur,blur_s3.0,knn,k=50,0.9997459372696523
conch,lc_colon,far,far_breakhis,knn,k=200,0.9995735787718224
conch,lc_colon,blur,blur_s1.0,knn,k=200,0.9262333546889316
conch,lc_colon,blur,blur_s2.0,knn,k=200,0.9722605934100756
conch,lc_colon,blur,blur_s3.0,knn,k=200,0.9948523363713394
conch,lc_colon,far,far_breakhis,maha,covariance=ledoit_wolf,1.0
conch,lc_colon,blur,blur_s1.0,maha,covariance=ledoit_wolf,0.9993259897630906
conch,lc_colon,blur,blur_s2.0,maha,covariance=ledoit_wolf,1.0
conch,lc_colon,blur,blur_s3.0,maha,covariance=ledoit_wolf,1.0
conch,lc_colon,far,far_breakhis,maha,covariance=empirical,1.0
conch,lc_colon,blur,blur_s1.0,maha,covariance=empirical,0.9995726124785583
conch,lc_colon,blur,blur_s2.0,maha,covariance=empirical,1.0
conch,lc_colon,blur,blur_s3.0,maha,covariance=empirical,1.0
conch,breakhis,far,far_lung,maha,normalise=False,0.9656356739289123
conch,breakhis,blur,blur_s1.0,maha,normalise=False,0.6510895643611325
conch,breakhis,blur,blur_s2.0,maha,normalise=False,0.9612897383004261
conch,breakhis,blur,blur_s3.0,maha,normalise=False,0.9998165731084102
conch,breakhis,far,far_lung,maha,normalise=True,0.9655667375232188
conch,breakhis,blur,blur_s1.0,maha,normalise=True,0.6510935894026407
conch,breakhis,blur,blur_s2.0,maha,normalise=True,0.9616821798474797
conch,breakhis,blur,blur_s3.0,maha,normalise=True,0.9998197356410238
conch,breakhis,far,far_lung,knn,normalise=False,0.9802564245424936
conch,breakhis,blur,blur_s1.0,knn,normalise=False,0.5975763500061095
conch,breakhis,blur,blur_s2.0,knn,normalise=False,0.8529264208037144
conch,breakhis,blur,blur_s3.0,knn,normalise=False,0.986212220313522
conch,breakhis,far,far_lung,knn,normalise=True,0.980218273435781
conch,breakhis,blur,blur_s1.0,knn,normalise=True,0.5975608248460063
conch,breakhis,blur,blur_s2.0,knn,normalise=True,0.8536589783582145
conch,breakhis,blur,blur_s3.0,knn,normalise=True,0.986454872815876
conch,breakhis,far,far_lung,knn,k=1,0.9775760259956353
conch,breakhis,blur,blur_s1.0,knn,k=1,0.6333736316655765
conch,breakhis,blur,blur_s2.0,knn,k=1,0.8888726289989866
conch,breakhis,blur,blur_s3.0,knn,k=1,0.987900437723264
conch,breakhis,far,far_lung,knn,k=10,0.9823668228910418
conch,breakhis,blur,blur_s1.0,knn,k=10,0.616477944928807
conch,breakhis,blur,blur_s2.0,knn,k=10,0.8815131281041334
conch,breakhis,blur,blur_s3.0,knn,k=10,0.9906593161741979
conch,breakhis,far,far_lung,knn,k=50,0.980218273435781
conch,breakhis,blur,blur_s1.0,knn,k=50,0.5975608248460063
conch,breakhis,blur,blur_s2.0,knn,k=50,0.8536589783582145
conch,breakhis,blur,blur_s3.0,knn,k=50,0.986454872815876
conch,breakhis,far,far_lung,knn,k=200,0.9778751911096589
conch,breakhis,blur,blur_s1.0,knn,k=200,0.5755504603641226
conch,breakhis,blur,blur_s2.0,knn,k=200,0.8175500434848233
conch,breakhis,blur,blur_s3.0,knn,k=200,0.9782498257013276
conch,breakhis,far,far_lung,maha,covariance=ledoit_wolf,0.9656356739289123
conch,breakhis,blur,blur_s1.0,maha,covariance=ledoit_wolf,0.6510895643611325
conch,breakhis,blur,blur_s2.0,maha,covariance=ledoit_wolf,0.9612897383004261
conch,breakhis,blur,blur_s3.0,maha,covariance=ledoit_wolf,0.9998165731084102
conch,breakhis,far,far_lung,maha,covariance=empirical,0.9640656236808829
conch,breakhis,blur,blur_s1.0,maha,covariance=empirical,0.6489764175693061
conch,breakhis,blur,blur_s2.0,maha,covariance=empirical,0.9573658978358214
conch,breakhis,blur,blur_s3.0,maha,covariance=empirical,0.999762235048049
conch,pcam,far,far_nct,maha,normalise=False,0.9952992808798646
conch,pcam,blur,blur_s1.0,maha,normalise=False,0.7402611990775335
conch,pcam,blur,blur_s2.0,maha,normalise=False,0.9768630504522148
conch,pcam,blur,blur_s3.0,maha,normalise=False,0.9993360914993944
conch,pcam,far,far_nct,maha,normalise=True,0.9952880005640158
conch,pcam,blur,blur_s1.0,maha,normalise=True,0.7399383036151408
conch,pcam,blur,blur_s2.0,maha,normalise=True,0.9768582190986627
conch,pcam,blur,blur_s3.0,maha,normalise=True,0.9993328705970264
conch,pcam,far,far_nct,knn,normalise=False,0.9389593908629441
conch,pcam,blur,blur_s1.0,knn,normalise=False,0.5896791820196347
conch,pcam,blur,blur_s2.0,knn,normalise=False,0.8348864792960397
conch,pcam,blur,blur_s3.0,knn,normalise=False,0.9634012890051277
conch,pcam,far,far_nct,knn,normalise=True,0.9387834884376763
conch,pcam,blur,blur_s1.0,knn,normalise=True,0.589429159473318
conch,pcam,blur,blur_s2.0,knn,normalise=True,0.8346561847767272
conch,pcam,blur,blur_s3.0,knn,normalise=True,0.9633268056378675
conch,pcam,far,far_nct,knn,k=1,0.9362253243090808
conch,pcam,blur,blur_s1.0,knn,k=1,0.6281919142466954
conch,pcam,blur,blur_s2.0,knn,k=1,0.9008404944729315
conch,pcam,blur,blur_s3.0,knn,k=1,0.98525792986163
conch,pcam,far,far_nct,knn,k=10,0.9348723914269599
conch,pcam,blur,blur_s1.0,knn,k=10,0.6088789810353269
conch,pcam,blur,blur_s2.0,knn,k=10,0.8784137538972918
conch,pcam,blur,blur_s3.0,knn,k=10,0.9803798732252826
conch,pcam,far,far_nct,knn,k=50,0.9387834884376763
conch,pcam,blur,blur_s1.0,knn,k=50,0.589429159473318
conch,pcam,blur,blur_s2.0,knn,k=50,0.8346561847767272
conch,pcam,blur,blur_s3.0,knn,k=50,0.9633268056378675
conch,pcam,far,far_nct,knn,k=200,0.9245706429780034
conch,pcam,blur,blur_s1.0,knn,k=200,0.5734373792161612
conch,pcam,blur,blur_s2.0,knn,k=200,0.7918608602386044
conch,pcam,blur,blur_s3.0,knn,k=200,0.9437103023783142
conch,pcam,far,far_nct,maha,covariance=ledoit_wolf,0.9952992808798646
conch,pcam,blur,blur_s1.0,maha,covariance=ledoit_wolf,0.7402611990775335
conch,pcam,blur,blur_s2.0,maha,covariance=ledoit_wolf,0.9768630504522148
conch,pcam,blur,blur_s3.0,maha,covariance=ledoit_wolf,0.9993360914993944
conch,pcam,far,far_nct,maha,covariance=empirical,0.9960666948674562
conch,pcam,blur,blur_s1.0,maha,covariance=empirical,0.7401303499188332
conch,pcam,blur,blur_s2.0,maha,covariance=empirical,0.977861127573501
conch,pcam,blur,blur_s3.0,maha,covariance=empirical,0.9994262767656987
conch,sicap,far,far_nct,maha,normalise=False,0.9999993948196563
conch,sicap,far,far_nct,maha,normalise=True,0.9999993948196563
conch,sicap,far,far_nct,knn,normalise=False,0.9999546114742194
conch,sicap,far,far_nct,knn,normalise=True,0.9999546114742193
conch,sicap,far,far_nct,knn,k=1,0.9999891067538127
conch,sicap,far,far_nct,knn,k=10,0.9999782135076253
conch,sicap,far,far_nct,knn,k=50,0.9999546114742193
conch,sicap,far,far_nct,knn,k=200,0.9999116436698136
conch,sicap,far,far_nct,maha,covariance=ledoit_wolf,0.9999993948196563
conch,sicap,far,far_nct,maha,covariance=empirical,0.9999996974098281
conch,panda,far,far_nct,maha,normalise=False,0.999376771745849
conch,panda,far,far_nct,maha,normalise=True,0.9993785834558901
conch,panda,far,far_nct,knn,normalise=False,0.9976835688556387
conch,panda,far,far_nct,knn,normalise=True,0.9976849542809643
conch,panda,far,far_nct,knn,k=1,0.9977636038109854
conch,panda,far,far_nct,knn,k=10,0.9979519150840847
conch,panda,far,far_nct,knn,k=50,0.9976849542809643
conch,panda,far,far_nct,knn,k=200,0.9970867702538525
conch,panda,far,far_nct,maha,covariance=ledoit_wolf,0.999376771745849
conch,panda,far,far_nct,maha,covariance=empirical,0.9994115139501674
hibou_b,nct,far,far_breakhis,maha,normalise=False,0.9999547214775096
hibou_b,nct,blur,blur_s1.0,maha,normalise=False,0.5948824074074074
hibou_b,nct,blur,blur_s2.0,maha,normalise=False,0.9635737654320987
hibou_b,nct,blur,blur_s3.0,maha,normalise=False,0.999966049382716
hibou_b,nct,far,far_breakhis,maha,normalise=True,0.999917783735478
hibou_b,nct,blur,blur_s1.0,maha,normalise=True,0.5926469135802469
hibou_b,nct,blur,blur_s2.0,maha,normalise=True,0.9606324074074073
hibou_b,nct,blur,blur_s3.0,maha,normalise=True,0.9999444444444444
hibou_b,nct,far,far_breakhis,knn,normalise=False,0.9921096216860291
hibou_b,nct,blur,blur_s1.0,knn,normalise=False,0.5089185185185185
hibou_b,nct,blur,blur_s2.0,knn,normalise=False,0.803758024691358
hibou_b,nct,blur,blur_s3.0,knn,normalise=False,0.993282098765432
hibou_b,nct,far,far_breakhis,knn,normalise=True,0.9897876079833184
hibou_b,nct,blur,blur_s1.0,knn,normalise=True,0.5082308641975308
hibou_b,nct,blur,blur_s2.0,knn,normalise=True,0.7981567901234569
hibou_b,nct,blur,blur_s3.0,knn,normalise=True,0.9922021604938271
hibou_b,nct,far,far_breakhis,knn,k=1,0.9999615728328866
hibou_b,nct,blur,blur_s1.0,knn,k=1,0.5424092592592593
hibou_b,nct,blur,blur_s2.0,knn,k=1,0.9141234567901235
hibou_b,nct,blur,blur_s3.0,knn,k=1,0.995688888888889
hibou_b,nct,far,far_breakhis,knn,k=10,0.9974843610366398
hibou_b,nct,blur,blur_s1.0,knn,k=10,0.5182993827160494
hibou_b,nct,blur,blur_s2.0,knn,k=10,0.8499354938271605
hibou_b,nct,blur,blur_s3.0,knn,k=10,0.9875759259259259
hibou_b,nct,far,far_breakhis,knn,k=50,0.9897876079833184
hibou_b,nct,blur,blur_s1.0,knn,k=50,0.5082308641975308
hibou_b,nct,blur,blur_s2.0,knn,k=50,0.7981567901234569
hibou_b,nct,blur,blur_s3.0,knn,k=50,0.9922021604938271
hibou_b,nct,far,far_breakhis,knn,k=200,0.9459702114983617
hibou_b,nct,blur,blur_s1.0,knn,k=200,0.49678518518518516
hibou_b,nct,blur,blur_s2.0,knn,k=200,0.7525098765432099
hibou_b,nct,blur,blur_s3.0,knn,k=200,0.9857370370370371
hibou_b,nct,far,far_breakhis,maha,covariance=ledoit_wolf,0.9999547214775096
hibou_b,nct,blur,blur_s1.0,maha,covariance=ledoit_wolf,0.5948824074074074
hibou_b,nct,blur,blur_s2.0,maha,covariance=ledoit_wolf,0.9635737654320987
hibou_b,nct,blur,blur_s3.0,maha,covariance=ledoit_wolf,0.999966049382716
hibou_b,nct,far,far_breakhis,maha,covariance=empirical,0.9999666368781651
hibou_b,nct,blur,blur_s1.0,maha,covariance=empirical,0.6467598765432099
hibou_b,nct,blur,blur_s2.0,maha,covariance=empirical,0.9827083333333334
hibou_b,nct,blur,blur_s3.0,maha,covariance=empirical,0.9999904320987655
hibou_b,lung,far,far_nct,maha,normalise=False,1.0
hibou_b,lung,blur,blur_s1.0,maha,normalise=False,0.8672269864679815
hibou_b,lung,blur,blur_s2.0,maha,normalise=False,1.0
hibou_b,lung,blur,blur_s3.0,maha,normalise=False,1.0
hibou_b,lung,far,far_nct,maha,normalise=True,1.0
hibou_b,lung,blur,blur_s1.0,maha,normalise=True,0.8659086112630633
hibou_b,lung,blur,blur_s2.0,maha,normalise=True,1.0
hibou_b,lung,blur,blur_s3.0,maha,normalise=True,1.0
hibou_b,lung,far,far_nct,knn,normalise=False,1.0
hibou_b,lung,blur,blur_s1.0,knn,normalise=False,0.5470355106458239
hibou_b,lung,blur,blur_s2.0,knn,normalise=False,0.9766225996507905
hibou_b,lung,blur,blur_s3.0,knn,normalise=False,1.0
hibou_b,lung,far,far_nct,knn,normalise=True,1.0
hibou_b,lung,blur,blur_s1.0,knn,normalise=True,0.5467265746153096
hibou_b,lung,blur,blur_s2.0,knn,normalise=True,0.9743312620557945
hibou_b,lung,blur,blur_s3.0,knn,normalise=True,1.0
hibou_b,lung,far,far_nct,knn,k=1,1.0
hibou_b,lung,blur,blur_s1.0,knn,k=1,0.7472218400155535
hibou_b,lung,blur,blur_s2.0,knn,k=1,1.0
hibou_b,lung,blur,blur_s3.0,knn,k=1,1.0
hibou_b,lung,far,far_nct,knn,k=10,1.0
hibou_b,lung,blur,blur_s1.0,knn,k=10,0.5642704190276804
hibou_b,lung,blur,blur_s2.0,knn,k=10,0.99126852484038
hibou_b,lung,blur,blur_s3.0,knn,k=10,1.0
hibou_b,lung,far,far_nct,knn,k=50,1.0
hibou_b,lung,blur,blur_s1.0,knn,k=50,0.5467265746153096
hibou_b,lung,blur,blur_s2.0,knn,k=50,0.9743312620557945
hibou_b,lung,blur,blur_s3.0,knn,k=50,1.0
hibou_b,lung,far,far_nct,knn,k=200,1.0
hibou_b,lung,blur,blur_s1.0,knn,k=200,0.5392520596665897
hibou_b,lung,blur,blur_s2.0,knn,k=200,0.9495967764448311
hibou_b,lung,blur,blur_s3.0,knn,k=200,1.0
hibou_b,lung,far,far_nct,maha,covariance=ledoit_wolf,1.0
hibou_b,lung,blur,blur_s1.0,maha,covariance=ledoit_wolf,0.8672269864679815
hibou_b,lung,blur,blur_s2.0,maha,covariance=ledoit_wolf,1.0
hibou_b,lung,blur,blur_s3.0,maha,covariance=ledoit_wolf,1.0
hibou_b,lung,far,far_nct,maha,covariance=empirical,1.0
hibou_b,lung,blur,blur_s1.0,maha,covariance=empirical,0.9206586516170567
hibou_b,lung,blur,blur_s2.0,maha,covariance=empirical,1.0
hibou_b,lung,blur,blur_s3.0,maha,covariance=empirical,1.0
hibou_b,lc_colon,far,far_breakhis,maha,normalise=False,1.0
hibou_b,lc_colon,blur,blur_s1.0,maha,normalise=False,0.9062390035891184
hibou_b,lc_colon,blur,blur_s2.0,maha,normalise=False,1.0
hibou_b,lc_colon,blur,blur_s3.0,maha,normalise=False,1.0
hibou_b,lc_colon,far,far_breakhis,maha,normalise=True,1.0
hibou_b,lc_colon,blur,blur_s1.0,maha,normalise=True,0.9048579163824995
hibou_b,lc_colon,blur,blur_s2.0,maha,normalise=True,1.0
hibou_b,lc_colon,blur,blur_s3.0,maha,normalise=True,1.0
hibou_b,lc_colon,far,far_breakhis,knn,normalise=False,1.0
hibou_b,lc_colon,blur,blur_s1.0,knn,normalise=False,0.5343680465138709
hibou_b,lc_colon,blur,blur_s2.0,knn,normalise=False,0.9514547295761259
hibou_b,lc_colon,blur,blur_s3.0,knn,normalise=False,1.0
hibou_b,lc_colon,far,far_breakhis,knn,normalise=True,1.0
hibou_b,lc_colon,blur,blur_s1.0,knn,normalise=True,0.5345708558083783
hibou_b,lc_colon,blur,blur_s2.0,knn,normalise=True,0.9501144246732938
hibou_b,lc_colon,blur,blur_s3.0,knn,normalise=True,1.0
hibou_b,lc_colon,far,far_breakhis,knn,k=1,1.0
hibou_b,lc_colon,blur,blur_s1.0,knn,k=1,0.8288322621089685
hibou_b,lc_colon,blur,blur_s2.0,knn,k=1,0.9999972444389333
hibou_b,lc_colon,blur,blur_s3.0,knn,k=1,1.0
hibou_b,lc_colon,far,far_breakhis,knn,k=10,1.0
hibou_b,lc_colon,blur,blur_s1.0,knn,k=10,0.573001839337012
hibou_b,lc_colon,blur,blur_s2.0,knn,k=10,0.992337060229676
hibou_b,lc_colon,blur,blur_s3.0,knn,k=10,1.0
hibou_b,lc_colon,far,far_breakhis,knn,k=50,1.0
hibou_b,lc_colon,blur,blur_s1.0,knn,k=50,0.5345708558083783
hibou_b,lc_colon,blur,blur_s2.0,knn,k=50,0.9501144246732938
hibou_b,lc_colon,blur,blur_s3.0,knn,k=50,1.0
hibou_b,lc_colon,far,far_breakhis,knn,k=200,1.0
hibou_b,lc_colon,blur,blur_s1.0,knn,k=200,0.5247621606354324
hibou_b,lc_colon,blur,blur_s2.0,knn,k=200,0.9154855643044619
hibou_b,lc_colon,blur,blur_s3.0,knn,k=200,1.0
hibou_b,lc_colon,far,far_breakhis,maha,covariance=ledoit_wolf,1.0
hibou_b,lc_colon,blur,blur_s1.0,maha,covariance=ledoit_wolf,0.9062390035891184
hibou_b,lc_colon,blur,blur_s2.0,maha,covariance=ledoit_wolf,1.0
hibou_b,lc_colon,blur,blur_s3.0,maha,covariance=ledoit_wolf,1.0
hibou_b,lc_colon,far,far_breakhis,maha,covariance=empirical,1.0
hibou_b,lc_colon,blur,blur_s1.0,maha,covariance=empirical,0.9671049386543218
hibou_b,lc_colon,blur,blur_s2.0,maha,covariance=empirical,1.0
hibou_b,lc_colon,blur,blur_s3.0,maha,covariance=empirical,1.0
hibou_b,breakhis,far,far_lung,maha,normalise=False,0.9895817259976184
hibou_b,breakhis,blur,blur_s1.0,maha,normalise=False,0.5581493434151039
hibou_b,breakhis,blur,blur_s2.0,maha,normalise=False,0.9721012872945252
hibou_b,breakhis,blur,blur_s3.0,maha,normalise=False,1.0
hibou_b,breakhis,far,far_lung,maha,normalise=True,0.9894057020795186
hibou_b,breakhis,blur,blur_s1.0,maha,normalise=True,0.5576715134874828
hibou_b,breakhis,blur,blur_s2.0,maha,normalise=True,0.9709768631989018
hibou_b,breakhis,blur,blur_s3.0,maha,normalise=True,1.0
hibou_b,breakhis,far,far_lung,knn,normalise=False,0.9668888055776163
hibou_b,breakhis,blur,blur_s1.0,knn,normalise=False,0.5018272250932587
hibou_b,breakhis,blur,blur_s2.0,knn,normalise=False,0.8961447289925178
hibou_b,breakhis,blur,blur_s3.0,knn,normalise=False,0.9981473308943498
hibou_b,breakhis,far,far_lung,knn,normalise=True,0.9693074346497038
hibou_b,breakhis,blur,blur_s1.0,knn,normalise=True,0.5018318251406968
hibou_b,breakhis,blur,blur_s2.0,knn,normalise=True,0.894634475918033
hibou_b,breakhis,blur,blur_s3.0,knn,normalise=True,0.9981976439132029
hibou_b,breakhis,far,far_lung,knn,k=1,0.9784417917044007
hibou_b,breakhis,blur,blur_s1.0,knn,k=1,0.5057665907179667
hibou_b,breakhis,blur,blur_s2.0,knn,k=1,0.8991068720396179
hibou_b,breakhis,blur,blur_s3.0,knn,k=1,0.9986188357567438
hibou_b,breakhis,far,far_lung,knn,k=10,0.9741851103029708
hibou_b,breakhis,blur,blur_s1.0,knn,k=10,0.50400908509369
hibou_b,breakhis,blur,blur_s2.0,knn,k=10,0.8991543100288222
hibou_b,breakhis,blur,blur_s3.0,knn,k=10,0.9985282723228084
hibou_b,breakhis,far,far_lung,knn,k=50,0.9693074346497038
hibou_b,breakhis,blur,blur_s1.0,knn,k=50,0.5018318251406968
hibou_b,breakhis,blur,blur_s2.0,knn,k=50,0.894634475918033
hibou_b,breakhis,blur,blur_s3.0,knn,k=50,0.9981976439132029
hibou_b,breakhis,far,far_lung,knn,k=200,0.9590062581035691
hibou_b,breakhis,blur,blur_s1.0,knn,k=200,0.49942168778615526
hibou_b,breakhis,blur,blur_s2.0,knn,k=200,0.8918353470520165
hibou_b,breakhis,blur,blur_s3.0,knn,k=200,0.9980639550345364
hibou_b,breakhis,far,far_lung,maha,covariance=ledoit_wolf,0.9895817259976184
hibou_b,breakhis,blur,blur_s1.0,maha,covariance=ledoit_wolf,0.5581493434151039
hibou_b,breakhis,blur,blur_s2.0,maha,covariance=ledoit_wolf,0.9721012872945252
hibou_b,breakhis,blur,blur_s3.0,maha,covariance=ledoit_wolf,1.0
hibou_b,breakhis,far,far_lung,maha,covariance=empirical,0.9937175326055034
hibou_b,breakhis,blur,blur_s1.0,maha,covariance=empirical,0.5948016588921073
hibou_b,breakhis,blur,blur_s2.0,maha,covariance=empirical,0.9903798632923401
hibou_b,breakhis,blur,blur_s3.0,maha,covariance=empirical,1.0
hibou_b,pcam,far,far_nct,maha,normalise=False,1.0
hibou_b,pcam,blur,blur_s1.0,maha,normalise=False,0.689237274214744
hibou_b,pcam,blur,blur_s2.0,maha,normalise=False,0.9607074067870854
hibou_b,pcam,blur,blur_s3.0,maha,normalise=False,1.0
hibou_b,pcam,far,far_nct,maha,normalise=True,1.0
hibou_b,pcam,blur,blur_s1.0,maha,normalise=True,0.6752352063954237
hibou_b,pcam,blur,blur_s2.0,maha,normalise=True,0.9487912758638459
hibou_b,pcam,blur,blur_s3.0,maha,normalise=True,0.9999967790976321
hibou_b,pcam,far,far_nct,knn,normalise=False,0.9991296531302876
hibou_b,pcam,blur,blur_s1.0,knn,normalise=False,0.6102168633564379
hibou_b,pcam,blur,blur_s2.0,knn,normalise=False,0.822073729676106
hibou_b,pcam,blur,blur_s3.0,knn,normalise=False,0.9925130124455668
hibou_b,pcam,far,far_nct,knn,normalise=True,0.9984679921037789
hibou_b,pcam,blur,blur_s1.0,knn,normalise=True,0.5955529001004921
hibou_b,pcam,blur,blur_s2.0,knn,normalise=True,0.7879760493699914
hibou_b,pcam,blur,blur_s3.0,knn,normalise=True,0.9903280328016697
hibou_b,pcam,far,far_nct,knn,k=1,0.9993746474901297
hibou_b,pcam,blur,blur_s1.0,knn,k=1,0.5945363027905899
hibou_b,pcam,blur,blur_s2.0,knn,k=1,0.7878898902316473
hibou_b,pcam,blur,blur_s3.0,knn,k=1,0.9959907817774227
hibou_b,pcam,far,far_nct,knn,k=10,0.9999897772137619
hibou_b,pcam,blur,blur_s1.0,knn,k=10,0.5966870603468267
hibou_b,pcam,blur,blur_s2.0,knn,k=10,0.7928927568347549
hibou_b,pcam,blur,blur_s3.0,knn,k=10,0.9989350891545775
hibou_b,pcam,far,far_nct,knn,k=50,0.9984679921037789
hibou_b,pcam,blur,blur_s1.0,knn,k=50,0.5955529001004921
hibou_b,pcam,blur,blur_s2.0,knn,k=50,0.7879760493699914
hibou_b,pcam,blur,blur_s3.0,knn,k=50,0.9903280328016697
hibou_b,pcam,far,far_nct,knn,k=200,0.993271644106035
hibou_b,pcam,blur,blur_s1.0,knn,k=200,0.6032605194671339
hibou_b,pcam,blur,blur_s2.0,knn,k=200,0.7996840294776986
hibou_b,pcam,blur,blur_s3.0,knn,k=200,0.9865269653946249
hibou_b,pcam,far,far_nct,maha,covariance=ledoit_wolf,1.0
hibou_b,pcam,blur,blur_s1.0,maha,covariance=ledoit_wolf,0.689237274214744
hibou_b,pcam,blur,blur_s2.0,maha,covariance=ledoit_wolf,0.9607074067870854
hibou_b,pcam,blur,blur_s3.0,maha,covariance=ledoit_wolf,1.0
hibou_b,pcam,far,far_nct,maha,covariance=empirical,0.9999996474901297
hibou_b,pcam,blur,blur_s1.0,maha,covariance=empirical,0.7118866596665722
hibou_b,pcam,blur,blur_s2.0,maha,covariance=empirical,0.977888102630833
hibou_b,pcam,blur,blur_s3.0,maha,covariance=empirical,1.0
hibou_b,sicap,far,far_nct,maha,normalise=False,1.0
hibou_b,sicap,far,far_nct,maha,normalise=True,1.0
hibou_b,sicap,far,far_nct,knn,normalise=False,1.0
hibou_b,sicap,far,far_nct,knn,normalise=True,1.0
hibou_b,sicap,far,far_nct,knn,k=1,1.0
hibou_b,sicap,far,far_nct,knn,k=10,1.0
hibou_b,sicap,far,far_nct,knn,k=50,1.0
hibou_b,sicap,far,far_nct,knn,k=200,1.0
hibou_b,sicap,far,far_nct,maha,covariance=ledoit_wolf,1.0
hibou_b,sicap,far,far_nct,maha,covariance=empirical,1.0
hibou_b,panda,far,far_nct,maha,normalise=False,1.0
hibou_b,panda,far,far_nct,maha,normalise=True,0.9999996802864634
hibou_b,panda,far,far_nct,knn,normalise=False,0.9994310164759043
hibou_b,panda,far,far_nct,knn,normalise=True,0.9993845514419081
hibou_b,panda,far,far_nct,knn,k=1,0.9997150286676472
hibou_b,panda,far,far_nct,knn,k=10,0.999611121768229
hibou_b,panda,far,far_nct,knn,k=50,0.9993845514419081
hibou_b,panda,far,far_nct,knn,k=200,0.9973002323251701
hibou_b,panda,far,far_nct,maha,covariance=ledoit_wolf,1.0
hibou_b,panda,far,far_nct,maha,covariance=empirical,1.0
phikon,nct,far,far_breakhis,maha,normalise=False,0.9999994042299672
phikon,nct,blur,blur_s1.0,maha,normalise=False,0.6974188271604939
phikon,nct,blur,blur_s2.0,maha,normalise=False,0.8822648148148147
phikon,nct,blur,blur_s3.0,maha,normalise=False,0.9391848765432098
phikon,nct,far,far_breakhis,maha,normalise=True,1.0
phikon,nct,blur,blur_s1.0,maha,normalise=True,0.6869876543209875
phikon,nct,blur,blur_s2.0,maha,normalise=True,0.8804237654320988
phikon,nct,blur,blur_s3.0,maha,normalise=True,0.9451373456790122
phikon,nct,far,far_breakhis,knn,normalise=False,0.9995105749180816
phikon,nct,blur,blur_s1.0,knn,normalise=False,0.5373632716049382
phikon,nct,blur,blur_s2.0,knn,normalise=False,0.607475
phikon,nct,blur,blur_s3.0,knn,normalise=False,0.8507802469135801
phikon,nct,far,far_breakhis,knn,normalise=True,0.9990708966338994
phikon,nct,blur,blur_s1.0,knn,normalise=True,0.5359938271604938
phikon,nct,blur,blur_s2.0,knn,normalise=True,0.6081746913580247
phikon,nct,blur,blur_s3.0,knn,normalise=True,0.8501274691358025
phikon,nct,far,far_breakhis,knn,k=1,0.9999848078641644
phikon,nct,blur,blur_s1.0,knn,k=1,0.5940083333333332
phikon,nct,blur,blur_s2.0,knn,k=1,0.7534277777777778
phikon,nct,blur,blur_s3.0,knn,k=1,0.9302564814814815
phikon,nct,far,far_breakhis,knn,k=10,0.9998352695859398
phikon,nct,blur,blur_s1.0,knn,k=10,0.5600817901234567
phikon,nct,blur,blur_s2.0,knn,k=10,0.6728904320987653
phikon,nct,blur,blur_s3.0,knn,k=10,0.904141975308642
phikon,nct,far,far_breakhis,knn,k=50,0.9990708966338994
phikon,nct,blur,blur_s1.0,knn,k=50,0.5359938271604938
phikon,nct,blur,blur_s2.0,knn,k=50,0.6081746913580247
phikon,nct,blur,blur_s3.0,knn,k=50,0.8501274691358025
phikon,nct,far,far_breakhis,knn,k=200,0.9967929699136132
phikon,nct,blur,blur_s1.0,knn,k=200,0.5257743827160494
phikon,nct,blur,blur_s2.0,knn,k=200,0.5734746913580246
phikon,nct,blur,blur_s3.0,knn,k=200,0.785733024691358
phikon,nct,far,far_breakhis,maha,covariance=ledoit_wolf,0.9999994042299672
phikon,nct,blur,blur_s1.0,maha,covariance=ledoit_wolf,0.6974188271604939
phikon,nct,blur,blur_s2.0,maha,covariance=ledoit_wolf,0.8822648148148147
phikon,nct,blur,blur_s3.0,maha,covariance=ledoit_wolf,0.9391848765432098
phikon,nct,far,far_breakhis,maha,covariance=empirical,0.9999994042299672
phikon,nct,blur,blur_s1.0,maha,covariance=empirical,0.7029814814814814
phikon,nct,blur,blur_s2.0,maha,covariance=empirical,0.8864219135802469
phikon,nct,blur,blur_s3.0,maha,covariance=empirical,0.9393999999999998
phikon,lung,far,far_nct,maha,normalise=False,1.0
phikon,lung,blur,blur_s1.0,maha,normalise=False,0.8636231049907314
phikon,lung,blur,blur_s2.0,maha,normalise=False,0.9997157540377878
phikon,lung,blur,blur_s3.0,maha,normalise=False,1.0
phikon,lung,far,far_nct,maha,normalise=True,1.0
phikon,lung,blur,blur_s1.0,maha,normalise=True,0.8446622491709287
phikon,lung,blur,blur_s2.0,maha,normalise=True,0.9995545862050013
phikon,lung,blur,blur_s3.0,maha,normalise=True,1.0
phikon,lung,far,far_nct,knn,normalise=False,1.0
phikon,lung,blur,blur_s1.0,knn,normalise=False,0.5499010474172141
phikon,lung,blur,blur_s2.0,knn,normalise=False,0.6916287392891319
phikon,lung,blur,blur_s3.0,knn,normalise=False,0.8913034011127405
phikon,lung,far,far_nct,knn,normalise=True,1.0
phikon,lung,blur,blur_s1.0,knn,normalise=True,0.5453676282931309
phikon,lung,blur,blur_s2.0,knn,normalise=True,0.680604189544786
phikon,lung,blur,blur_s3.0,knn,normalise=True,0.8743501332085017
phikon,lung,far,far_nct,knn,k=1,1.0
phikon,lung,blur,blur_s1.0,knn,k=1,0.7329224442770593
phikon,lung,blur,blur_s2.0,knn,k=1,0.9677089887109315
phikon,lung,blur,blur_s3.0,knn,k=1,0.9999719600229333
phikon,lung,far,far_nct,knn,k=10,1.0
phikon,lung,blur,blur_s1.0,knn,k=10,0.5673961320464556
phikon,lung,blur,blur_s2.0,knn,k=10,0.7641327998128021
phikon,lung,blur,blur_s3.0,knn,k=10,0.9869727010971943
phikon,lung,far,far_nct,knn,k=50,1.0
phikon,lung,blur,blur_s1.0,knn,k=50,0.5453676282931309
phikon,lung,blur,blur_s2.0,knn,k=50,0.680604189544786
phikon,lung,blur,blur_s3.0,knn,k=50,0.8743501332085017
phikon,lung,far,far_nct,knn,k=200,1.0
phikon,lung,blur,blur_s1.0,knn,k=200,0.5370369014783147
phikon,lung,blur,blur_s2.0,knn,k=200,0.6490316716503797
phikon,lung,blur,blur_s3.0,knn,k=200,0.813267524582437
phikon,lung,far,far_nct,maha,covariance=ledoit_wolf,1.0
phikon,lung,blur,blur_s1.0,maha,covariance=ledoit_wolf,0.8636231049907314
phikon,lung,blur,blur_s2.0,maha,covariance=ledoit_wolf,0.9997157540377878
phikon,lung,blur,blur_s3.0,maha,covariance=ledoit_wolf,1.0
phikon,lung,far,far_nct,maha,covariance=empirical,1.0
phikon,lung,blur,blur_s1.0,maha,covariance=empirical,0.8750794207536278
phikon,lung,blur,blur_s2.0,maha,covariance=empirical,0.9998164994421161
phikon,lung,blur,blur_s3.0,maha,covariance=empirical,1.0
phikon,lc_colon,far,far_breakhis,maha,normalise=False,1.0
phikon,lc_colon,blur,blur_s1.0,maha,normalise=False,0.8748614297228595
phikon,lc_colon,blur,blur_s2.0,maha,normalise=False,0.9984808591839406
phikon,lc_colon,blur,blur_s3.0,maha,normalise=False,1.0
phikon,lc_colon,far,far_breakhis,maha,normalise=True,1.0
phikon,lc_colon,blur,blur_s1.0,maha,normalise=True,0.868409834597447
phikon,lc_colon,blur,blur_s2.0,maha,normalise=True,0.9975935685204704
phikon,lc_colon,blur,blur_s3.0,maha,normalise=True,1.0
phikon,lc_colon,far,far_breakhis,knn,normalise=False,1.0
phikon,lc_colon,blur,blur_s1.0,knn,normalise=False,0.5432919310283064
phikon,lc_colon,blur,blur_s2.0,knn,normalise=False,0.6528205234188246
phikon,lc_colon,blur,blur_s3.0,knn,normalise=False,0.9449221209553531
phikon,lc_colon,far,far_breakhis,knn,normalise=True,1.0
phikon,lc_colon,blur,blur_s1.0,knn,normalise=True,0.542914143606065
phikon,lc_colon,blur,blur_s2.0,knn,normalise=True,0.6471030097615751
phikon,lc_colon,blur,blur_s3.0,knn,normalise=True,0.9351142524507272
phikon,lc_colon,far,far_breakhis,knn,k=1,1.0
phikon,lc_colon,blur,blur_s1.0,knn,k=1,0.7775898485130303
phikon,lc_colon,blur,blur_s2.0,knn,k=1,0.9607616370788298
phikon,lc_colon,blur,blur_s3.0,knn,k=1,0.9999966933267199
phikon,lc_colon,far,far_breakhis,knn,k=10,1.0
phikon,lc_colon,blur,blur_s1.0,knn,k=10,0.5840273902770028
phikon,lc_colon,blur,blur_s2.0,knn,k=10,0.7571945632780154
phikon,lc_colon,blur,blur_s3.0,knn,k=10,0.9933155599644533
phikon,lc_colon,far,far_breakhis,knn,k=50,1.0
phikon,lc_colon,blur,blur_s1.0,knn,k=50,0.542914143606065
phikon,lc_colon,blur,blur_s2.0,knn,k=50,0.6471030097615751
phikon,lc_colon,blur,blur_s3.0,knn,k=50,0.9351142524507272
phikon,lc_colon,far,far_breakhis,knn,k=200,1.0
phikon,lc_colon,blur,blur_s1.0,knn,k=200,0.531835685893594
phikon,lc_colon,blur,blur_s2.0,knn,k=200,0.6146551759770186
phikon,lc_colon,blur,blur_s3.0,knn,k=200,0.8793135897382904
phikon,lc_colon,far,far_breakhis,maha,covariance=ledoit_wolf,1.0
phikon,lc_colon,blur,blur_s1.0,maha,covariance=ledoit_wolf,0.8748614297228595
phikon,lc_colon,blur,blur_s2.0,maha,covariance=ledoit_wolf,0.9984808591839406
phikon,lc_colon,blur,blur_s3.0,maha,covariance=ledoit_wolf,1.0
phikon,lc_colon,far,far_breakhis,maha,covariance=empirical,1.0
phikon,lc_colon,blur,blur_s1.0,maha,covariance=empirical,0.8911162088990845
phikon,lc_colon,blur,blur_s2.0,maha,covariance=empirical,0.9992389140333837
phikon,lc_colon,blur,blur_s3.0,maha,covariance=empirical,1.0
phikon,breakhis,far,far_lung,maha,normalise=False,0.9999705367690734
phikon,breakhis,blur,blur_s1.0,maha,normalise=False,0.6610624672066931
phikon,breakhis,blur,blur_s2.0,maha,normalise=False,0.8881921094811291
phikon,breakhis,blur,blur_s3.0,maha,normalise=False,0.9995566704281638
phikon,breakhis,far,far_lung,maha,normalise=True,0.9999172763131677
phikon,breakhis,blur,blur_s1.0,maha,normalise=True,0.6595924645472907
phikon,breakhis,blur,blur_s2.0,maha,normalise=True,0.8824063998159981
phikon,breakhis,blur,blur_s3.0,maha,normalise=True,0.9994178064961295
phikon,breakhis,far,far_lung,knn,normalise=False,0.9999924453254034
phikon,breakhis,blur,blur_s1.0,knn,normalise=False,0.5558461571634957
phikon,breakhis,blur,blur_s2.0,knn,normalise=False,0.6566423966247151
phikon,breakhis,blur,blur_s3.0,knn,normalise=False,0.9432704899769278
phikon,breakhis,far,far_lung,knn,normalise=True,0.999938618268903
phikon,breakhis,blur,blur_s1.0,knn,normalise=True,0.5545345686377391
phikon,breakhis,blur,blur_s2.0,knn,normalise=True,0.649807301137793
phikon,breakhis,blur,blur_s3.0,knn,normalise=True,0.937320041112924
phikon,breakhis,far,far_lung,knn,k=1,0.9999559940204751
phikon,breakhis,blur,blur_s1.0,knn,k=1,0.5606808070208225
phikon,breakhis,blur,blur_s2.0,knn,k=1,0.6680157264121787
phikon,breakhis,blur,blur_s3.0,knn,k=1,0.95591659538989
phikon,breakhis,far,far_lung,knn,k=10,0.9999522166831768
phikon,breakhis,blur,blur_s1.0,knn,k=10,0.5592113793673497
phikon,breakhis,blur,blur_s2.0,knn,k=10,0.6611245678471059
phikon,breakhis,blur,blur_s3.0,knn,k=10,0.9499946093194086
phikon,breakhis,far,far_lung,knn,k=50,0.999938618268903
phikon,breakhis,blur,blur_s1.0,knn,k=50,0.5545345686377391
phikon,breakhis,blur,blur_s2.0,knn,k=50,0.649807301137793
phikon,breakhis,blur,blur_s3.0,knn,k=50,0.937320041112924
phikon,breakhis,far,far_lung,knn,k=200,0.9999646818962611
phikon,breakhis,blur,blur_s1.0,knn,k=200,0.550316325137103
phikon,breakhis,blur,blur_s2.0,knn,k=200,0.6354761408477025
phikon,breakhis,blur,blur_s3.0,knn,k=200,0.9211983123575962
phikon,breakhis,far,far_lung,maha,covariance=ledoit_wolf,0.9999705367690734
phikon,breakhis,blur,blur_s1.0,maha,covariance=ledoit_wolf,0.6610624672066931
phikon,breakhis,blur,blur_s2.0,maha,covariance=ledoit_wolf,0.8881921094811291
phikon,breakhis,blur,blur_s3.0,maha,covariance=ledoit_wolf,0.9995566704281638
phikon,breakhis,far,far_lung,maha,covariance=empirical,0.9999731809051823
phikon,breakhis,blur,blur_s1.0,maha,covariance=empirical,0.6655963889627612
phikon,breakhis,blur,blur_s2.0,maha,covariance=empirical,0.8940522824141623
phikon,breakhis,blur,blur_s3.0,maha,covariance=empirical,0.999627108654558
phikon,pcam,far,far_nct,maha,normalise=False,0.9992593767625494
phikon,pcam,blur,blur_s1.0,maha,normalise=False,0.7620715394624957
phikon,pcam,blur,blur_s2.0,maha,normalise=False,0.9699075117885027
phikon,pcam,blur,blur_s3.0,maha,normalise=False,0.9995124359040429
phikon,pcam,far,far_nct,maha,normalise=True,0.9995004935138184
phikon,pcam,blur,blur_s1.0,maha,normalise=True,0.7540474664381973
phikon,pcam,blur,blur_s2.0,maha,normalise=True,0.9651458102501996
phikon,pcam,blur,blur_s3.0,maha,normalise=True,0.9994375499239867
phikon,pcam,far,far_nct,knn,normalise=False,0.9998879018612521
phikon,pcam,blur,blur_s1.0,knn,normalise=False,0.5874233425236415
phikon,pcam,blur,blur_s2.0,knn,normalise=False,0.7212558620423097
phikon,pcam,blur,blur_s3.0,knn,normalise=False,0.9609525979798501
phikon,pcam,far,far_nct,knn,normalise=True,0.9996640580936266
phikon,pcam,blur,blur_s1.0,knn,normalise=True,0.5834330471024762
phikon,pcam,blur,blur_s2.0,knn,normalise=True,0.7073097574016336
phikon,pcam,blur,blur_s3.0,knn,normalise=True,0.9371581817361951
phikon,pcam,far,far_nct,knn,k=1,0.9604995064861817
phikon,pcam,blur,blur_s1.0,knn,k=1,0.5956668395217604
phikon,pcam,blur,blur_s2.0,knn,k=1,0.737909537736092
phikon,pcam,blur,blur_s3.0,knn,k=1,0.9538255462650417
phikon,pcam,far,far_nct,knn,k=10,0.9974425408911449
phikon,pcam,blur,blur_s1.0,knn,k=10,0.5910041807312737
phikon,pcam,blur,blur_s2.0,knn,k=10,0.7257957239300162
phikon,pcam,blur,blur_s3.0,knn,k=10,0.9556880330593419
phikon,pcam,far,far_nct,knn,k=50,0.9996640580936266
phikon,pcam,blur,blur_s1.0,knn,k=50,0.5834330471024762
phikon,pcam,blur,blur_s2.0,knn,k=50,0.7073097574016336
phikon,pcam,blur,blur_s3.0,knn,k=50,0.9371581817361951
phikon,pcam,far,far_nct,knn,k=200,0.9973928369994359
phikon,pcam,blur,blur_s1.0,knn,k=200,0.5786145771599371
phikon,pcam,blur,blur_s2.0,knn,k=200,0.6976285301089954
phikon,pcam,blur,blur_s3.0,knn,k=200,0.9202564965600764
phikon,pcam,far,far_nct,maha,covariance=ledoit_wolf,0.9992593767625494
phikon,pcam,blur,blur_s1.0,maha,covariance=ledoit_wolf,0.7620715394624957
phikon,pcam,blur,blur_s2.0,maha,covariance=ledoit_wolf,0.9699075117885027
phikon,pcam,blur,blur_s3.0,maha,covariance=ledoit_wolf,0.9995124359040429
phikon,pcam,far,far_nct,maha,covariance=empirical,0.9992290609137056
phikon,pcam,blur,blur_s1.0,maha,covariance=empirical,0.7664708894843979
phikon,pcam,blur,blur_s2.0,maha,covariance=empirical,0.9714382456388981
phikon,pcam,blur,blur_s3.0,maha,covariance=empirical,0.9995446449277229
phikon,sicap,far,far_nct,maha,normalise=False,1.0
phikon,sicap,far,far_nct,maha,normalise=True,1.0
phikon,sicap,far,far_nct,knn,normalise=False,1.0
phikon,sicap,far,far_nct,knn,normalise=True,1.0
phikon,sicap,far,far_nct,knn,k=1,1.0
phikon,sicap,far,far_nct,knn,k=10,1.0
phikon,sicap,far,far_nct,knn,k=50,1.0
phikon,sicap,far,far_nct,knn,k=200,1.0
phikon,sicap,far,far_nct,maha,covariance=ledoit_wolf,1.0
phikon,sicap,far,far_nct,maha,covariance=empirical,1.0
phikon,panda,far,far_nct,maha,normalise=False,0.9999982948611378
phikon,panda,far,far_nct,maha,normalise=True,0.9999988277170322
phikon,panda,far,far_nct,knn,normalise=False,0.9999390412856748
phikon,panda,far,far_nct,knn,normalise=True,0.9999664300786495
phikon,panda,far,far_nct,knn,k=1,0.9999016348018841
phikon,panda,far,far_nct,knn,k=10,0.9999579043843383
phikon,panda,far,far_nct,knn,k=50,0.9999664300786495
phikon,panda,far,far_nct,knn,k=200,0.9994417801649722
phikon,panda,far,far_nct,maha,covariance=ledoit_wolf,0.9999982948611378
phikon,panda,far,far_nct,maha,covariance=empirical,0.9999984014323167
phikon_v2,nct,far,far_breakhis,maha,normalise=False,1.0
phikon_v2,nct,blur,blur_s1.0,maha,normalise=False,0.6479777777777778
phikon_v2,nct,blur,blur_s2.0,maha,normalise=False,0.8688003086419753
phikon_v2,nct,blur,blur_s3.0,maha,normalise=False,0.9973574074074074
phikon_v2,nct,far,far_breakhis,maha,normalise=True,1.0
phikon_v2,nct,blur,blur_s1.0,maha,normalise=True,0.6679037037037037
phikon_v2,nct,blur,blur_s2.0,maha,normalise=True,0.8928762345679011
phikon_v2,nct,blur,blur_s3.0,maha,normalise=True,0.9981003086419753
phikon_v2,nct,far,far_breakhis,knn,normalise=False,0.9999469764670837
phikon_v2,nct,blur,blur_s1.0,knn,normalise=False,0.5345719135802469
phikon_v2,nct,blur,blur_s2.0,knn,normalise=False,0.6509283950617284
phikon_v2,nct,blur,blur_s3.0,knn,normalise=False,0.9671490740740741
phikon_v2,nct,far,far_breakhis,knn,normalise=True,0.9999970211498361
phikon_v2,nct,blur,blur_s1.0,knn,normalise=True,0.543720061728395
phikon_v2,nct,blur,blur_s2.0,knn,normalise=True,0.6865194444444445
phikon_v2,nct,blur,blur_s3.0,knn,normalise=True,0.9749074074074073
phikon_v2,nct,far,far_breakhis,knn,k=1,1.0
phikon_v2,nct,blur,blur_s1.0,knn,k=1,0.6052956790123457
phikon_v2,nct,blur,blur_s2.0,knn,k=1,0.8219203703703704
phikon_v2,nct,blur,blur_s3.0,knn,k=1,0.9938311728395062
phikon_v2,nct,far,far_breakhis,knn,k=10,1.0
phikon_v2,nct,blur,blur_s1.0,knn,k=10,0.5650712962962963
phikon_v2,nct,blur,blur_s2.0,knn,k=10,0.7420268518518518
phikon_v2,nct,blur,blur_s3.0,knn,k=10,0.9843401234567902
phikon_v2,nct,far,far_breakhis,knn,k=50,0.9999970211498361
phikon_v2,nct,blur,blur_s1.0,knn,k=50,0.543720061728395
phikon_v2,nct,blur,blur_s2.0,knn,k=50,0.6865194444444445
phikon_v2,nct,blur,blur_s3.0,knn,k=50,0.9749074074074073
phikon_v2,nct,far,far_breakhis,knn,k=200,0.9999776586237712
phikon_v2,nct,blur,blur_s1.0,knn,k=200,0.5240753086419754
phikon_v2,nct,blur,blur_s2.0,knn,k=200,0.6307898148148148
phikon_v2,nct,blur,blur_s3.0,knn,k=200,0.9659802469135801
phikon_v2,nct,far,far_breakhis,maha,covariance=ledoit_wolf,1.0
phikon_v2,nct,blur,blur_s1.0,maha,covariance=ledoit_wolf,0.6479777777777778
phikon_v2,nct,blur,blur_s2.0,maha,covariance=ledoit_wolf,0.8688003086419753
phikon_v2,nct,blur,blur_s3.0,maha,covariance=ledoit_wolf,0.9973574074074074
phikon_v2,nct,far,far_breakhis,maha,covariance=empirical,1.0
phikon_v2,nct,blur,blur_s1.0,maha,covariance=empirical,0.6506206790123458
phikon_v2,nct,blur,blur_s2.0,maha,covariance=empirical,0.8722867283950618
phikon_v2,nct,blur,blur_s3.0,maha,covariance=empirical,0.9975712962962963
phikon_v2,lung,far,far_nct,maha,normalise=False,1.0
phikon_v2,lung,blur,blur_s1.0,maha,normalise=False,0.9758512521400645
phikon_v2,lung,blur,blur_s2.0,maha,normalise=False,0.9994076865021382
phikon_v2,lung,blur,blur_s3.0,maha,normalise=False,1.0
phikon_v2,lung,far,far_nct,maha,normalise=True,1.0
phikon_v2,lung,blur,blur_s1.0,maha,normalise=True,0.9842058005283179
phikon_v2,lung,blur,blur_s2.0,maha,normalise=True,0.9994306395807105
phikon_v2,lung,blur,blur_s3.0,maha,normalise=True,1.0
phikon_v2,lung,far,far_nct,knn,normalise=False,1.0
phikon_v2,lung,blur,blur_s1.0,knn,normalise=False,0.7044031821155567
phikon_v2,lung,blur,blur_s2.0,knn,normalise=False,0.8235465335206139
phikon_v2,lung,blur,blur_s3.0,knn,normalise=False,0.995265214137955
phikon_v2,lung,far,far_nct,knn,normalise=True,1.0
phikon_v2,lung,blur,blur_s1.0,knn,normalise=True,0.7213791549569779
phikon_v2,lung,blur,blur_s2.0,knn,normalise=True,0.8131903526101558
phikon_v2,lung,blur,blur_s3.0,knn,normalise=True,0.9919694001963543
phikon_v2,lung,far,far_nct,knn,k=1,1.0
phikon_v2,lung,blur,blur_s1.0,knn,k=1,0.9285685306344815
phikon_v2,lung,blur,blur_s2.0,knn,k=1,0.9817980846214249
phikon_v2,lung,blur,blur_s3.0,knn,k=1,0.9999987592930502
phikon_v2,lung,far,far_nct,knn,k=10,1.0
phikon_v2,lung,blur,blur_s1.0,knn,k=10,0.7842463964597172
phikon_v2,lung,blur,blur_s2.0,knn,k=10,0.8984141407837621
phikon_v2,lung,blur,blur_s3.0,knn,k=10,0.9995176131378956
phikon_v2,lung,far,far_nct,knn,k=50,1.0
phikon_v2,lung,blur,blur_s1.0,knn,k=50,0.7213791549569779
phikon_v2,lung,blur,blur_s2.0,knn,k=50,0.8131903526101558
phikon_v2,lung,blur,blur_s3.0,knn,k=50,0.9919694001963543
phikon_v2,lung,far,far_nct,knn,k=200,1.0
phikon_v2,lung,blur,blur_s1.0,knn,k=200,0.7099671324321913
phikon_v2,lung,blur,blur_s2.0,knn,k=200,0.788261572290845
phikon_v2,lung,blur,blur_s3.0,knn,k=200,0.9802965810707076
phikon_v2,lung,far,far_nct,maha,covariance=ledoit_wolf,1.0
phikon_v2,lung,blur,blur_s1.0,maha,covariance=ledoit_wolf,0.9758512521400645
phikon_v2,lung,blur,blur_s2.0,maha,covariance=ledoit_wolf,0.9994076865021382
phikon_v2,lung,blur,blur_s3.0,maha,covariance=ledoit_wolf,1.0
phikon_v2,lung,far,far_nct,maha,covariance=empirical,1.0
phikon_v2,lung,blur,blur_s1.0,maha,covariance=empirical,0.9777569780150449
phikon_v2,lung,blur,blur_s2.0,maha,covariance=empirical,0.9994668682236464
phikon_v2,lung,blur,blur_s3.0,maha,covariance=empirical,1.0
phikon_v2,lc_colon,far,far_breakhis,maha,normalise=False,1.0
phikon_v2,lc_colon,blur,blur_s1.0,maha,normalise=False,0.8984936725429007
phikon_v2,lc_colon,blur,blur_s2.0,maha,normalise=False,0.9942665040885638
phikon_v2,lc_colon,blur,blur_s3.0,maha,normalise=False,1.0
phikon_v2,lc_colon,far,far_breakhis,maha,normalise=True,1.0
phikon_v2,lc_colon,blur,blur_s1.0,maha,normalise=True,0.888244363155393
phikon_v2,lc_colon,blur,blur_s2.0,maha,normalise=True,0.9928691590716515
phikon_v2,lc_colon,blur,blur_s3.0,maha,normalise=True,1.0
phikon_v2,lc_colon,far,far_breakhis,knn,normalise=False,1.0
phikon_v2,lc_colon,blur,blur_s1.0,knn,normalise=False,0.5621038708744084
phikon_v2,lc_colon,blur,blur_s2.0,knn,normalise=False,0.6927954478131179
phikon_v2,lc_colon,blur,blur_s3.0,knn,normalise=False,0.9956701868959293
phikon_v2,lc_colon,far,far_breakhis,knn,normalise=True,1.0
phikon_v2,lc_colon,blur,blur_s1.0,knn,normalise=True,0.5686869062627014
phikon_v2,lc_colon,blur,blur_s2.0,knn,normalise=True,0.6794546744649045
phikon_v2,lc_colon,blur,blur_s3.0,knn,normalise=True,0.9879717003878453
phikon_v2,lc_colon,far,far_breakhis,knn,k=1,1.0
phikon_v2,lc_colon,blur,blur_s1.0,knn,k=1,0.8338972589056288
phikon_v2,lc_colon,blur,blur_s2.0,knn,k=1,0.9513263204304186
phikon_v2,lc_colon,blur,blur_s3.0,knn,k=1,1.0
phikon_v2,lc_colon,far,far_breakhis,knn,k=10,1.0
phikon_v2,lc_colon,blur,blur_s1.0,knn,k=10,0.6216554033108066
phikon_v2,lc_colon,blur,blur_s2.0,knn,k=10,0.7722991712650094
phikon_v2,lc_colon,blur,blur_s3.0,knn,k=10,0.9996748437941321
phikon_v2,lc_colon,far,far_breakhis,knn,k=50,1.0
phikon_v2,lc_colon,blur,blur_s1.0,knn,k=50,0.5686869062627014
phikon_v2,lc_colon,blur,blur_s2.0,knn,k=50,0.6794546744649045
phikon_v2,lc_colon,blur,blur_s3.0,knn,k=50,0.9879717003878453
phikon_v2,lc_colon,far,far_breakhis,knn,k=200,1.0
phikon_v2,lc_colon,blur,blur_s1.0,knn,k=200,0.5495040678970247
phikon_v2,lc_colon,blur,blur_s2.0,knn,k=200,0.6460126342474907
phikon_v2,lc_colon,blur,blur_s3.0,knn,k=200,0.9736518761926412
phikon_v2,lc_colon,far,far_breakhis,maha,covariance=ledoit_wolf,1.0
phikon_v2,lc_colon,blur,blur_s1.0,maha,covariance=ledoit_wolf,0.8984936725429007
phikon_v2,lc_colon,blur,blur_s2.0,maha,covariance=ledoit_wolf,0.9942665040885638
phikon_v2,lc_colon,blur,blur_s3.0,maha,covariance=ledoit_wolf,1.0
phikon_v2,lc_colon,far,far_breakhis,maha,covariance=empirical,1.0
phikon_v2,lc_colon,blur,blur_s1.0,maha,covariance=empirical,0.9066570222029333
phikon_v2,lc_colon,blur,blur_s2.0,maha,covariance=empirical,0.9950333767334202
phikon_v2,lc_colon,blur,blur_s3.0,maha,covariance=empirical,1.0
phikon_v2,breakhis,far,far_lung,maha,normalise=False,0.9999497614139329
phikon_v2,breakhis,blur,blur_s1.0,maha,normalise=False,0.651205140553012
phikon_v2,breakhis,blur,blur_s2.0,maha,normalise=False,0.8189700206283378
phikon_v2,breakhis,blur,blur_s3.0,maha,normalise=False,0.9954166277339735
phikon_v2,breakhis,far,far_lung,maha,normalise=True,0.9999559940204751
phikon_v2,breakhis,blur,blur_s1.0,maha,normalise=True,0.6468664333100935
phikon_v2,breakhis,blur,blur_s2.0,maha,normalise=True,0.8289958240194352
phikon_v2,breakhis,blur,blur_s3.0,maha,normalise=True,0.9921761818168751
phikon_v2,breakhis,far,far_lung,knn,normalise=False,0.999717077436359
phikon_v2,breakhis,blur,blur_s1.0,knn,normalise=False,0.5650543021224906
phikon_v2,breakhis,blur,blur_s2.0,knn,normalise=False,0.6746328946517262
phikon_v2,breakhis,blur,blur_s3.0,knn,normalise=False,0.9790298212450316
phikon_v2,breakhis,far,far_lung,knn,normalise=True,0.9990175145687178
phikon_v2,breakhis,blur,blur_s1.0,knn,normalise=True,0.5540849140006756
phikon_v2,breakhis,blur,blur_s2.0,knn,normalise=True,0.6946822014102021
phikon_v2,breakhis,blur,blur_s3.0,knn,normalise=True,0.963875539966506
phikon_v2,breakhis,far,far_lung,knn,k=1,0.9942958429458699
phikon_v2,breakhis,blur,blur_s1.0,knn,k=1,0.5682961855544135
phikon_v2,breakhis,blur,blur_s2.0,knn,k=1,0.703977172264589
phikon_v2,breakhis,blur,blur_s3.0,knn,k=1,0.9487629466178871
phikon_v2,breakhis,far,far_lung,knn,k=10,0.9981185082917275
phikon_v2,breakhis,blur,blur_s1.0,knn,k=10,0.5620596712403597
phikon_v2,breakhis,blur,blur_s2.0,knn,k=10,0.7014733089434986
phikon_v2,breakhis,blur,blur_s3.0,knn,k=10,0.9548045339217561
phikon_v2,breakhis,far,far_lung,knn,k=50,0.9990175145687178
phikon_v2,breakhis,blur,blur_s1.0,knn,k=50,0.5540849140006756
phikon_v2,breakhis,blur,blur_s2.0,knn,k=50,0.6946822014102021
phikon_v2,breakhis,blur,blur_s3.0,knn,k=50,0.963875539966506
phikon_v2,breakhis,far,far_lung,knn,k=200,0.9991567094481594
phikon_v2,breakhis,blur,blur_s1.0,knn,k=200,0.5443132632305271
phikon_v2,breakhis,blur,blur_s2.0,knn,k=200,0.6797809227407657
phikon_v2,breakhis,blur,blur_s3.0,knn,k=200,0.9673908387180242
phikon_v2,breakhis,far,far_lung,maha,covariance=ledoit_wolf,0.9999497614139329
phikon_v2,breakhis,blur,blur_s1.0,maha,covariance=ledoit_wolf,0.651205140553012
phikon_v2,breakhis,blur,blur_s2.0,maha,covariance=ledoit_wolf,0.8189700206283378
phikon_v2,breakhis,blur,blur_s3.0,maha,covariance=ledoit_wolf,0.9954166277339735
phikon_v2,breakhis,far,far_lung,maha,covariance=empirical,0.9999520278163119
phikon_v2,breakhis,blur,blur_s1.0,maha,covariance=empirical,0.6556884617872621
phikon_v2,breakhis,blur,blur_s2.0,maha,covariance=empirical,0.8263211839372093
phikon_v2,breakhis,blur,blur_s3.0,maha,covariance=empirical,0.9960281465402612
phikon_v2,pcam,far,far_nct,maha,normalise=False,0.9998032994923858
phikon_v2,pcam,blur,blur_s1.0,maha,normalise=False,0.7984604891906516
phikon_v2,pcam,blur,blur_s2.0,maha,normalise=False,0.9728948987348296
phikon_v2,pcam,blur,blur_s3.0,maha,normalise=False,0.9988593979489294
phikon_v2,pcam,far,far_nct,maha,normalise=True,0.9999665115623237
phikon_v2,pcam,blur,blur_s1.0,maha,normalise=True,0.8017884865623953
phikon_v2,pcam,blur,blur_s2.0,maha,normalise=True,0.9738277525831637
phikon_v2,pcam,blur,blur_s3.0,maha,normalise=True,0.9991456556468861
phikon_v2,pcam,far,far_nct,knn,normalise=False,0.9992220107163
phikon_v2,pcam,blur,blur_s1.0,knn,normalise=False,0.7237130079363034
phikon_v2,pcam,blur,blur_s2.0,knn,normalise=False,0.937061957277951
phikon_v2,pcam,blur,blur_s3.0,knn,normalise=False,0.9970911225488932
phikon_v2,pcam,far,far_nct,knn,normalise=True,0.9997366751269036
phikon_v2,pcam,blur,blur_s1.0,knn,normalise=True,0.726513582545286
phikon_v2,pcam,blur,blur_s2.0,knn,normalise=True,0.9252066208869076
phikon_v2,pcam,blur,blur_s3.0,knn,normalise=True,0.993507868664485
phikon_v2,pcam,far,far_nct,knn,k=1,0.9992963902989284
phikon_v2,pcam,blur,blur_s1.0,knn,k=1,0.7400876729624573
phikon_v2,pcam,blur,blur_s2.0,knn,k=1,0.9398391803447654
phikon_v2,pcam,blur,blur_s3.0,knn,k=1,0.9997817838645675
phikon_v2,pcam,far,far_nct,knn,k=10,0.9998819091934574
phikon_v2,pcam,blur,blur_s1.0,knn,k=10,0.7315281249194774
phikon_v2,pcam,blur,blur_s2.0,knn,k=10,0.9337742211858076
phikon_v2,pcam,blur,blur_s3.0,knn,k=10,0.9999194774407998
phikon_v2,pcam,far,far_nct,knn,k=50,0.9997366751269036
phikon_v2,pcam,blur,blur_s1.0,knn,k=50,0.726513582545286
phikon_v2,pcam,blur,blur_s2.0,knn,k=50,0.9252066208869076
phikon_v2,pcam,blur,blur_s3.0,knn,k=50,0.993507868664485
phikon_v2,pcam,far,far_nct,knn,k=200,0.9980819937958263
phikon_v2,pcam,blur,blur_s1.0,knn,k=200,0.7279545337421732
phikon_v2,pcam,blur,blur_s2.0,knn,k=200,0.925002898812131
phikon_v2,pcam,blur,blur_s3.0,knn,k=200,0.9876220721997474
phikon_v2,pcam,far,far_nct,maha,covariance=ledoit_wolf,0.9998032994923858
phikon_v2,pcam,blur,blur_s1.0,maha,covariance=ledoit_wolf,0.7984604891906516
phikon_v2,pcam,blur,blur_s2.0,maha,covariance=ledoit_wolf,0.9728948987348296
phikon_v2,pcam,blur,blur_s3.0,maha,covariance=ledoit_wolf,0.9988593979489294
phikon_v2,pcam,far,far_nct,maha,covariance=empirical,0.9998092921601806
phikon_v2,pcam,blur,blur_s1.0,maha,covariance=empirical,0.8012248286479942
phikon_v2,pcam,blur,blur_s2.0,maha,covariance=empirical,0.9738031932026077
phikon_v2,pcam,blur,blur_s3.0,maha,covariance=empirical,0.9988835547166894
phikon_v2,sicap,far,far_nct,maha,normalise=False,1.0
phikon_v2,sicap,far,far_nct,maha,normalise=True,1.0
phikon_v2,sicap,far,far_nct,knn,normalise=False,1.0
phikon_v2,sicap,far,far_nct,knn,normalise=True,1.0
phikon_v2,sicap,far,far_nct,knn,k=1,1.0
phikon_v2,sicap,far,far_nct,knn,k=10,1.0
phikon_v2,sicap,far,far_nct,knn,k=50,1.0
phikon_v2,sicap,far,far_nct,knn,k=200,1.0
phikon_v2,sicap,far,far_nct,maha,covariance=ledoit_wolf,1.0
phikon_v2,sicap,far,far_nct,maha,covariance=empirical,1.0
phikon_v2,panda,far,far_nct,maha,normalise=False,0.9999920071615832
phikon_v2,panda,far,far_nct,maha,normalise=True,1.0
phikon_v2,panda,far,far_nct,knn,normalise=False,0.9998346015303622
phikon_v2,panda,far,far_nct,knn,normalise=True,0.9999940320139821
phikon_v2,panda,far,far_nct,knn,k=1,1.0
phikon_v2,panda,far,far_nct,knn,k=10,1.0
phikon_v2,panda,far,far_nct,knn,k=50,0.9999940320139821
phikon_v2,panda,far,far_nct,knn,k=200,0.9995579427499628
phikon_v2,panda,far,far_nct,maha,covariance=ledoit_wolf,0.9999920071615832
phikon_v2,panda,far,far_nct,maha,covariance=empirical,0.9999923268751199
hibou_l,nct,far,far_breakhis,maha,normalise=False,0.9992436699434017
hibou_l,nct,blur,blur_s1.0,maha,normalise=False,0.559466049382716
hibou_l,nct,blur,blur_s2.0,maha,normalise=False,0.798954938271605
hibou_l,nct,blur,blur_s3.0,maha,normalise=False,0.9999916666666667
hibou_l,nct,far,far_breakhis,maha,normalise=True,0.9985913017575216
hibou_l,nct,blur,blur_s1.0,maha,normalise=True,0.5522901234567901
hibou_l,nct,blur,blur_s2.0,maha,normalise=True,0.7803577160493829
hibou_l,nct,blur,blur_s3.0,maha,normalise=True,0.9999827160493827
hibou_l,nct,far,far_breakhis,knn,normalise=False,0.9274828716115581
hibou_l,nct,blur,blur_s1.0,knn,normalise=False,0.49142993827160497
hibou_l,nct,blur,blur_s2.0,knn,normalise=False,0.580029012345679
hibou_l,nct,blur,blur_s3.0,knn,normalise=False,0.9882993827160494
hibou_l,nct,far,far_breakhis,knn,normalise=True,0.9113949955317246
hibou_l,nct,blur,blur_s1.0,knn,normalise=True,0.49088827160493825
hibou_l,nct,blur,blur_s2.0,knn,normalise=True,0.575450925925926
hibou_l,nct,blur,blur_s3.0,knn,normalise=True,0.9816885802469137
hibou_l,nct,far,far_breakhis,knn,k=1,0.9846219839142091
hibou_l,nct,blur,blur_s1.0,knn,k=1,0.5059592592592592
hibou_l,nct,blur,blur_s2.0,knn,k=1,0.6562095679012345
hibou_l,nct,blur,blur_s3.0,knn,k=1,0.9982740740740741
hibou_l,nct,far,far_breakhis,knn,k=10,0.9554209115281501
hibou_l,nct,blur,blur_s1.0,knn,k=10,0.4955104938271605
hibou_l,nct,blur,blur_s2.0,knn,k=10,0.6083944444444445
hibou_l,nct,blur,blur_s3.0,knn,k=10,0.9937799382716049
hibou_l,nct,far,far_breakhis,knn,k=50,0.9113949955317246
hibou_l,nct,blur,blur_s1.0,knn,k=50,0.49088827160493825
hibou_l,nct,blur,blur_s2.0,knn,k=50,0.575450925925926
hibou_l,nct,blur,blur_s3.0,knn,k=50,0.9816885802469137
hibou_l,nct,far,far_breakhis,knn,k=200,0.835089961274948
hibou_l,nct,blur,blur_s1.0,knn,k=200,0.48882901234567905
hibou_l,nct,blur,blur_s2.0,knn,k=200,0.5437123456790124
hibou_l,nct,blur,blur_s3.0,knn,k=200,0.9416632716049382
hibou_l,nct,far,far_breakhis,maha,covariance=ledoit_wolf,0.9992436699434017
hibou_l,nct,blur,blur_s1.0,maha,covariance=ledoit_wolf,0.559466049382716
hibou_l,nct,blur,blur_s2.0,maha,covariance=ledoit_wolf,0.798954938271605
hibou_l,nct,blur,blur_s3.0,maha,covariance=ledoit_wolf,0.9999916666666667
hibou_l,nct,far,far_breakhis,maha,covariance=empirical,0.9994372952040512
hibou_l,nct,blur,blur_s1.0,maha,covariance=empirical,0.5917552469135803
hibou_l,nct,blur,blur_s2.0,maha,covariance=empirical,0.8522206790123457
hibou_l,nct,blur,blur_s3.0,maha,covariance=empirical,1.0
hibou_l,lung,far,far_nct,maha,normalise=False,1.0
hibou_l,lung,blur,blur_s1.0,maha,normalise=False,0.8341558186488428
hibou_l,lung,blur,blur_s2.0,maha,normalise=False,0.9982953927215913
hibou_l,lung,blur,blur_s3.0,maha,normalise=False,1.0
hibou_l,lung,far,far_nct,maha,normalise=True,1.0
hibou_l,lung,blur,blur_s1.0,maha,normalise=True,0.8277381378800115
hibou_l,lung,blur,blur_s2.0,maha,normalise=True,0.9978059338298726
hibou_l,lung,blur,blur_s3.0,maha,normalise=True,1.0
hibou_l,lung,far,far_nct,knn,normalise=False,0.9938190286094478
hibou_l,lung,blur,blur_s1.0,knn,normalise=False,0.5327758175297252
hibou_l,lung,blur,blur_s2.0,knn,normalise=False,0.7591822550121768
hibou_l,lung,blur,blur_s3.0,knn,normalise=False,0.9986522200403701
hibou_l,lung,far,far_nct,knn,normalise=True,0.99151226957849
hibou_l,lung,blur,blur_s1.0,knn,normalise=True,0.5330042316791939
hibou_l,lung,blur,blur_s2.0,knn,normalise=True,0.7568040679306905
hibou_l,lung,blur,blur_s3.0,knn,normalise=True,0.9986141303370095
hibou_l,lung,far,far_nct,knn,k=1,1.0
hibou_l,lung,blur,blur_s1.0,knn,k=1,0.7452621433882541
hibou_l,lung,blur,blur_s2.0,knn,k=1,0.9924269729194617
hibou_l,lung,blur,blur_s3.0,knn,k=1,1.0
hibou_l,lung,far,far_nct,knn,k=10,0.9991585456537904
hibou_l,lung,blur,blur_s1.0,knn,k=10,0.5546845930623886
hibou_l,lung,blur,blur_s2.0,knn,k=10,0.863661318764787
hibou_l,lung,blur,blur_s3.0,knn,k=10,0.9999420589854418
hibou_l,lung,far,far_nct,knn,k=50,0.99151226957849
hibou_l,lung,blur,blur_s1.0,knn,k=50,0.5330042316791939
hibou_l,lung,blur,blur_s2.0,knn,k=50,0.7568040679306905
hibou_l,lung,blur,blur_s3.0,knn,k=50,0.9986141303370095
hibou_l,lung,far,far_nct,knn,k=200,0.9841618723337638
hibou_l,lung,blur,blur_s1.0,knn,k=200,0.5285499696585115
hibou_l,lung,blur,blur_s2.0,knn,k=200,0.7257650540247229
hibou_l,lung,blur,blur_s3.0,knn,k=200,0.9971786323960247
hibou_l,lung,far,far_nct,maha,covariance=ledoit_wolf,1.0
hibou_l,lung,blur,blur_s1.0,maha,covariance=ledoit_wolf,0.8341558186488428
hibou_l,lung,blur,blur_s2.0,maha,covariance=ledoit_wolf,0.9982953927215913
hibou_l,lung,blur,blur_s3.0,maha,covariance=ledoit_wolf,1.0
hibou_l,lung,far,far_nct,maha,covariance=empirical,1.0
hibou_l,lung,blur,blur_s1.0,maha,covariance=empirical,0.9278108309002037
hibou_l,lung,blur,blur_s2.0,maha,covariance=empirical,0.9999945408894206
hibou_l,lung,blur,blur_s3.0,maha,covariance=empirical,1.0
hibou_l,lc_colon,far,far_breakhis,maha,normalise=False,1.0
hibou_l,lc_colon,blur,blur_s1.0,maha,normalise=False,0.8881366207176858
hibou_l,lc_colon,blur,blur_s2.0,maha,normalise=False,0.9993370120073573
hibou_l,lc_colon,blur,blur_s3.0,maha,normalise=False,1.0
hibou_l,lc_colon,far,far_breakhis,maha,normalise=True,1.0
hibou_l,lc_colon,blur,blur_s1.0,maha,normalise=True,0.884602338093565
hibou_l,lc_colon,blur,blur_s2.0,maha,normalise=True,0.99916644277733
hibou_l,lc_colon,blur,blur_s3.0,maha,normalise=True,1.0
hibou_l,lc_colon,far,far_breakhis,knn,normalise=False,0.9996056659137447
hibou_l,lc_colon,blur,blur_s1.0,knn,normalise=False,0.4908756484179635
hibou_l,lc_colon,blur,blur_s2.0,knn,normalise=False,0.7262148924297849
hibou_l,lc_colon,blur,blur_s3.0,knn,normalise=False,0.9999308354172264
hibou_l,lc_colon,far,far_breakhis,knn,normalise=True,0.9994426970087184
hibou_l,lc_colon,blur,blur_s1.0,knn,normalise=True,0.4901321980421739
hibou_l,lc_colon,blur,blur_s2.0,knn,normalise=True,0.7207189258822962
hibou_l,lc_colon,blur,blur_s3.0,knn,normalise=True,0.9998919820061862
hibou_l,lc_colon,far,far_breakhis,knn,k=1,1.0
hibou_l,lc_colon,blur,blur_s1.0,knn,k=1,0.7377684088701512
hibou_l,lc_colon,blur,blur_s2.0,knn,k=1,0.9952833061221679
hibou_l,lc_colon,blur,blur_s3.0,knn,k=1,1.0
hibou_l,lc_colon,far,far_breakhis,knn,k=10,0.9999856452259821
hibou_l,lc_colon,blur,blur_s1.0,knn,k=10,0.525561273344769
hibou_l,lc_colon,blur,blur_s2.0,knn,k=10,0.8549764743973932
hibou_l,lc_colon,blur,blur_s3.0,knn,k=10,0.9999988977755733
hibou_l,lc_colon,far,far_breakhis,knn,k=50,0.9994426970087184
hibou_l,lc_colon,blur,blur_s1.0,knn,k=50,0.4901321980421739
hibou_l,lc_colon,blur,blur_s2.0,knn,k=50,0.7207189258822962
hibou_l,lc_colon,blur,blur_s3.0,knn,k=50,0.9998919820061862
hibou_l,lc_colon,far,far_breakhis,knn,k=200,0.998430826173538
hibou_l,lc_colon,blur,blur_s1.0,knn,k=200,0.4840603192317496
hibou_l,lc_colon,blur,blur_s2.0,knn,k=200,0.6818533903734474
hibou_l,lc_colon,blur,blur_s3.0,knn,k=200,0.9992097050860769
hibou_l,lc_colon,far,far_breakhis,maha,covariance=ledoit_wolf,1.0
hibou_l,lc_colon,blur,blur_s1.0,maha,covariance=ledoit_wolf,0.8881366207176858
hibou_l,lc_colon,blur,blur_s2.0,maha,covariance=ledoit_wolf,0.9993370120073573
hibou_l,lc_colon,blur,blur_s3.0,maha,covariance=ledoit_wolf,1.0
hibou_l,lc_colon,far,far_breakhis,maha,covariance=empirical,1.0
hibou_l,lc_colon,blur,blur_s1.0,maha,covariance=empirical,0.9809064418128837
hibou_l,lc_colon,blur,blur_s2.0,maha,covariance=empirical,0.9999862221946666
hibou_l,lc_colon,blur,blur_s3.0,maha,covariance=empirical,1.0
hibou_l,breakhis,far,far_lung,maha,normalise=False,0.8852575246919818
hibou_l,breakhis,blur,blur_s1.0,maha,normalise=False,0.546363159370081
hibou_l,breakhis,blur,blur_s2.0,maha,normalise=False,0.8321241437802327
hibou_l,breakhis,blur,blur_s3.0,maha,normalise=False,0.9860207433389155
hibou_l,breakhis,far,far_lung,maha,normalise=True,0.8723324207915977
hibou_l,breakhis,blur,blur_s1.0,maha,normalise=True,0.544448389624018
hibou_l,breakhis,blur,blur_s2.0,maha,normalise=True,0.8288779478038366
hibou_l,breakhis,blur,blur_s3.0,maha,normalise=True,0.9855181881563154
hibou_l,breakhis,far,far_lung,knn,normalise=False,0.6631880537930606
hibou_l,breakhis,blur,blur_s1.0,knn,normalise=False,0.5136559595770831
hibou_l,breakhis,blur,blur_s2.0,knn,normalise=False,0.6753735022892423
hibou_l,breakhis,blur,blur_s3.0,knn,normalise=False,0.9493506026780902
hibou_l,breakhis,far,far_lung,knn,normalise=True,0.6271046615175264
hibou_l,breakhis,blur,blur_s1.0,knn,normalise=True,0.5129826276333475
hibou_l,breakhis,blur,blur_s2.0,knn,normalise=True,0.6728403136657346
hibou_l,breakhis,blur,blur_s3.0,knn,normalise=True,0.9470868043326698
hibou_l,breakhis,far,far_lung,knn,k=1,0.7287518638798731
hibou_l,breakhis,blur,blur_s1.0,knn,k=1,0.512535273020003
hibou_l,breakhis,blur,blur_s2.0,knn,k=1,0.7011389429953497
hibou_l,breakhis,blur,blur_s3.0,knn,k=1,0.9579544164049192
hibou_l,breakhis,far,far_lung,knn,k=10,0.6860845726934398
hibou_l,breakhis,blur,blur_s1.0,knn,k=10,0.5110454326560243
hibou_l,breakhis,blur,blur_s2.0,knn,k=10,0.6825492887895407
hibou_l,breakhis,blur,blur_s3.0,knn,k=10,0.9520367428789109
hibou_l,breakhis,far,far_lung,knn,k=50,0.6271046615175264
hibou_l,breakhis,blur,blur_s1.0,knn,k=50,0.5129826276333475
hibou_l,breakhis,blur,blur_s2.0,knn,k=50,0.6728403136657346
hibou_l,breakhis,blur,blur_s3.0,knn,k=50,0.9470868043326698
hibou_l,breakhis,far,far_lung,knn,k=200,0.5548931155194736
hibou_l,breakhis,blur,blur_s1.0,knn,k=200,0.5156978056336207
hibou_l,breakhis,blur,blur_s2.0,knn,k=200,0.6684901063042213
hibou_l,breakhis,blur,blur_s3.0,knn,k=200,0.9406812382752697
hibou_l,breakhis,far,far_lung,maha,covariance=ledoit_wolf,0.8852575246919818
hibou_l,breakhis,blur,blur_s1.0,maha,covariance=ledoit_wolf,0.546363159370081
hibou_l,breakhis,blur,blur_s2.0,maha,covariance=ledoit_wolf,0.8321241437802327
hibou_l,breakhis,blur,blur_s3.0,maha,covariance=ledoit_wolf,0.9860207433389155
hibou_l,breakhis,far,far_lung,maha,covariance=empirical,0.9048662492079396
hibou_l,breakhis,blur,blur_s1.0,maha,covariance=empirical,0.592825938517491
hibou_l,breakhis,blur,blur_s2.0,maha,covariance=empirical,0.9170769573561227
hibou_l,breakhis,blur,blur_s3.0,maha,covariance=empirical,0.9955727418439002
hibou_l,pcam,far,far_nct,maha,normalise=False,1.0
hibou_l,pcam,blur,blur_s1.0,maha,normalise=False,0.5537532370068798
hibou_l,pcam,blur,blur_s2.0,maha,normalise=False,0.8783545698162797
hibou_l,pcam,blur,blur_s3.0,maha,normalise=False,0.9993002589605504
hibou_l,pcam,far,far_nct,maha,normalise=True,1.0
hibou_l,pcam,blur,blur_s1.0,maha,normalise=True,0.5406642950088897
hibou_l,pcam,blur,blur_s2.0,maha,normalise=True,0.8519182084052669
hibou_l,pcam,blur,blur_s3.0,maha,normalise=True,0.998711236440001
hibou_l,pcam,far,far_nct,knn,normalise=False,0.9998579385222786
hibou_l,pcam,blur,blur_s1.0,knn,normalise=False,0.5143905891674612
hibou_l,pcam,blur,blur_s2.0,knn,normalise=False,0.692280221726919
hibou_l,pcam,blur,blur_s3.0,knn,normalise=False,0.9619168556262723
hibou_l,pcam,far,far_nct,knn,normalise=True,0.9996326847151721
hibou_l,pcam,blur,blur_s1.0,knn,normalise=True,0.5037632218042207
hibou_l,pcam,blur,blur_s2.0,knn,normalise=True,0.6640449863433739
hibou_l,pcam,blur,blur_s3.0,knn,normalise=True,0.9547366590223918
hibou_l,pcam,far,far_nct,knn,k=1,0.9999499435984208
hibou_l,pcam,blur,blur_s1.0,knn,k=1,0.5153661199721714
hibou_l,pcam,blur,blur_s2.0,knn,k=1,0.6925632585225077
hibou_l,pcam,blur,blur_s3.0,knn,k=1,0.975287223968667
hibou_l,pcam,far,far_nct,knn,k=10,0.9999781443880429
hibou_l,pcam,blur,blur_s1.0,knn,k=10,0.5101224909170553
hibou_l,pcam,blur,blur_s2.0,knn,k=10,0.6779918962096421
hibou_l,pcam,blur,blur_s3.0,knn,k=10,0.9741953380659124
hibou_l,pcam,far,far_nct,knn,k=50,0.9996326847151721
hibou_l,pcam,blur,blur_s1.0,knn,k=50,0.5037632218042207
hibou_l,pcam,blur,blur_s2.0,knn,k=50,0.6640449863433739
hibou_l,pcam,blur,blur_s3.0,knn,k=50,0.9547366590223918
hibou_l,pcam,far,far_nct,knn,k=200,0.991808728144388
hibou_l,pcam,blur,blur_s1.0,knn,k=200,0.4926398354763071
hibou_l,pcam,blur,blur_s2.0,knn,k=200,0.6427419380813729
hibou_l,pcam,blur,blur_s3.0,knn,k=200,0.9458276430724831
hibou_l,pcam,far,far_nct,maha,covariance=ledoit_wolf,1.0
hibou_l,pcam,blur,blur_s1.0,maha,covariance=ledoit_wolf,0.5537532370068798
hibou_l,pcam,blur,blur_s2.0,maha,covariance=ledoit_wolf,0.8783545698162797
hibou_l,pcam,blur,blur_s3.0,maha,covariance=ledoit_wolf,0.9993002589605504
hibou_l,pcam,far,far_nct,maha,covariance=empirical,1.0
hibou_l,pcam,blur,blur_s1.0,maha,covariance=empirical,0.5884866429178799
hibou_l,pcam,blur,blur_s2.0,maha,covariance=empirical,0.9464915515730887
hibou_l,pcam,blur,blur_s3.0,maha,covariance=empirical,0.9998216425313716
hibou_l,sicap,far,far_nct,maha,normalise=False,1.0
hibou_l,sicap,far,far_nct,maha,normalise=True,1.0
hibou_l,sicap,far,far_nct,knn,normalise=False,0.9974316146211571
hibou_l,sicap,far,far_nct,knn,normalise=True,0.9964702856451223
hibou_l,sicap,far,far_nct,knn,k=1,0.9987251876059066
hibou_l,sicap,far,far_nct,knn,k=10,0.9975638465262648
hibou_l,sicap,far,far_nct,knn,k=50,0.9964702856451223
hibou_l,sicap,far,far_nct,knn,k=200,0.9947255507141128
hibou_l,sicap,far,far_nct,maha,covariance=ledoit_wolf,1.0
hibou_l,sicap,far,far_nct,maha,covariance=empirical,1.0
hibou_l,panda,far,far_nct,maha,normalise=False,0.9995738218556174
hibou_l,panda,far,far_nct,maha,normalise=True,0.9993381929790907
hibou_l,panda,far,far_nct,knn,normalise=False,0.9162500799283843
hibou_l,panda,far,far_nct,knn,normalise=True,0.9014163309674532
hibou_l,panda,far,far_nct,knn,k=1,0.9429770658823029
hibou_l,panda,far,far_nct,knn,k=10,0.9227747937847688
hibou_l,panda,far,far_nct,knn,k=50,0.9014163309674532
hibou_l,panda,far,far_nct,knn,k=200,0.8816162584990515
hibou_l,panda,far,far_nct,maha,covariance=ledoit_wolf,0.9995738218556174
hibou_l,panda,far,far_nct,maha,covariance=empirical,0.9997537140055843
virchow2,nct,far,far_breakhis,maha,normalise=False,0.9999758713136729
virchow2,nct,blur,blur_s1.0,maha,normalise=False,0.6188870370370371
virchow2,nct,blur,blur_s2.0,maha,normalise=False,0.9137484567901233
virchow2,nct,blur,blur_s3.0,maha,normalise=False,0.9995836419753087
virchow2,nct,far,far_breakhis,maha,normalise=True,0.9999085492999703
virchow2,nct,blur,blur_s1.0,maha,normalise=True,0.5867317901234568
virchow2,nct,blur,blur_s2.0,maha,normalise=True,0.8562058641975309
virchow2,nct,blur,blur_s3.0,maha,normalise=True,0.9983351851851852
virchow2,nct,far,far_breakhis,knn,normalise=False,0.9949758713136728
virchow2,nct,blur,blur_s1.0,knn,normalise=False,0.5069098765432098
virchow2,nct,blur,blur_s2.0,knn,normalise=False,0.5807052469135803
virchow2,nct,blur,blur_s3.0,knn,normalise=False,0.9799277777777778
virchow2,nct,far,far_breakhis,knn,normalise=True,0.9793303544831693
virchow2,nct,blur,blur_s1.0,knn,normalise=True,0.5014262345679013
virchow2,nct,blur,blur_s2.0,knn,normalise=True,0.5519694444444445
virchow2,nct,blur,blur_s3.0,knn,normalise=True,0.9485336419753087
virchow2,nct,far,far_breakhis,knn,k=1,0.9989392314566576
virchow2,nct,blur,blur_s1.0,knn,k=1,0.5127814814814815
virchow2,nct,blur,blur_s2.0,knn,k=1,0.6462740740740741
virchow2,nct,blur,blur_s3.0,knn,k=1,0.9765447530864199
virchow2,nct,far,far_breakhis,knn,k=10,0.9926222817992255
virchow2,nct,blur,blur_s1.0,knn,k=10,0.5062682098765432
virchow2,nct,blur,blur_s2.0,knn,k=10,0.5846981481481481
virchow2,nct,blur,blur_s3.0,knn,k=10,0.9662648148148149
virchow2,nct,far,far_breakhis,knn,k=50,0.9793303544831693
virchow2,nct,blur,blur_s1.0,knn,k=50,0.5014262345679013
virchow2,nct,blur,blur_s2.0,knn,k=50,0.5519694444444445
virchow2,nct,blur,blur_s3.0,knn,k=50,0.9485336419753087
virchow2,nct,far,far_breakhis,knn,k=200,0.9468948465892166
virchow2,nct,blur,blur_s1.0,knn,k=200,0.4997441358024691
virchow2,nct,blur,blur_s2.0,knn,k=200,0.5320561728395062
virchow2,nct,blur,blur_s3.0,knn,k=200,0.9115382716049383
virchow2,nct,far,far_breakhis,maha,covariance=ledoit_wolf,0.9999758713136729
virchow2,nct,blur,blur_s1.0,maha,covariance=ledoit_wolf,0.6188870370370371
virchow2,nct,blur,blur_s2.0,maha,covariance=ledoit_wolf,0.9137484567901233
virchow2,nct,blur,blur_s3.0,maha,covariance=ledoit_wolf,0.9995836419753087
virchow2,nct,far,far_breakhis,maha,covariance=empirical,0.9999121239201668
virchow2,nct,blur,blur_s1.0,maha,covariance=empirical,0.6599950617283951
virchow2,nct,blur,blur_s2.0,maha,covariance=empirical,0.9390126543209878
virchow2,nct,blur,blur_s3.0,maha,covariance=empirical,0.9994438271604938
virchow2,lung,far,far_nct,maha,normalise=False,1.0
virchow2,lung,blur,blur_s1.0,maha,normalise=False,0.9784222450815586
virchow2,lung,blur,blur_s2.0,maha,normalise=False,0.9999967741619304
virchow2,lung,blur,blur_s3.0,maha,normalise=False,1.0
virchow2,lung,far,far_nct,maha,normalise=True,1.0
virchow2,lung,blur,blur_s1.0,maha,normalise=True,0.9517678895363862
virchow2,lung,blur,blur_s2.0,maha,normalise=True,0.9995542139929163
virchow2,lung,blur,blur_s3.0,maha,normalise=True,1.0
virchow2,lung,far,far_nct,knn,normalise=False,1.0
virchow2,lung,blur,blur_s1.0,knn,normalise=False,0.5919901696306948
virchow2,lung,blur,blur_s2.0,knn,normalise=False,0.6678669679268568
virchow2,lung,blur,blur_s3.0,knn,normalise=False,0.9998934232730072
virchow2,lung,far,far_nct,knn,normalise=True,0.9997675237759774
virchow2,lung,blur,blur_s1.0,knn,normalise=True,0.570859441426287
virchow2,lung,blur,blur_s2.0,knn,normalise=True,0.6625177839832425
virchow2,lung,blur,blur_s3.0,knn,normalise=True,0.994744117219015
virchow2,lung,far,far_nct,knn,k=1,1.0
virchow2,lung,blur,blur_s1.0,knn,k=1,0.8596646294672119
virchow2,lung,blur,blur_s2.0,knn,k=1,0.9736384512949942
virchow2,lung,blur,blur_s3.0,knn,k=1,1.0
virchow2,lung,far,far_nct,knn,k=10,0.9999984345035419
virchow2,lung,blur,blur_s1.0,knn,k=10,0.6324792761616398
virchow2,lung,blur,blur_s2.0,knn,k=10,0.7893258507124324
virchow2,lung,blur,blur_s3.0,knn,k=10,0.9998415617225033
virchow2,lung,far,far_nct,knn,k=50,0.9997675237759774
virchow2,lung,blur,blur_s1.0,knn,k=50,0.570859441426287
virchow2,lung,blur,blur_s2.0,knn,k=50,0.6625177839832425
virchow2,lung,blur,blur_s3.0,knn,k=50,0.994744117219015
virchow2,lung,far,far_nct,knn,k=200,0.9962523971664514
virchow2,lung,blur,blur_s1.0,knn,k=200,0.5583925698527317
virchow2,lung,blur,blur_s2.0,knn,k=200,0.62822017734417
virchow2,lung,blur,blur_s3.0,knn,k=200,0.974516375532713
virchow2,lung,far,far_nct,maha,covariance=ledoit_wolf,1.0
virchow2,lung,blur,blur_s1.0,maha,covariance=ledoit_wolf,0.9784222450815586
virchow2,lung,blur,blur_s2.0,maha,covariance=ledoit_wolf,0.9999967741619304
virchow2,lung,blur,blur_s3.0,maha,covariance=ledoit_wolf,1.0
virchow2,lung,far,far_nct,maha,covariance=empirical,1.0
virchow2,lung,blur,blur_s1.0,maha,covariance=empirical,0.9903021381971362
virchow2,lung,blur,blur_s2.0,maha,covariance=empirical,1.0
virchow2,lung,blur,blur_s3.0,maha,covariance=empirical,1.0
virchow2,lc_colon,far,far_breakhis,maha,normalise=False,1.0
virchow2,lc_colon,blur,blur_s1.0,maha,normalise=False,0.980475747618162
virchow2,lc_colon,blur,blur_s2.0,maha,normalise=False,1.0
virchow2,lc_colon,blur,blur_s3.0,maha,normalise=False,1.0
virchow2,lc_colon,far,far_breakhis,maha,normalise=True,1.0
virchow2,lc_colon,blur,blur_s1.0,maha,normalise=True,0.965371139631168
virchow2,lc_colon,blur,blur_s2.0,maha,normalise=True,0.9997864440173324
virchow2,lc_colon,blur,blur_s3.0,maha,normalise=True,1.0
virchow2,lc_colon,far,far_breakhis,knn,normalise=False,0.9999437067685575
virchow2,lc_colon,blur,blur_s1.0,knn,normalise=False,0.5463393060119454
virchow2,lc_colon,blur,blur_s2.0,knn,normalise=False,0.7524649182631697
virchow2,lc_colon,blur,blur_s3.0,knn,normalise=False,1.0
virchow2,lc_colon,far,far_breakhis,knn,normalise=True,0.9983874803853272
virchow2,lc_colon,blur,blur_s1.0,knn,normalise=True,0.536763180193027
virchow2,lc_colon,blur,blur_s2.0,knn,normalise=True,0.7452122815356742
virchow2,lc_colon,blur,blur_s3.0,knn,normalise=True,0.9996833860334386
virchow2,lc_colon,far,far_breakhis,knn,k=1,1.0
virchow2,lc_colon,blur,blur_s1.0,knn,k=1,0.7751892037117407
virchow2,lc_colon,blur,blur_s2.0,knn,k=1,0.9848353207817527
virchow2,lc_colon,blur,blur_s3.0,knn,k=1,1.0
virchow2,lc_colon,far,far_breakhis,knn,k=10,0.9999529951517454
virchow2,lc_colon,blur,blur_s1.0,knn,k=10,0.5688511377022754
virchow2,lc_colon,blur,blur_s2.0,knn,k=10,0.8414943407664592
virchow2,lc_colon,blur,blur_s3.0,knn,k=10,1.0
virchow2,lc_colon,far,far_breakhis,knn,k=50,0.9983874803853272
virchow2,lc_colon,blur,blur_s1.0,knn,k=50,0.536763180193027
virchow2,lc_colon,blur,blur_s2.0,knn,k=50,0.7452122815356742
virchow2,lc_colon,blur,blur_s3.0,knn,k=50,0.9996833860334386
virchow2,lc_colon,far,far_breakhis,knn,k=200,0.9933962410194704
virchow2,lc_colon,blur,blur_s1.0,knn,k=200,0.525062792347807
virchow2,lc_colon,blur,blur_s2.0,knn,k=200,0.7005807344948023
virchow2,lc_colon,blur,blur_s3.0,knn,k=200,0.9906630568816693
virchow2,lc_colon,far,far_breakhis,maha,covariance=ledoit_wolf,1.0
virchow2,lc_colon,blur,blur_s1.0,maha,covariance=ledoit_wolf,0.980475747618162
virchow2,lc_colon,blur,blur_s2.0,maha,covariance=ledoit_wolf,1.0
virchow2,lc_colon,blur,blur_s3.0,maha,covariance=ledoit_wolf,1.0
virchow2,lc_colon,far,far_breakhis,maha,covariance=empirical,1.0
virchow2,lc_colon,blur,blur_s1.0,maha,covariance=empirical,0.9969589628068145
virchow2,lc_colon,blur,blur_s2.0,maha,covariance=empirical,1.0
virchow2,lc_colon,blur,blur_s3.0,maha,covariance=empirical,1.0
virchow2,breakhis,far,far_lung,maha,normalise=False,0.9875412083890884
virchow2,breakhis,blur,blur_s1.0,maha,normalise=False,0.6312279970387196
virchow2,breakhis,blur,blur_s2.0,maha,normalise=False,0.8615408721402439
virchow2,breakhis,blur,blur_s3.0,maha,normalise=False,0.9994954322966456
virchow2,breakhis,far,far_lung,maha,normalise=True,0.9461627446888278
virchow2,breakhis,blur,blur_s1.0,maha,normalise=True,0.5953453269986847
virchow2,breakhis,blur,blur_s2.0,maha,normalise=True,0.8260992316483264
virchow2,breakhis,blur,blur_s3.0,maha,normalise=True,0.997069482279036
virchow2,breakhis,far,far_lung,knn,normalise=False,0.9663648888943451
virchow2,breakhis,blur,blur_s1.0,knn,normalise=False,0.5342647471052044
virchow2,breakhis,blur,blur_s2.0,knn,normalise=False,0.5900015093905657
virchow2,breakhis,blur,blur_s3.0,knn,normalise=False,0.9804417483055294
virchow2,breakhis,far,far_lung,knn,normalise=True,0.7693448302889568
virchow2,breakhis,blur,blur_s1.0,knn,normalise=True,0.4977791833478282
virchow2,breakhis,blur,blur_s2.0,knn,normalise=True,0.5496309180688426
virchow2,breakhis,blur,blur_s3.0,knn,normalise=True,0.9365411955810794
virchow2,breakhis,far,far_lung,knn,k=1,0.8367412155660293
virchow2,breakhis,blur,blur_s1.0,knn,k=1,0.4997356410237981
virchow2,breakhis,blur,blur_s2.0,knn,k=1,0.6026918902601184
virchow2,breakhis,blur,blur_s3.0,knn,k=1,0.907003715975821
virchow2,breakhis,far,far_lung,knn,k=10,0.7983821664351474
virchow2,breakhis,blur,blur_s1.0,knn,k=10,0.5007430514127177
virchow2,breakhis,blur,blur_s2.0,knn,k=10,0.5751148933723379
virchow2,breakhis,blur,blur_s3.0,knn,k=10,0.9321286000761883
virchow2,breakhis,far,far_lung,knn,k=50,0.7693448302889568
virchow2,breakhis,blur,blur_s1.0,knn,k=50,0.4977791833478282
virchow2,breakhis,blur,blur_s2.0,knn,k=50,0.5496309180688426
virchow2,breakhis,blur,blur_s3.0,knn,k=50,0.9365411955810794
virchow2,breakhis,far,far_lung,knn,k=200,0.7670992032651304
virchow2,breakhis,blur,blur_s1.0,knn,k=200,0.49429349740169193
virchow2,breakhis,blur,blur_s2.0,knn,k=200,0.5244867712698287
virchow2,breakhis,blur,blur_s3.0,knn,k=200,0.9207342825722891
virchow2,breakhis,far,far_lung,maha,covariance=ledoit_wolf,0.9875412083890884
virchow2,breakhis,blur,blur_s1.0,maha,covariance=ledoit_wolf,0.6312279970387196
virchow2,breakhis,blur,blur_s2.0,maha,covariance=ledoit_wolf,0.8615408721402439
virchow2,breakhis,blur,blur_s3.0,maha,covariance=ledoit_wolf,0.9994954322966456
virchow2,breakhis,far,far_lung,maha,covariance=empirical,0.9829134035981028
virchow2,breakhis,blur,blur_s1.0,maha,covariance=empirical,0.6618004873175254
virchow2,breakhis,blur,blur_s2.0,maha,covariance=empirical,0.90519877236234
virchow2,breakhis,blur,blur_s3.0,maha,covariance=empirical,0.9992165544207176
virchow2,pcam,far,far_nct,maha,normalise=False,0.9993510293288212
virchow2,pcam,blur,blur_s1.0,maha,normalise=False,0.6115261601690329
virchow2,pcam,blur,blur_s2.0,maha,normalise=False,0.9377999465330207
virchow2,pcam,blur,blur_s3.0,maha,normalise=False,0.9993674952974825
virchow2,pcam,far,far_nct,maha,normalise=True,0.9979931613085167
virchow2,pcam,blur,blur_s1.0,maha,normalise=True,0.6137606611868381
virchow2,pcam,blur,blur_s2.0,maha,normalise=True,0.9177792200262824
virchow2,pcam,blur,blur_s3.0,maha,normalise=True,0.9974023422402021
virchow2,pcam,far,far_nct,knn,normalise=False,0.9862954737732657
virchow2,pcam,blur,blur_s1.0,knn,normalise=False,0.5447234372181711
virchow2,pcam,blur,blur_s2.0,knn,normalise=False,0.745251584683965
virchow2,pcam,blur,blur_s3.0,knn,normalise=False,0.9845565783709963
virchow2,pcam,far,far_nct,knn,normalise=True,0.9634094754653131
virchow2,pcam,blur,blur_s1.0,knn,normalise=True,0.5454131129377207
virchow2,pcam,blur,blur_s2.0,knn,normalise=True,0.7094480339611946
virchow2,pcam,blur,blur_s3.0,knn,normalise=True,0.9415744414955294
virchow2,pcam,far,far_nct,knn,k=1,0.9679420473773266
virchow2,pcam,blur,blur_s1.0,knn,k=1,0.5497053679558865
virchow2,pcam,blur,blur_s2.0,knn,k=1,0.7318526308330542
virchow2,pcam,blur,blur_s3.0,knn,k=1,0.8096112531886934
virchow2,pcam,far,far_nct,knn,k=10,0.9650049351381839
virchow2,pcam,blur,blur_s1.0,knn,k=10,0.5449118600066994
virchow2,pcam,blur,blur_s2.0,knn,k=10,0.7211958727357056
virchow2,pcam,blur,blur_s3.0,knn,k=10,0.9506215536344662
virchow2,pcam,far,far_nct,knn,k=50,0.9634094754653131
virchow2,pcam,blur,blur_s1.0,knn,k=50,0.5454131129377207
virchow2,pcam,blur,blur_s2.0,knn,k=50,0.7094480339611946
virchow2,pcam,blur,blur_s3.0,knn,k=50,0.9415744414955294
virchow2,pcam,far,far_nct,knn,k=200,0.9596845036661027
virchow2,pcam,blur,blur_s1.0,knn,k=200,0.5533977299080111
virchow2,pcam,blur,blur_s2.0,knn,k=200,0.717858615269654
virchow2,pcam,blur,blur_s3.0,knn,k=200,0.940485776495143
virchow2,pcam,far,far_nct,maha,covariance=ledoit_wolf,0.9993510293288212
virchow2,pcam,blur,blur_s1.0,maha,covariance=ledoit_wolf,0.6115261601690329
virchow2,pcam,blur,blur_s2.0,maha,covariance=ledoit_wolf,0.9377999465330207
virchow2,pcam,blur,blur_s3.0,maha,covariance=ledoit_wolf,0.9993674952974825
virchow2,pcam,far,far_nct,maha,covariance=empirical,0.9990485758601241
virchow2,pcam,blur,blur_s1.0,maha,covariance=empirical,0.6305600827127729
virchow2,pcam,blur,blur_s2.0,maha,covariance=empirical,0.9456859233682909
virchow2,pcam,blur,blur_s3.0,maha,covariance=empirical,0.9992612055193383
virchow2,sicap,far,far_nct,maha,normalise=False,1.0
virchow2,sicap,far,far_nct,maha,normalise=True,1.0
virchow2,sicap,far,far_nct,knn,normalise=False,1.0
virchow2,sicap,far,far_nct,knn,normalise=True,0.9950829097070927
virchow2,sicap,far,far_nct,knn,k=1,0.9994771241830066
virchow2,sicap,far,far_nct,knn,k=10,0.9982183490680223
virchow2,sicap,far,far_nct,knn,k=50,0.9950829097070927
virchow2,sicap,far,far_nct,knn,k=200,0.9875653594771241
virchow2,sicap,far,far_nct,maha,covariance=ledoit_wolf,1.0
virchow2,sicap,far,far_nct,maha,covariance=empirical,1.0
virchow2,panda,far,far_nct,maha,normalise=False,0.9999751689153186
virchow2,panda,far,far_nct,maha,normalise=True,0.999864761173988
virchow2,panda,far,far_nct,knn,normalise=False,0.99905013108255
virchow2,panda,far,far_nct,knn,normalise=True,0.9915542340729373
virchow2,panda,far,far_nct,knn,k=1,0.9981677217213376
virchow2,panda,far,far_nct,knn,k=10,0.9964633288573437
virchow2,panda,far,far_nct,knn,k=50,0.9915542340729373
virchow2,panda,far,far_nct,knn,k=200,0.981068482639555
virchow2,panda,far,far_nct,maha,covariance=ledoit_wolf,0.9999751689153186
virchow2,panda,far,far_nct,maha,covariance=empirical,0.9999780463371486
uni,nct,far,far_breakhis,maha,normalise=False,0.9979320822162645
uni,nct,blur,blur_s1.0,maha,normalise=False,0.5681277777777778
uni,nct,blur,blur_s2.0,maha,normalise=False,0.8067648148148148
uni,nct,blur,blur_s3.0,maha,normalise=False,0.98164012345679
uni,nct,far,far_breakhis,maha,normalise=True,1.0
uni,nct,blur,blur_s1.0,maha,normalise=True,0.5726586419753087
uni,nct,blur,blur_s2.0,maha,normalise=True,0.8180175925925925
uni,nct,blur,blur_s3.0,maha,normalise=True,0.9945348765432098
uni,nct,far,far_breakhis,knn,normalise=False,0.9213413762287755
uni,nct,blur,blur_s1.0,knn,normalise=False,0.5087135802469136
uni,nct,blur,blur_s2.0,knn,normalise=False,0.606558024691358
uni,nct,blur,blur_s3.0,knn,normalise=False,0.8061296296296296
uni,nct,far,far_breakhis,knn,normalise=True,0.9999445933869526
uni,nct,blur,blur_s1.0,knn,normalise=True,0.5146058641975308
uni,nct,blur,blur_s2.0,knn,normalise=True,0.6258762345679012
uni,nct,blur,blur_s3.0,knn,normalise=True,0.9122327160493827
uni,nct,far,far_breakhis,knn,k=1,0.9999955317247542
uni,nct,blur,blur_s1.0,knn,k=1,0.5361740740740741
uni,nct,blur,blur_s2.0,knn,k=1,0.7184123456790124
uni,nct,blur,blur_s3.0,knn,k=1,0.9751567901234568
uni,nct,far,far_breakhis,knn,k=10,0.9999874888293119
uni,nct,blur,blur_s1.0,knn,k=10,0.5237842592592592
uni,nct,blur,blur_s2.0,knn,k=10,0.667241049382716
uni,nct,blur,blur_s3.0,knn,k=10,0.9491570987654321
uni,nct,far,far_breakhis,knn,k=50,0.9999445933869526
uni,nct,blur,blur_s1.0,knn,k=50,0.5146058641975308
uni,nct,blur,blur_s2.0,knn,k=50,0.6258762345679012
uni,nct,blur,blur_s3.0,knn,k=50,0.9122327160493827
uni,nct,far,far_breakhis,knn,k=200,0.9961635388739947
uni,nct,blur,blur_s1.0,knn,k=200,0.506142901234568
uni,nct,blur,blur_s2.0,knn,k=200,0.5994243827160494
uni,nct,blur,blur_s3.0,knn,k=200,0.8574308641975309
uni,nct,far,far_breakhis,maha,covariance=ledoit_wolf,0.9979320822162645
uni,nct,blur,blur_s1.0,maha,covariance=ledoit_wolf,0.5681277777777778
uni,nct,blur,blur_s2.0,maha,covariance=ledoit_wolf,0.8067648148148148
uni,nct,blur,blur_s3.0,maha,covariance=ledoit_wolf,0.98164012345679
uni,nct,far,far_breakhis,maha,covariance=empirical,0.9987411379207626
uni,nct,blur,blur_s1.0,maha,covariance=empirical,0.5930873456790122
uni,nct,blur,blur_s2.0,maha,covariance=empirical,0.8328293209876543
uni,nct,blur,blur_s3.0,maha,covariance=empirical,0.9861
uni,lung,far,far_nct,maha,normalise=False,1.0
uni,lung,blur,blur_s1.0,maha,normalise=False,0.7635459454255197
uni,lung,blur,blur_s2.0,maha,normalise=False,0.9695586346317786
uni,lung,blur,blur_s3.0,maha,normalise=False,0.9999966500912354
uni,lung,far,far_nct,maha,normalise=True,1.0
uni,lung,blur,blur_s1.0,maha,normalise=True,0.7428448740378474
uni,lung,blur,blur_s2.0,maha,normalise=True,0.936217861192436
uni,lung,blur,blur_s3.0,maha,normalise=True,0.9999933001824708
uni,lung,far,far_nct,knn,normalise=False,0.9999821924777895
uni,lung,blur,blur_s1.0,knn,normalise=False,0.5179151259671155
uni,lung,blur,blur_s2.0,knn,normalise=False,0.5827282922500109
uni,lung,blur,blur_s3.0,knn,normalise=False,0.8391082245098929
uni,lung,far,far_nct,knn,normalise=True,1.0
uni,lung,blur,blur_s1.0,knn,normalise=True,0.5369534019005894
uni,lung,blur,blur_s2.0,knn,normalise=True,0.586967043473503
uni,lung,blur,blur_s3.0,knn,normalise=True,0.8083560620507322
uni,lung,far,far_nct,knn,k=1,1.0
uni,lung,blur,blur_s1.0,knn,k=1,0.6140179289598495
uni,lung,blur,blur_s2.0,knn,k=1,0.8346177338462746
uni,lung,blur,blur_s3.0,knn,k=1,0.9996329988842322
uni,lung,far,far_nct,knn,k=10,1.0
uni,lung,blur,blur_s1.0,knn,k=10,0.5947265488086049
uni,lung,blur,blur_s2.0,knn,k=10,0.7395454620460921
uni,lung,blur,blur_s3.0,knn,k=10,0.9742261741771414
uni,lung,far,far_nct,knn,k=50,1.0
uni,lung,blur,blur_s1.0,knn,k=50,0.5369534019005894
uni,lung,blur,blur_s2.0,knn,k=50,0.586967043473503
uni,lung,blur,blur_s3.0,knn,k=50,0.8083560620507322
uni,lung,far,far_nct,knn,k=200,1.0
uni,lung,blur,blur_s1.0,knn,k=200,0.5340800486754151
uni,lung,blur,blur_s2.0,knn,k=200,0.5732700109591644
uni,lung,blur,blur_s3.0,knn,k=200,0.7209869674901279
uni,lung,far,far_nct,maha,covariance=ledoit_wolf,1.0
uni,lung,blur,blur_s1.0,maha,covariance=ledoit_wolf,0.7635459454255197
uni,lung,blur,blur_s2.0,maha,covariance=ledoit_wolf,0.9695586346317786
uni,lung,blur,blur_s3.0,maha,covariance=ledoit_wolf,0.9999966500912354
uni,lung,far,far_nct,maha,covariance=empirical,1.0
uni,lung,blur,blur_s1.0,maha,covariance=empirical,0.8187312257775231
uni,lung,blur,blur_s2.0,maha,covariance=empirical,0.9868870923176541
uni,lung,blur,blur_s3.0,maha,covariance=empirical,0.999999875929305
uni,lc_colon,far,far_breakhis,maha,normalise=False,1.0
uni,lc_colon,blur,blur_s1.0,maha,normalise=False,0.8153355240043814
uni,lc_colon,blur,blur_s2.0,maha,normalise=False,0.9908303194384167
uni,lc_colon,blur,blur_s3.0,maha,normalise=False,1.0
uni,lc_colon,far,far_breakhis,maha,normalise=True,1.0
uni,lc_colon,blur,blur_s1.0,maha,normalise=True,0.7842279951226568
uni,lc_colon,blur,blur_s2.0,maha,normalise=True,0.9846837649230853
uni,lc_colon,blur,blur_s3.0,maha,normalise=True,1.0
uni,lc_colon,far,far_breakhis,knn,normalise=False,0.9968425126483854
uni,lc_colon,blur,blur_s1.0,knn,normalise=False,0.5328370567852247
uni,lc_colon,blur,blur_s2.0,knn,normalise=False,0.6159194273944104
uni,lc_colon,blur,blur_s3.0,knn,normalise=False,0.8677407843704578
uni,lc_colon,far,far_breakhis,knn,normalise=True,1.0
uni,lc_colon,blur,blur_s1.0,knn,normalise=True,0.5316279165891665
uni,lc_colon,blur,blur_s2.0,knn,normalise=True,0.6173542480418294
uni,lc_colon,blur,blur_s3.0,knn,normalise=True,0.9249087564841798
uni,lc_colon,far,far_breakhis,knn,k=1,1.0
uni,lc_colon,blur,blur_s1.0,knn,k=1,0.587010560687788
uni,lc_colon,blur,blur_s2.0,knn,k=1,0.8553035594960079
uni,lc_colon,blur,blur_s3.0,knn,k=1,0.9999572888034665
uni,lc_colon,far,far_breakhis,knn,k=10,1.0
uni,lc_colon,blur,blur_s1.0,knn,k=10,0.5789207845082357
uni,lc_colon,blur,blur_s2.0,knn,k=10,0.7899777488443865
uni,lc_colon,blur,blur_s3.0,knn,k=10,0.994263748527497
uni,lc_colon,far,far_breakhis,knn,k=50,1.0
uni,lc_colon,blur,blur_s1.0,knn,k=50,0.5316279165891665
uni,lc_colon,blur,blur_s2.0,knn,k=50,0.6173542480418294
uni,lc_colon,blur,blur_s3.0,knn,k=50,0.9249087564841798
uni,lc_colon,far,far_breakhis,knn,k=200,1.0
uni,lc_colon,blur,blur_s1.0,knn,k=200,0.5259225274006103
uni,lc_colon,blur,blur_s2.0,knn,k=200,0.5911163466771377
uni,lc_colon,blur,blur_s3.0,knn,k=200,0.8464595862525058
uni,lc_colon,far,far_breakhis,maha,covariance=ledoit_wolf,1.0
uni,lc_colon,blur,blur_s1.0,maha,covariance=ledoit_wolf,0.8153355240043814
uni,lc_colon,blur,blur_s2.0,maha,covariance=ledoit_wolf,0.9908303194384167
uni,lc_colon,blur,blur_s3.0,maha,covariance=ledoit_wolf,1.0
uni,lc_colon,far,far_breakhis,maha,covariance=empirical,1.0
uni,lc_colon,blur,blur_s1.0,maha,covariance=empirical,0.8754260441854216
uni,lc_colon,blur,blur_s2.0,maha,covariance=empirical,0.9969410516598811
uni,lc_colon,blur,blur_s3.0,maha,covariance=empirical,1.0
uni,breakhis,far,far_lung,maha,normalise=False,0.9976221661707337
uni,breakhis,blur,blur_s1.0,maha,normalise=False,0.5526330240280602
uni,breakhis,blur,blur_s2.0,maha,normalise=False,0.6717733901630861
uni,breakhis,blur,blur_s3.0,maha,normalise=False,0.8939200310503203
uni,breakhis,far,far_lung,maha,normalise=True,0.9996607951106146
uni,breakhis,blur,blur_s1.0,maha,normalise=True,0.5405389243076569
uni,breakhis,blur,blur_s2.0,maha,normalise=True,0.6462644021016467
uni,breakhis,blur,blur_s3.0,maha,normalise=True,0.8958684386432736
uni,breakhis,far,far_lung,knn,normalise=False,0.9699025541410478
uni,breakhis,blur,blur_s1.0,knn,normalise=False,0.5164131130102279
uni,breakhis,blur,blur_s2.0,knn,normalise=False,0.578731393167492
uni,breakhis,blur,blur_s3.0,knn,normalise=False,0.7040188601944959
uni,breakhis,far,far_lung,knn,normalise=True,0.998415784737102
uni,breakhis,blur,blur_s1.0,knn,normalise=True,0.5050808961467415
uni,breakhis,blur,blur_s2.0,knn,normalise=True,0.5518872413371763
uni,breakhis,blur,blur_s3.0,knn,normalise=True,0.7449124194093253
uni,breakhis,far,far_lung,knn,k=1,0.9964753665669766
uni,breakhis,blur,blur_s1.0,knn,k=1,0.5067124754724034
uni,breakhis,blur,blur_s2.0,knn,k=1,0.5600385253972932
uni,breakhis,blur,blur_s3.0,knn,k=1,0.779310136635784
uni,breakhis,far,far_lung,knn,k=10,0.9978510728110095
uni,breakhis,blur,blur_s1.0,knn,k=10,0.5047462426956278
uni,breakhis,blur,blur_s2.0,knn,k=10,0.5536030590315463
uni,breakhis,blur,blur_s3.0,knn,k=10,0.7589345140121758
uni,breakhis,far,far_lung,knn,k=50,0.998415784737102
uni,breakhis,blur,blur_s1.0,knn,k=50,0.5050808961467415
uni,breakhis,blur,blur_s2.0,knn,k=50,0.5518872413371763
uni,breakhis,blur,blur_s3.0,knn,k=50,0.7449124194093253
uni,breakhis,far,far_lung,knn,k=200,0.9988709538815447
uni,breakhis,blur,blur_s1.0,knn,k=200,0.505285598257732
uni,breakhis,blur,blur_s2.0,knn,k=200,0.5538172487403776
uni,breakhis,blur,blur_s3.0,knn,k=200,0.7374413673641009
uni,breakhis,far,far_lung,maha,covariance=ledoit_wolf,0.9976221661707337
uni,breakhis,blur,blur_s1.0,maha,covariance=ledoit_wolf,0.5526330240280602
uni,breakhis,blur,blur_s2.0,maha,covariance=ledoit_wolf,0.6717733901630861
uni,breakhis,blur,blur_s3.0,maha,covariance=ledoit_wolf,0.8939200310503203
uni,breakhis,far,far_lung,maha,covariance=empirical,0.9980355957380302
uni,breakhis,blur,blur_s1.0,maha,covariance=empirical,0.5666677687613654
uni,breakhis,blur,blur_s2.0,maha,covariance=empirical,0.6990056709959822
uni,breakhis,blur,blur_s3.0,maha,covariance=empirical,0.9152044505458962
uni,pcam,far,far_nct,maha,normalise=False,0.9990231951494641
uni,pcam,blur,blur_s1.0,maha,normalise=False,0.6187868793321136
uni,pcam,blur,blur_s2.0,maha,normalise=False,0.9082844024581928
uni,pcam,blur,blur_s3.0,maha,normalise=False,0.9756250161045119
uni,pcam,far,far_nct,maha,normalise=True,0.9997581782289905
uni,pcam,blur,blur_s1.0,maha,normalise=True,0.6100453503053416
uni,pcam,blur,blur_s2.0,maha,normalise=True,0.9204843754026129
uni,pcam,blur,blur_s3.0,maha,normalise=True,0.9869106553892139
uni,pcam,far,far_nct,knn,normalise=False,0.9920738155668359
uni,pcam,blur,blur_s1.0,knn,normalise=False,0.5430892318792033
uni,pcam,blur,blur_s2.0,knn,normalise=False,0.7106784186657734
uni,pcam,blur,blur_s3.0,knn,normalise=False,0.8244165335360354
uni,pcam,far,far_nct,knn,normalise=True,0.9983601240834744
uni,pcam,blur,blur_s1.0,knn,normalise=True,0.5478352315184623
uni,pcam,blur,blur_s2.0,knn,normalise=True,0.7160150512767657
uni,pcam,blur,blur_s3.0,knn,normalise=True,0.8872402342240202
uni,pcam,far,far_nct,knn,k=1,0.995967992103779
uni,pcam,blur,blur_s1.0,knn,k=1,0.5508608666804091
uni,pcam,blur,blur_s2.0,knn,k=1,0.7263307963359014
uni,pcam,blur,blur_s3.0,knn,k=1,0.9072464666701023
uni,pcam,far,far_nct,knn,k=10,0.9997899041173153
uni,pcam,blur,blur_s1.0,knn,k=10,0.5473319655234611
uni,pcam,blur,blur_s2.0,knn,k=10,0.7201486768533073
uni,pcam,blur,blur_s3.0,knn,k=10,0.9010639445747121
uni,pcam,far,far_nct,knn,k=50,0.9983601240834744
uni,pcam,blur,blur_s1.0,knn,k=50,0.5478352315184623
uni,pcam,blur,blur_s2.0,knn,k=50,0.7160150512767657
uni,pcam,blur,blur_s3.0,knn,k=50,0.8872402342240202
uni,pcam,far,far_nct,knn,k=200,0.9968383389734912
uni,pcam,blur,blur_s1.0,knn,k=200,0.5513456124867944
uni,pcam,blur,blur_s2.0,knn,k=200,0.7205512896493083
uni,pcam,blur,blur_s3.0,knn,k=200,0.8828328319461981
uni,pcam,far,far_nct,maha,covariance=ledoit_wolf,0.9990231951494641
uni,pcam,blur,blur_s1.0,maha,covariance=ledoit_wolf,0.6187868793321136
uni,pcam,blur,blur_s2.0,maha,covariance=ledoit_wolf,0.9082844024581928
uni,pcam,blur,blur_s3.0,maha,covariance=ledoit_wolf,0.9756250161045119
uni,pcam,far,far_nct,maha,covariance=empirical,0.9988867738296672
uni,pcam,blur,blur_s1.0,maha,covariance=empirical,0.6317119579221315
uni,pcam,blur,blur_s2.0,maha,covariance=empirical,0.9233461471565875
uni,pcam,blur,blur_s3.0,maha,covariance=empirical,0.9792525573964802
uni,sicap,far,far_nct,maha,normalise=False,1.0
uni,sicap,far,far_nct,maha,normalise=True,1.0
uni,sicap,far,far_nct,knn,normalise=False,0.9999712539336721
uni,sicap,far,far_nct,knn,normalise=True,1.0
uni,sicap,far,far_nct,knn,k=1,1.0
uni,sicap,far,far_nct,knn,k=10,1.0
uni,sicap,far,far_nct,knn,k=50,1.0
uni,sicap,far,far_nct,knn,k=200,1.0
uni,sicap,far,far_nct,maha,covariance=ledoit_wolf,1.0
uni,sicap,far,far_nct,maha,covariance=empirical,1.0
uni,panda,far,far_nct,maha,normalise=False,0.9999994671441056
uni,panda,far,far_nct,maha,normalise=True,1.0
uni,panda,far,far_nct,knn,normalise=False,0.998348253298378
uni,panda,far,far_nct,knn,normalise=True,0.9999989342882111
uni,panda,far,far_nct,knn,k=1,0.9999998934288211
uni,panda,far,far_nct,knn,k=10,0.9999998934288211
uni,panda,far,far_nct,knn,k=50,0.9999989342882111
uni,panda,far,far_nct,knn,k=200,0.9996100560564402
uni,panda,far,far_nct,maha,covariance=ledoit_wolf,0.9999994671441056
uni,panda,far,far_nct,maha,covariance=empirical,0.9999994671441056
hoptimus,nct,far,far_breakhis,maha,normalise=False,0.9999645516830504
hoptimus,nct,blur,blur_s1.0,maha,normalise=False,0.5643055555555556
hoptimus,nct,blur,blur_s2.0,maha,normalise=False,0.8142191358024691
hoptimus,nct,blur,blur_s3.0,maha,normalise=False,0.9593330246913581
hoptimus,nct,far,far_breakhis,maha,normalise=True,0.9999502532022639
hoptimus,nct,blur,blur_s1.0,maha,normalise=True,0.5594620370370371
hoptimus,nct,blur,blur_s2.0,maha,normalise=True,0.7940712962962962
hoptimus,nct,blur,blur_s3.0,maha,normalise=True,0.9542209876543208
hoptimus,nct,far,far_breakhis,knn,normalise=False,0.9960560023830801
hoptimus,nct,blur,blur_s1.0,knn,normalise=False,0.5065287037037036
hoptimus,nct,blur,blur_s2.0,knn,normalise=False,0.5629141975308642
hoptimus,nct,blur,blur_s3.0,knn,normalise=False,0.8724666666666667
hoptimus,nct,far,far_breakhis,knn,normalise=True,0.996086982424784
hoptimus,nct,blur,blur_s1.0,knn,normalise=True,0.5061657407407407
hoptimus,nct,blur,blur_s2.0,knn,normalise=True,0.5582728395061729
hoptimus,nct,blur,blur_s3.0,knn,normalise=True,0.8491512345679013
hoptimus,nct,far,far_breakhis,knn,k=1,0.9998573130771522
hoptimus,nct,blur,blur_s1.0,knn,k=1,0.5145132716049383
hoptimus,nct,blur,blur_s2.0,knn,k=1,0.631117901234568
hoptimus,nct,blur,blur_s3.0,knn,k=1,0.9173441358024692
hoptimus,nct,far,far_breakhis,knn,k=10,0.9989490616621983
hoptimus,nct,blur,blur_s1.0,knn,k=10,0.5093222222222222
hoptimus,nct,blur,blur_s2.0,knn,k=10,0.5879342592592592
hoptimus,nct,blur,blur_s3.0,knn,k=10,0.8900839506172841
hoptimus,nct,far,far_breakhis,knn,k=50,0.996086982424784
hoptimus,nct,blur,blur_s1.0,knn,k=50,0.5061657407407407
hoptimus,nct,blur,blur_s2.0,knn,k=50,0.5582728395061729
hoptimus,nct,blur,blur_s3.0,knn,k=50,0.8491512345679013
hoptimus,nct,far,far_breakhis,knn,k=200,0.9934259755734286
hoptimus,nct,blur,blur_s1.0,knn,k=200,0.505349074074074
hoptimus,nct,blur,blur_s2.0,knn,k=200,0.5471549382716049
hoptimus,nct,blur,blur_s3.0,knn,k=200,0.8130104938271605
hoptimus,nct,far,far_breakhis,maha,covariance=ledoit_wolf,0.9999645516830504
hoptimus,nct,blur,blur_s1.0,maha,covariance=ledoit_wolf,0.5643055555555556
hoptimus,nct,blur,blur_s2.0,maha,covariance=ledoit_wolf,0.8142191358024691
hoptimus,nct,blur,blur_s3.0,maha,covariance=ledoit_wolf,0.9593330246913581
hoptimus,nct,far,far_breakhis,maha,covariance=empirical,0.9999886803693775
hoptimus,nct,blur,blur_s1.0,maha,covariance=empirical,0.7288993827160495
hoptimus,nct,blur,blur_s2.0,maha,covariance=empirical,0.9747435185185185
hoptimus,nct,blur,blur_s3.0,maha,covariance=empirical,0.9951413580246914
hoptimus,lung,far,far_nct,maha,normalise=False,1.0
hoptimus,lung,blur,blur_s1.0,maha,normalise=False,0.9771731013244422
hoptimus,lung,blur,blur_s2.0,maha,normalise=False,0.9999946649601156
hoptimus,lung,blur,blur_s3.0,maha,normalise=False,1.0
hoptimus,lung,far,far_nct,maha,normalise=True,1.0
hoptimus,lung,blur,blur_s1.0,maha,normalise=True,0.9734937848646406
hoptimus,lung,blur,blur_s2.0,maha,normalise=True,0.9999939205359457
hoptimus,lung,blur,blur_s3.0,maha,normalise=True,1.0
hoptimus,lung,far,far_nct,knn,normalise=False,1.0
hoptimus,lung,blur,blur_s1.0,knn,normalise=False,0.606282741480965
hoptimus,lung,blur,blur_s2.0,knn,normalise=False,0.8174175652590142
hoptimus,lung,blur,blur_s3.0,knn,normalise=False,0.999321829581208
hoptimus,lung,far,far_nct,knn,normalise=True,1.0
hoptimus,lung,blur,blur_s1.0,knn,normalise=True,0.6020487049438822
hoptimus,lung,blur,blur_s2.0,knn,normalise=True,0.7928771262150088
hoptimus,lung,blur,blur_s3.0,knn,normalise=True,0.9970531969233941
hoptimus,lung,far,far_nct,knn,k=1,1.0
hoptimus,lung,blur,blur_s1.0,knn,k=1,0.8529904945718452
hoptimus,lung,blur,blur_s2.0,knn,k=1,0.998653832959405
hoptimus,lung,blur,blur_s3.0,knn,k=1,1.0
hoptimus,lung,far,far_nct,knn,k=10,1.0
hoptimus,lung,blur,blur_s1.0,knn,k=10,0.7138005446951651
hoptimus,lung,blur,blur_s2.0,knn,k=10,0.9382984026766517
hoptimus,lung,blur,blur_s3.0,knn,k=10,0.9997878391115744
hoptimus,lung,far,far_nct,knn,k=50,1.0
hoptimus,lung,blur,blur_s1.0,knn,k=50,0.6020487049438822
hoptimus,lung,blur,blur_s2.0,knn,k=50,0.7928771262150088
hoptimus,lung,blur,blur_s3.0,knn,k=50,0.9970531969233941
hoptimus,lung,far,far_nct,knn,k=200,1.0
hoptimus,lung,blur,blur_s1.0,knn,k=200,0.5843881100075299
hoptimus,lung,blur,blur_s2.0,knn,k=200,0.7142810704968447
hoptimus,lung,blur,blur_s3.0,knn,k=200,0.968122392266624
hoptimus,lung,far,far_nct,maha,covariance=ledoit_wolf,1.0
hoptimus,lung,blur,blur_s1.0,maha,covariance=ledoit_wolf,0.9771731013244422
hoptimus,lung,blur,blur_s2.0,maha,covariance=ledoit_wolf,0.9999946649601156
hoptimus,lung,blur,blur_s3.0,maha,covariance=ledoit_wolf,1.0
hoptimus,lung,far,far_nct,maha,covariance=empirical,1.0
hoptimus,lung,blur,blur_s1.0,maha,covariance=empirical,0.9987275309522263
hoptimus,lung,blur,blur_s2.0,maha,covariance=empirical,1.0
hoptimus,lung,blur,blur_s3.0,maha,covariance=empirical,1.0
hoptimus,lc_colon,far,far_breakhis,maha,normalise=False,1.0
hoptimus,lc_colon,blur,blur_s1.0,maha,normalise=False,0.9209076818153635
hoptimus,lc_colon,blur,blur_s2.0,maha,normalise=False,0.99999421332176
hoptimus,lc_colon,blur,blur_s3.0,maha,normalise=False,1.0
hoptimus,lc_colon,far,far_breakhis,maha,normalise=True,1.0
hoptimus,lc_colon,blur,blur_s1.0,maha,normalise=True,0.9116219921328731
hoptimus,lc_colon,blur,blur_s2.0,maha,normalise=True,0.9999823644091733
hoptimus,lc_colon,blur,blur_s3.0,maha,normalise=True,1.0
hoptimus,lc_colon,far,far_breakhis,knn,normalise=False,1.0
hoptimus,lc_colon,blur,blur_s1.0,knn,normalise=False,0.5545580424494183
hoptimus,lc_colon,blur,blur_s2.0,knn,normalise=False,0.7155048532319287
hoptimus,lc_colon,blur,blur_s3.0,knn,normalise=False,0.9982072319700195
hoptimus,lc_colon,far,far_breakhis,knn,normalise=True,1.0
hoptimus,lc_colon,blur,blur_s1.0,knn,normalise=True,0.5555561066677689
hoptimus,lc_colon,blur,blur_s2.0,knn,normalise=True,0.7096018903148917
hoptimus,lc_colon,blur,blur_s3.0,knn,normalise=True,0.9957817871191298
hoptimus,lc_colon,far,far_breakhis,knn,k=1,1.0
hoptimus,lc_colon,blur,blur_s1.0,knn,k=1,0.7458752695283168
hoptimus,lc_colon,blur,blur_s2.0,knn,k=1,0.9923615847231695
hoptimus,lc_colon,blur,blur_s3.0,knn,k=1,1.0
hoptimus,lc_colon,far,far_breakhis,knn,k=10,1.0
hoptimus,lc_colon,blur,blur_s1.0,knn,k=10,0.632286357906049
hoptimus,lc_colon,blur,blur_s2.0,knn,k=10,0.8949274254104064
hoptimus,lc_colon,blur,blur_s3.0,knn,k=10,0.9998575374928528
hoptimus,lc_colon,far,far_breakhis,knn,k=50,1.0
hoptimus,lc_colon,blur,blur_s1.0,knn,k=50,0.5555561066677689
hoptimus,lc_colon,blur,blur_s2.0,knn,k=50,0.7096018903148917
hoptimus,lc_colon,blur,blur_s3.0,knn,k=50,0.9957817871191298
hoptimus,lc_colon,far,far_breakhis,knn,k=200,1.0
hoptimus,lc_colon,blur,blur_s1.0,knn,k=200,0.5435297359483607
hoptimus,lc_colon,blur,blur_s2.0,knn,k=200,0.6631717885657994
hoptimus,lc_colon,blur,blur_s3.0,knn,k=200,0.9661220300218378
hoptimus,lc_colon,far,far_breakhis,maha,covariance=ledoit_wolf,1.0
hoptimus,lc_colon,blur,blur_s1.0,maha,covariance=ledoit_wolf,0.9209076818153635
hoptimus,lc_colon,blur,blur_s2.0,maha,covariance=ledoit_wolf,0.99999421332176
hoptimus,lc_colon,blur,blur_s3.0,maha,covariance=ledoit_wolf,1.0
hoptimus,lc_colon,far,far_breakhis,maha,covariance=empirical,1.0
hoptimus,lc_colon,blur,blur_s1.0,maha,covariance=empirical,0.9931452662905325
hoptimus,lc_colon,blur,blur_s2.0,maha,covariance=empirical,1.0
hoptimus,lc_colon,blur,blur_s3.0,maha,covariance=empirical,1.0
hoptimus,breakhis,far,far_lung,maha,normalise=False,0.9999950894615122
hoptimus,breakhis,blur,blur_s1.0,maha,normalise=False,0.559558395445953
hoptimus,breakhis,blur,blur_s2.0,maha,normalise=False,0.8236356187423183
hoptimus,breakhis,blur,blur_s3.0,maha,normalise=False,0.997758339382875
hoptimus,breakhis,far,far_lung,maha,normalise=True,0.9999975447307562
hoptimus,breakhis,blur,blur_s1.0,maha,normalise=True,0.5562889117294022
hoptimus,breakhis,blur,blur_s2.0,maha,normalise=True,0.8020156832867339
hoptimus,breakhis,blur,blur_s3.0,maha,normalise=True,0.996216173479289
hoptimus,breakhis,far,far_lung,knn,normalise=False,0.9967280704322312
hoptimus,breakhis,blur,blur_s1.0,knn,normalise=False,0.5117880528142946
hoptimus,breakhis,blur,blur_s2.0,knn,normalise=False,0.6234251665720303
hoptimus,breakhis,blur,blur_s3.0,knn,normalise=False,0.9301408045770473
hoptimus,breakhis,far,far_lung,knn,normalise=True,0.9981115202177258
hoptimus,breakhis,blur,blur_s1.0,knn,normalise=True,0.5099704590703592
hoptimus,breakhis,blur,blur_s2.0,knn,normalise=True,0.5982094315347627
hoptimus,breakhis,blur,blur_s3.0,knn,normalise=True,0.8754071401361326
hoptimus,breakhis,far,far_lung,knn,k=1,0.9978352079943567
hoptimus,breakhis,blur,blur_s1.0,knn,k=1,0.5103424879069065
hoptimus,breakhis,blur,blur_s2.0,knn,k=1,0.6187624434876985
hoptimus,breakhis,blur,blur_s3.0,knn,k=1,0.8463262152390947
hoptimus,breakhis,far,far_lung,knn,k=10,0.9985570571520577
hoptimus,breakhis,blur,blur_s1.0,knn,k=10,0.5096634059038734
hoptimus,breakhis,blur,blur_s2.0,knn,k=10,0.609722487763155
hoptimus,breakhis,blur,blur_s3.0,knn,k=10,0.8758136693284649
hoptimus,breakhis,far,far_lung,knn,k=50,0.9981115202177258
hoptimus,breakhis,blur,blur_s1.0,knn,k=50,0.5099704590703592
hoptimus,breakhis,blur,blur_s2.0,knn,k=50,0.5982094315347627
hoptimus,breakhis,blur,blur_s3.0,knn,k=50,0.8754071401361326
hoptimus,breakhis,far,far_lung,knn,k=200,0.9974584185988534
hoptimus,breakhis,blur,blur_s1.0,knn,k=200,0.5094592787988126
hoptimus,breakhis,blur,blur_s2.0,knn,k=200,0.5815227594534569
hoptimus,breakhis,blur,blur_s3.0,knn,k=200,0.8585795916020384
hoptimus,breakhis,far,far_lung,maha,covariance=ledoit_wolf,0.9999950894615122
hoptimus,breakhis,blur,blur_s1.0,maha,covariance=ledoit_wolf,0.559558395445953
hoptimus,breakhis,blur,blur_s2.0,maha,covariance=ledoit_wolf,0.8236356187423183
hoptimus,breakhis,blur,blur_s3.0,maha,covariance=ledoit_wolf,0.997758339382875
hoptimus,breakhis,far,far_lung,maha,covariance=empirical,0.9999998111331351
hoptimus,breakhis,blur,blur_s1.0,maha,covariance=empirical,0.6483137232352708
hoptimus,breakhis,blur,blur_s2.0,maha,covariance=empirical,0.9725526669493779
hoptimus,breakhis,blur,blur_s3.0,maha,covariance=empirical,1.0
hoptimus,pcam,far,far_nct,maha,normalise=False,0.9994462069937958
hoptimus,pcam,blur,blur_s1.0,maha,normalise=False,0.8763761305367312
hoptimus,pcam,blur,blur_s2.0,maha,normalise=False,0.9920620861140457
hoptimus,pcam,blur,blur_s3.0,maha,normalise=False,0.9999549073668479
hoptimus,pcam,far,far_nct,maha,normalise=True,0.9993608996051889
hoptimus,pcam,blur,blur_s1.0,maha,normalise=True,0.8700824873096448
hoptimus,pcam,blur,blur_s2.0,maha,normalise=True,0.9927102927156073
hoptimus,pcam,blur,blur_s3.0,maha,normalise=True,0.9999388028550078
hoptimus,pcam,far,far_nct,knn,normalise=False,0.9982688240270727
hoptimus,pcam,blur,blur_s1.0,knn,normalise=False,0.8063223092581617
hoptimus,pcam,blur,blur_s2.0,knn,normalise=False,0.9551980532866089
hoptimus,pcam,blur,blur_s3.0,knn,normalise=False,0.99306942332964
hoptimus,pcam,far,far_nct,knn,normalise=True,0.9983259306260576
hoptimus,pcam,blur,blur_s1.0,knn,normalise=True,0.7939842401247134
hoptimus,pcam,blur,blur_s2.0,knn,normalise=True,0.9481430692622845
hoptimus,pcam,blur,blur_s3.0,knn,normalise=True,0.9933323294854286
hoptimus,pcam,far,far_nct,knn,k=1,0.9682758742244784
hoptimus,pcam,blur,blur_s1.0,knn,k=1,0.7911836655157308
hoptimus,pcam,blur,blur_s2.0,knn,k=1,0.9530255546393878
hoptimus,pcam,blur,blur_s3.0,knn,k=1,0.9921099970367698
hoptimus,pcam,far,far_nct,knn,k=10,0.993924844895657
hoptimus,pcam,blur,blur_s1.0,knn,k=10,0.7997355639155866
hoptimus,pcam,blur,blur_s2.0,knn,k=10,0.9597479804942153
hoptimus,pcam,blur,blur_s3.0,knn,k=10,0.9977630833054189
hoptimus,pcam,far,far_nct,knn,k=50,0.9983259306260576
hoptimus,pcam,blur,blur_s1.0,knn,k=50,0.7939842401247134
hoptimus,pcam,blur,blur_s2.0,knn,k=50,0.9481430692622845
hoptimus,pcam,blur,blur_s3.0,knn,k=50,0.9933323294854286
hoptimus,pcam,far,far_nct,knn,k=200,0.9980291173152849
hoptimus,pcam,blur,blur_s1.0,knn,k=200,0.7897845860496275
hoptimus,pcam,blur,blur_s2.0,knn,k=200,0.942660288206344
hoptimus,pcam,blur,blur_s3.0,knn,k=200,0.9876329427452395
hoptimus,pcam,far,far_nct,maha,covariance=ledoit_wolf,0.9994462069937958
hoptimus,pcam,blur,blur_s1.0,maha,covariance=ledoit_wolf,0.8763761305367312
hoptimus,pcam,blur,blur_s2.0,maha,covariance=ledoit_wolf,0.9920620861140457
hoptimus,pcam,blur,blur_s3.0,maha,covariance=ledoit_wolf,0.9999549073668479
hoptimus,pcam,far,far_nct,maha,covariance=empirical,0.9995209390862945
hoptimus,pcam,blur,blur_s1.0,maha,covariance=empirical,0.9161574956839909
hoptimus,pcam,blur,blur_s2.0,maha,covariance=empirical,0.9920294744775697
hoptimus,pcam,blur,blur_s3.0,maha,covariance=empirical,0.9999593361076039
hoptimus,sicap,far,far_nct,maha,normalise=False,1.0
hoptimus,sicap,far,far_nct,maha,normalise=True,1.0
hoptimus,sicap,far,far_nct,knn,normalise=False,1.0
hoptimus,sicap,far,far_nct,knn,normalise=True,1.0
hoptimus,sicap,far,far_nct,knn,k=1,1.0
hoptimus,sicap,far,far_nct,knn,k=10,1.0
hoptimus,sicap,far,far_nct,knn,k=50,1.0
hoptimus,sicap,far,far_nct,knn,k=200,1.0
hoptimus,sicap,far,far_nct,maha,covariance=ledoit_wolf,1.0
hoptimus,sicap,far,far_nct,maha,covariance=empirical,1.0
hoptimus,panda,far,far_nct,maha,normalise=False,0.9999936057292667
hoptimus,panda,far,far_nct,maha,normalise=True,0.9999924334462988
hoptimus,panda,far,far_nct,knn,normalise=False,0.9999872114585332
hoptimus,panda,far,far_nct,knn,normalise=True,0.9999774069100752
hoptimus,panda,far,far_nct,knn,k=1,0.9960224438902743
hoptimus,panda,far,far_nct,knn,k=10,0.9992071104290554
hoptimus,panda,far,far_nct,knn,k=50,0.9999774069100752
hoptimus,panda,far,far_nct,knn,k=200,0.9999239081782723
hoptimus,panda,far,far_nct,maha,covariance=ledoit_wolf,0.9999936057292667
hoptimus,panda,far,far_nct,maha,covariance=empirical,0.9999950977257711
midnight,nct,far,far_breakhis,maha,normalise=False,0.9998561215370867
midnight,nct,blur,blur_s1.0,maha,normalise=False,0.7620666666666667
midnight,nct,blur,blur_s2.0,maha,normalise=False,0.970586111111111
midnight,nct,blur,blur_s3.0,maha,normalise=False,0.9998601851851852
midnight,nct,far,far_breakhis,maha,normalise=True,0.9998838248436104
midnight,nct,blur,blur_s1.0,maha,normalise=True,0.7495564814814815
midnight,nct,blur,blur_s2.0,maha,normalise=True,0.9641907407407406
midnight,nct,blur,blur_s3.0,maha,normalise=True,0.9998330246913579
midnight,nct,far,far_breakhis,knn,normalise=False,0.9967536490914507
midnight,nct,blur,blur_s1.0,knn,normalise=False,0.5481404320987655
midnight,nct,blur,blur_s2.0,knn,normalise=False,0.7328324074074074
midnight,nct,blur,blur_s3.0,knn,normalise=False,0.9725216049382717
midnight,nct,far,far_breakhis,knn,normalise=True,0.9971328567173072
midnight,nct,blur,blur_s1.0,knn,normalise=True,0.5472320987654321
midnight,nct,blur,blur_s2.0,knn,normalise=True,0.7253148148148147
midnight,nct,blur,blur_s3.0,knn,normalise=True,0.9686462962962964
midnight,nct,far,far_breakhis,knn,k=1,0.9997381590705987
midnight,nct,blur,blur_s1.0,knn,k=1,0.633004938271605
midnight,nct,blur,blur_s2.0,knn,k=1,0.8654586419753086
midnight,nct,blur,blur_s3.0,knn,k=1,0.9961913580246914
midnight,nct,far,far_breakhis,knn,k=10,0.9994772117962466
midnight,nct,blur,blur_s1.0,knn,k=10,0.5791913580246913
midnight,nct,blur,blur_s2.0,knn,k=10,0.7874666666666668
midnight,nct,blur,blur_s3.0,knn,k=10,0.9872762345679013
midnight,nct,far,far_breakhis,knn,k=50,0.9971328567173072
midnight,nct,blur,blur_s1.0,knn,k=50,0.5472320987654321
midnight,nct,blur,blur_s2.0,knn,k=50,0.7253148148148147
midnight,nct,blur,blur_s3.0,knn,k=50,0.9686462962962964
midnight,nct,far,far_breakhis,knn,k=200,0.9921596663687817
midnight,nct,blur,blur_s1.0,knn,k=200,0.527867901234568
midnight,nct,blur,blur_s2.0,knn,k=200,0.662491049382716
midnight,nct,blur,blur_s3.0,knn,k=200,0.930604938271605
midnight,nct,far,far_breakhis,maha,covariance=ledoit_wolf,0.9998561215370867
midnight,nct,blur,blur_s1.0,maha,covariance=ledoit_wolf,0.7620666666666667
midnight,nct,blur,blur_s2.0,maha,covariance=ledoit_wolf,0.970586111111111
midnight,nct,blur,blur_s3.0,maha,covariance=ledoit_wolf,0.9998601851851852
midnight,nct,far,far_breakhis,maha,covariance=empirical,0.9999136133452486
midnight,nct,blur,blur_s1.0,maha,covariance=empirical,0.7949370370370371
midnight,nct,blur,blur_s2.0,maha,covariance=empirical,0.9803037037037038
midnight,nct,blur,blur_s3.0,maha,covariance=empirical,0.9999231481481481
midnight,lung,far,far_nct,maha,normalise=False,1.0
midnight,lung,blur,blur_s1.0,maha,normalise=False,0.9460925237356546
midnight,lung,blur,blur_s2.0,maha,normalise=False,0.9989347290128525
midnight,lung,blur,blur_s3.0,maha,normalise=False,1.0
midnight,lung,far,far_nct,maha,normalise=True,1.0
midnight,lung,blur,blur_s1.0,maha,normalise=True,0.9245404514510751
midnight,lung,blur,blur_s2.0,maha,normalise=True,0.9983100330635996
midnight,lung,blur,blur_s3.0,maha,normalise=True,1.0
midnight,lung,far,far_nct,knn,normalise=False,0.9998843489491606
midnight,lung,blur,blur_s1.0,knn,normalise=False,0.5722164026173457
midnight,lung,blur,blur_s2.0,knn,normalise=False,0.7593059534950777
midnight,lung,blur,blur_s3.0,knn,normalise=False,0.9807189177164392
midnight,lung,far,far_nct,knn,normalise=True,0.9998835662009314
midnight,lung,blur,blur_s1.0,knn,normalise=True,0.5690388280480665
midnight,lung,blur,blur_s2.0,knn,normalise=True,0.7511081063945912
midnight,lung,blur,blur_s3.0,knn,normalise=True,0.9755893389029495
midnight,lung,far,far_nct,knn,k=1,1.0
midnight,lung,blur,blur_s1.0,knn,k=1,0.8302095020534321
midnight,lung,blur,blur_s2.0,knn,k=1,0.9702895350959395
midnight,lung,blur,blur_s3.0,knn,k=1,0.9999032248579112
midnight,lung,far,far_nct,knn,k=10,0.9999682986967242
midnight,lung,blur,blur_s1.0,knn,k=10,0.6350774405853358
midnight,lung,blur,blur_s2.0,knn,k=10,0.8198709391816619
midnight,lung,blur,blur_s3.0,knn,k=10,0.9950841949939707
midnight,lung,far,far_nct,knn,k=50,0.9998835662009314
midnight,lung,blur,blur_s1.0,knn,k=50,0.5690388280480665
midnight,lung,blur,blur_s2.0,knn,k=50,0.7511081063945912
midnight,lung,blur,blur_s3.0,knn,k=50,0.9755893389029495
midnight,lung,far,far_nct,knn,k=200,0.9995661617940589
midnight,lung,blur,blur_s1.0,knn,k=200,0.5542241667132966
midnight,lung,blur,blur_s2.0,knn,k=200,0.724566407040466
midnight,lung,blur,blur_s3.0,knn,k=200,0.947295513194236
midnight,lung,far,far_nct,maha,covariance=ledoit_wolf,1.0
midnight,lung,blur,blur_s1.0,maha,covariance=ledoit_wolf,0.9460925237356546
midnight,lung,blur,blur_s2.0,maha,covariance=ledoit_wolf,0.9989347290128525
midnight,lung,blur,blur_s3.0,maha,covariance=ledoit_wolf,1.0
midnight,lung,far,far_nct,maha,covariance=empirical,1.0
midnight,lung,blur,blur_s1.0,maha,covariance=empirical,0.9701975987109552
midnight,lung,blur,blur_s2.0,maha,covariance=empirical,0.9994466447003637
midnight,lung,blur,blur_s3.0,maha,covariance=empirical,1.0
midnight,lc_colon,far,far_breakhis,maha,normalise=False,1.0
midnight,lc_colon,blur,blur_s1.0,maha,normalise=False,0.9708935595648969
midnight,lc_colon,blur,blur_s2.0,maha,normalise=False,0.9991678205578634
midnight,lc_colon,blur,blur_s3.0,maha,normalise=False,1.0
midnight,lc_colon,far,far_breakhis,maha,normalise=True,1.0
midnight,lc_colon,blur,blur_s1.0,maha,normalise=True,0.9626888764888641
midnight,lc_colon,blur,blur_s2.0,maha,normalise=True,0.998832193219942
midnight,lc_colon,blur,blur_s3.0,maha,normalise=True,1.0
midnight,lc_colon,far,far_breakhis,knn,normalise=False,0.9999971853384279
midnight,lc_colon,blur,blur_s1.0,knn,normalise=False,0.5775209594863634
midnight,lc_colon,blur,blur_s2.0,knn,normalise=False,0.6968940693436942
midnight,lc_colon,blur,blur_s3.0,knn,normalise=False,0.8971117586679618
midnight,lc_colon,far,far_breakhis,knn,normalise=True,0.9999977482707423
midnight,lc_colon,blur,blur_s1.0,knn,normalise=True,0.5712889825779652
midnight,lc_colon,blur,blur_s2.0,knn,normalise=True,0.6818577992711541
midnight,lc_colon,blur,blur_s3.0,knn,normalise=True,0.8820685996927551
midnight,lc_colon,far,far_breakhis,knn,k=1,1.0
midnight,lc_colon,blur,blur_s1.0,knn,k=1,0.8162520236151584
midnight,lc_colon,blur,blur_s2.0,knn,k=1,0.969912304269053
midnight,lc_colon,blur,blur_s3.0,knn,k=1,0.9992763896638904
midnight,lc_colon,far,far_breakhis,knn,k=10,0.9999997185338427
midnight,lc_colon,blur,blur_s1.0,knn,k=10,0.6105934789647358
midnight,lc_colon,blur,blur_s2.0,knn,k=10,0.765917842946797
midnight,lc_colon,blur,blur_s3.0,knn,k=10,0.9582736409917265
midnight,lc_colon,far,far_breakhis,knn,k=50,0.9999977482707423
midnight,lc_colon,blur,blur_s1.0,knn,k=50,0.5712889825779652
midnight,lc_colon,blur,blur_s2.0,knn,k=50,0.6818577992711541
midnight,lc_colon,blur,blur_s3.0,knn,k=50,0.8820685996927551
midnight,lc_colon,far,far_breakhis,knn,k=200,0.9999963409399563
midnight,lc_colon,blur,blur_s1.0,knn,k=200,0.5505941678550024
midnight,lc_colon,blur,blur_s2.0,knn,k=200,0.6344191621716576
midnight,lc_colon,blur,blur_s3.0,knn,k=200,0.8253167173001013
midnight,lc_colon,far,far_breakhis,maha,covariance=ledoit_wolf,1.0
midnight,lc_colon,blur,blur_s1.0,maha,covariance=ledoit_wolf,0.9708935595648969
midnight,lc_colon,blur,blur_s2.0,maha,covariance=ledoit_wolf,0.9991678205578634
midnight,lc_colon,blur,blur_s3.0,maha,covariance=ledoit_wolf,1.0
midnight,lc_colon,far,far_breakhis,maha,covariance=empirical,1.0
midnight,lc_colon,blur,blur_s1.0,maha,covariance=empirical,0.9793743498598109
midnight,lc_colon,blur,blur_s2.0,maha,covariance=empirical,0.9993480342516241
midnight,lc_colon,blur,blur_s3.0,maha,covariance=empirical,1.0
midnight,breakhis,far,far_lung,maha,normalise=False,0.9942541033687238
midnight,breakhis,blur,blur_s1.0,maha,normalise=False,0.7150713366731595
midnight,breakhis,blur,blur_s2.0,maha,normalise=False,0.9388285691696195
midnight,breakhis,blur,blur_s3.0,maha,normalise=False,0.9994948572907157
midnight,breakhis,far,far_lung,maha,normalise=True,0.9950054157573515
midnight,breakhis,blur,blur_s1.0,maha,normalise=True,0.6982058377477017
midnight,breakhis,blur,blur_s2.0,maha,normalise=True,0.9328485075002336
midnight,breakhis,blur,blur_s3.0,maha,normalise=True,0.99945086933709
midnight,breakhis,far,far_lung,knn,normalise=False,0.9522992179967459
midnight,breakhis,blur,blur_s1.0,knn,normalise=False,0.5363870939919068
midnight,breakhis,blur,blur_s2.0,knn,normalise=False,0.711730264718355
midnight,breakhis,blur,blur_s3.0,knn,normalise=False,0.9341278956939243
midnight,breakhis,far,far_lung,knn,normalise=True,0.9546067933522641
midnight,breakhis,blur,blur_s1.0,knn,normalise=True,0.526815257782346
midnight,breakhis,blur,blur_s2.0,knn,normalise=True,0.6974088795290702
midnight,breakhis,blur,blur_s3.0,knn,normalise=True,0.9277418798381359
midnight,breakhis,far,far_lung,knn,k=1,0.9721532805702269
midnight,breakhis,blur,blur_s1.0,knn,k=1,0.5394582006626943
midnight,breakhis,blur,blur_s2.0,knn,k=1,0.7501323232395833
midnight,breakhis,blur,blur_s3.0,knn,k=1,0.9735891151377498
midnight,breakhis,far,far_lung,knn,k=10,0.963686190149271
midnight,breakhis,blur,blur_s1.0,knn,k=10,0.5274397142220529
midnight,breakhis,blur,blur_s2.0,knn,k=10,0.7147306456597834
midnight,breakhis,blur,blur_s3.0,knn,k=10,0.9509735569148057
midnight,breakhis,far,far_lung,knn,k=50,0.9546067933522641
midnight,breakhis,blur,blur_s1.0,knn,k=50,0.526815257782346
midnight,breakhis,blur,blur_s2.0,knn,k=50,0.6974088795290702
midnight,breakhis,blur,blur_s3.0,knn,k=50,0.9277418798381359
midnight,breakhis,far,far_lung,knn,k=200,0.9399641341823529
midnight,breakhis,blur,blur_s1.0,knn,k=200,0.5311485024689317
midnight,breakhis,blur,blur_s2.0,knn,k=200,0.6859967368413487
midnight,breakhis,blur,blur_s3.0,knn,k=200,0.9048546313133854
midnight,breakhis,far,far_lung,maha,covariance=ledoit_wolf,0.9942541033687238
midnight,breakhis,blur,blur_s1.0,maha,covariance=ledoit_wolf,0.7150713366731595
midnight,breakhis,blur,blur_s2.0,maha,covariance=ledoit_wolf,0.9388285691696195
midnight,breakhis,blur,blur_s3.0,maha,covariance=ledoit_wolf,0.9994948572907157
midnight,breakhis,far,far_lung,maha,covariance=empirical,0.9950074932928654
midnight,breakhis,blur,blur_s1.0,maha,covariance=empirical,0.7398101042917005
midnight,breakhis,blur,blur_s2.0,maha,covariance=empirical,0.9484694060907504
midnight,breakhis,blur,blur_s3.0,maha,covariance=empirical,0.9996800092000949
midnight,pcam,far,far_nct,maha,normalise=False,0.9999940073322053
midnight,pcam,blur,blur_s1.0,maha,normalise=False,0.948788054961478
midnight,pcam,blur,blur_s2.0,maha,normalise=False,0.9933866822128887
midnight,pcam,blur,blur_s3.0,maha,normalise=False,0.9983770678193202
midnight,pcam,far,far_nct,maha,normalise=True,0.9999834320360971
midnight,pcam,blur,blur_s1.0,maha,normalise=True,0.945705248782499
midnight,pcam,blur,blur_s2.0,maha,normalise=True,0.9929800432889277
midnight,pcam,blur,blur_s3.0,maha,normalise=True,0.9981499942023758
midnight,pcam,far,far_nct,knn,normalise=False,0.9932702340665539
midnight,pcam,blur,blur_s1.0,knn,normalise=False,0.749099355175346
midnight,pcam,blur,blur_s2.0,knn,normalise=False,0.9524244537349584
midnight,pcam,blur,blur_s3.0,knn,normalise=False,0.9480875086964365
midnight,pcam,far,far_nct,knn,normalise=True,0.9921238719684151
midnight,pcam,blur,blur_s1.0,knn,normalise=True,0.7394708701589837
midnight,pcam,blur,blur_s2.0,knn,normalise=True,0.946640518307609
midnight,pcam,blur,blur_s3.0,knn,normalise=True,0.9389884595068154
midnight,pcam,far,far_nct,knn,k=1,0.9999672165820643
midnight,pcam,blur,blur_s1.0,knn,k=1,0.8244966534824396
midnight,pcam,blur,blur_s2.0,knn,k=1,0.9827263006003761
midnight,pcam,blur,blur_s3.0,knn,k=1,0.9853187243938262
midnight,pcam,far,far_nct,knn,k=10,0.9988885363790186
midnight,pcam,blur,blur_s1.0,knn,k=10,0.7827561744698396
midnight,pcam,blur,blur_s2.0,knn,k=10,0.9700939215130511
midnight,pcam,blur,blur_s3.0,knn,k=10,0.9676790499626375
midnight,pcam,far,far_nct,knn,k=50,0.9921238719684151
midnight,pcam,blur,blur_s1.0,knn,k=50,0.7394708701589837
midnight,pcam,blur,blur_s2.0,knn,k=50,0.946640518307609
midnight,pcam,blur,blur_s3.0,knn,k=50,0.9389884595068154
midnight,pcam,far,far_nct,knn,k=200,0.9858026649746194
midnight,pcam,blur,blur_s1.0,knn,k=200,0.7032546413203123
midnight,pcam,blur,blur_s2.0,knn,k=200,0.9215428444432991
midnight,pcam,blur,blur_s3.0,knn,k=200,0.9008791453013476
midnight,pcam,far,far_nct,maha,covariance=ledoit_wolf,0.9999940073322053
midnight,pcam,blur,blur_s1.0,maha,covariance=ledoit_wolf,0.948788054961478
midnight,pcam,blur,blur_s2.0,maha,covariance=ledoit_wolf,0.9933866822128887
midnight,pcam,blur,blur_s3.0,maha,covariance=ledoit_wolf,0.9983770678193202
midnight,pcam,far,far_nct,maha,covariance=empirical,0.999997532430908
midnight,pcam,blur,blur_s1.0,maha,covariance=empirical,0.945728600324667
midnight,pcam,blur,blur_s2.0,maha,covariance=empirical,0.9933057570408925
midnight,pcam,blur,blur_s3.0,maha,covariance=empirical,0.9986560784869489
midnight,sicap,far,far_nct,maha,normalise=False,1.0
midnight,sicap,far,far_nct,maha,normalise=True,1.0
midnight,sicap,far,far_nct,knn,normalise=False,1.0
midnight,sicap,far,far_nct,knn,normalise=True,1.0
midnight,sicap,far,far_nct,knn,k=1,1.0
midnight,sicap,far,far_nct,knn,k=10,1.0
midnight,sicap,far,far_nct,knn,k=50,1.0
midnight,sicap,far,far_nct,knn,k=200,1.0
midnight,sicap,far,far_nct,maha,covariance=ledoit_wolf,1.0
midnight,sicap,far,far_nct,maha,covariance=empirical,1.0
midnight,panda,far,far_nct,maha,normalise=False,1.0
midnight,panda,far,far_nct,maha,normalise=True,1.0
midnight,panda,far,far_nct,knn,normalise=False,0.9999938188716243
midnight,panda,far,far_nct,knn,normalise=True,0.9999966962934543
midnight,panda,far,far_nct,knn,k=1,0.9999998934288211
midnight,panda,far,far_nct,knn,k=10,0.9999993605729266
midnight,panda,far,far_nct,knn,k=50,0.9999966962934543
midnight,panda,far,far_nct,knn,k=200,0.9994773749387216
midnight,panda,far,far_nct,maha,covariance=ledoit_wolf,1.0
midnight,panda,far,far_nct,maha,covariance=empirical,1.0
dinov2_nat,nct,far,far_breakhis,maha,normalise=False,0.785632112004766
dinov2_nat,nct,blur,blur_s1.0,maha,normalise=False,0.5263712962962963
dinov2_nat,nct,blur,blur_s2.0,maha,normalise=False,0.627286111111111
dinov2_nat,nct,blur,blur_s3.0,maha,normalise=False,0.90355
dinov2_nat,nct,far,far_breakhis,maha,normalise=True,0.7756240691093239
dinov2_nat,nct,blur,blur_s1.0,maha,normalise=True,0.5244663580246913
dinov2_nat,nct,blur,blur_s2.0,maha,normalise=True,0.6202873456790123
dinov2_nat,nct,blur,blur_s3.0,maha,normalise=True,0.8962135802469137
dinov2_nat,nct,far,far_breakhis,knn,normalise=False,0.692558236520703
dinov2_nat,nct,blur,blur_s1.0,knn,normalise=False,0.5121564814814814
dinov2_nat,nct,blur,blur_s2.0,knn,normalise=False,0.5748046296296295
dinov2_nat,nct,blur,blur_s3.0,knn,normalise=False,0.8316052469135803
dinov2_nat,nct,far,far_breakhis,knn,normalise=True,0.6745305332141793
dinov2_nat,nct,blur,blur_s1.0,knn,normalise=True,0.5100145061728395
dinov2_nat,nct,blur,blur_s2.0,knn,normalise=True,0.5675552469135803
dinov2_nat,nct,blur,blur_s3.0,knn,normalise=True,0.8200475308641976
dinov2_nat,nct,far,far_breakhis,knn,k=1,0.801790288948466
dinov2_nat,nct,blur,blur_s1.0,knn,k=1,0.517466049382716
dinov2_nat,nct,blur,blur_s2.0,knn,k=1,0.60455
dinov2_nat,nct,blur,blur_s3.0,knn,k=1,0.8889237654320987
dinov2_nat,nct,far,far_breakhis,knn,k=10,0.7370050640452787
dinov2_nat,nct,blur,blur_s1.0,knn,k=10,0.515425925925926
dinov2_nat,nct,blur,blur_s2.0,knn,k=10,0.5857311728395062
dinov2_nat,nct,blur,blur_s3.0,knn,k=10,0.8550466049382717
dinov2_nat,nct,far,far_breakhis,knn,k=50,0.6745305332141793
dinov2_nat,nct,blur,blur_s1.0,knn,k=50,0.5100145061728395
dinov2_nat,nct,blur,blur_s2.0,knn,k=50,0.5675552469135803
dinov2_nat,nct,blur,blur_s3.0,knn,k=50,0.8200475308641976
dinov2_nat,nct,far,far_breakhis,knn,k=200,0.6028745904081025
dinov2_nat,nct,blur,blur_s1.0,knn,k=200,0.5054740740740741
dinov2_nat,nct,blur,blur_s2.0,knn,k=200,0.5513311728395062
dinov2_nat,nct,blur,blur_s3.0,knn,k=200,0.7787604938271605
dinov2_nat,nct,far,far_breakhis,maha,covariance=ledoit_wolf,0.785632112004766
dinov2_nat,nct,blur,blur_s1.0,maha,covariance=ledoit_wolf,0.5263712962962963
dinov2_nat,nct,blur,blur_s2.0,maha,covariance=ledoit_wolf,0.627286111111111
dinov2_nat,nct,blur,blur_s3.0,maha,covariance=ledoit_wolf,0.90355
dinov2_nat,nct,far,far_breakhis,maha,covariance=empirical,0.786100089365505
dinov2_nat,nct,blur,blur_s1.0,maha,covariance=empirical,0.5267552469135802
dinov2_nat,nct,blur,blur_s2.0,maha,covariance=empirical,0.6278243827160495
dinov2_nat,nct,blur,blur_s3.0,maha,covariance=empirical,0.9036330246913581
dinov2_nat,lung,far,far_nct,maha,normalise=False,0.9982270752612423
dinov2_nat,lung,blur,blur_s1.0,maha,normalise=False,0.6165644799744315
dinov2_nat,lung,blur,blur_s2.0,maha,normalise=False,0.9303830645486475
dinov2_nat,lung,blur,blur_s3.0,maha,normalise=False,0.9994868436055391
dinov2_nat,lung,far,far_nct,maha,normalise=True,0.9981284489843841
dinov2_nat,lung,blur,blur_s1.0,maha,normalise=True,0.6136352949365137
dinov2_nat,lung,blur,blur_s2.0,maha,normalise=True,0.9263595759809556
dinov2_nat,lung,blur,blur_s3.0,maha,normalise=True,0.9993811353734112
dinov2_nat,lung,far,far_nct,knn,normalise=False,0.9923012797933545
dinov2_nat,lung,blur,blur_s1.0,knn,normalise=False,0.5672225571441706
dinov2_nat,lung,blur,blur_s2.0,knn,normalise=False,0.8635538735429293
dinov2_nat,lung,blur,blur_s3.0,knn,normalise=False,0.995143500786174
dinov2_nat,lung,far,far_nct,knn,normalise=True,0.9918566787992642
dinov2_nat,lung,blur,blur_s1.0,knn,normalise=True,0.5657043040496303
dinov2_nat,lung,blur,blur_s2.0,knn,normalise=True,0.8588827359474119
dinov2_nat,lung,blur,blur_s3.0,knn,normalise=True,0.9947026776068897
dinov2_nat,lung,far,far_nct,knn,k=1,0.9999765175531291
dinov2_nat,lung,blur,blur_s1.0,knn,k=1,0.6312017202153718
dinov2_nat,lung,blur,blur_s2.0,knn,k=1,0.9733079269635523
dinov2_nat,lung,blur,blur_s3.0,knn,k=1,0.9999884614253663
dinov2_nat,lung,far,far_nct,knn,k=10,0.9974621345544207
dinov2_nat,lung,blur,blur_s1.0,knn,k=10,0.5718933225276029
dinov2_nat,lung,blur,blur_s2.0,knn,k=10,0.9016879942123501
dinov2_nat,lung,blur,blur_s3.0,knn,k=10,0.9985942790258118
dinov2_nat,lung,far,far_nct,knn,k=50,0.9918566787992642
dinov2_nat,lung,blur,blur_s1.0,knn,k=50,0.5657043040496303
dinov2_nat,lung,blur,blur_s2.0,knn,k=50,0.8588827359474119
dinov2_nat,lung,blur,blur_s3.0,knn,k=50,0.9947026776068897
dinov2_nat,lung,far,far_nct,knn,k=200,0.9892190129544831
dinov2_nat,lung,blur,blur_s1.0,knn,k=200,0.5610572361689401
dinov2_nat,lung,blur,blur_s2.0,knn,k=200,0.8447565428991177
dinov2_nat,lung,blur,blur_s3.0,knn,k=200,0.9918966947690926
dinov2_nat,lung,far,far_nct,maha,covariance=ledoit_wolf,0.9982270752612423
dinov2_nat,lung,blur,blur_s1.0,maha,covariance=ledoit_wolf,0.6165644799744315
dinov2_nat,lung,blur,blur_s2.0,maha,covariance=ledoit_wolf,0.9303830645486475
dinov2_nat,lung,blur,blur_s3.0,maha,covariance=ledoit_wolf,0.9994868436055391
dinov2_nat,lung,far,far_nct,maha,covariance=empirical,0.9982624946186058
dinov2_nat,lung,blur,blur_s1.0,maha,covariance=empirical,0.6174744144514568
dinov2_nat,lung,blur,blur_s2.0,maha,covariance=empirical,0.9313181853767548
dinov2_nat,lung,blur,blur_s3.0,maha,covariance=empirical,0.9994893250194388
dinov2_nat,lc_colon,far,far_breakhis,maha,normalise=False,0.9990883311167873
dinov2_nat,lc_colon,blur,blur_s1.0,maha,normalise=False,0.6102330515772143
dinov2_nat,lc_colon,blur,blur_s2.0,maha,normalise=False,0.9323063357237826
dinov2_nat,lc_colon,blur,blur_s3.0,maha,normalise=False,0.9996492170762119
dinov2_nat,lc_colon,far,far_breakhis,maha,normalise=True,0.9990886125829446
dinov2_nat,lc_colon,blur,blur_s1.0,maha,normalise=True,0.6085312170624342
dinov2_nat,lc_colon,blur,blur_s2.0,maha,normalise=True,0.9304295230812683
dinov2_nat,lc_colon,blur,blur_s3.0,maha,normalise=True,0.9996092614407451
dinov2_nat,lc_colon,far,far_breakhis,knn,normalise=False,0.9863736603970081
dinov2_nat,lc_colon,blur,blur_s1.0,knn,normalise=False,0.5336301072602145
dinov2_nat,lc_colon,blur,blur_s2.0,knn,normalise=False,0.7802125915362942
dinov2_nat,lc_colon,blur,blur_s3.0,knn,normalise=False,0.9901271002542004
dinov2_nat,lc_colon,far,far_breakhis,knn,normalise=True,0.9866672295989811
dinov2_nat,lc_colon,blur,blur_s1.0,knn,normalise=True,0.5330180971473054
dinov2_nat,lc_colon,blur,blur_s2.0,knn,normalise=True,0.7788086331728219
dinov2_nat,lc_colon,blur,blur_s3.0,knn,normalise=True,0.9897947795895591
dinov2_nat,lc_colon,far,far_breakhis,knn,k=1,0.9999358257161555
dinov2_nat,lc_colon,blur,blur_s1.0,knn,k=1,0.6315296808371395
dinov2_nat,lc_colon,blur,blur_s2.0,knn,k=1,0.9740886326217097
dinov2_nat,lc_colon,blur,blur_s3.0,knn,k=1,0.9999528799057598
dinov2_nat,lc_colon,far,far_breakhis,knn,k=10,0.9981001034388127
dinov2_nat,lc_colon,blur,blur_s1.0,knn,k=10,0.5632094019743595
dinov2_nat,lc_colon,blur,blur_s2.0,knn,k=10,0.88163900772246
dinov2_nat,lc_colon,blur,blur_s3.0,knn,k=10,0.998770744208155
dinov2_nat,lc_colon,far,far_breakhis,knn,k=50,0.9866672295989811
dinov2_nat,lc_colon,blur,blur_s1.0,knn,k=50,0.5330180971473054
dinov2_nat,lc_colon,blur,blur_s2.0,knn,k=50,0.7788086331728219
dinov2_nat,lc_colon,blur,blur_s3.0,knn,k=50,0.9897947795895591
dinov2_nat,lc_colon,far,far_breakhis,knn,k=200,0.9815726921534274
dinov2_nat,lc_colon,blur,blur_s1.0,knn,k=200,0.526572288700133
dinov2_nat,lc_colon,blur,blur_s2.0,knn,k=200,0.7504048608097216
dinov2_nat,lc_colon,blur,blur_s3.0,knn,k=200,0.9840816748300163
dinov2_nat,lc_colon,far,far_breakhis,maha,covariance=ledoit_wolf,0.9990883311167873
dinov2_nat,lc_colon,blur,blur_s1.0,maha,covariance=ledoit_wolf,0.6102330515772143
dinov2_nat,lc_colon,blur,blur_s2.0,maha,covariance=ledoit_wolf,0.9323063357237826
dinov2_nat,lc_colon,blur,blur_s3.0,maha,covariance=ledoit_wolf,0.9996492170762119
dinov2_nat,lc_colon,far,far_breakhis,maha,covariance=empirical,0.999128862243426
dinov2_nat,lc_colon,blur,blur_s1.0,maha,covariance=empirical,0.6121137220052217
dinov2_nat,lc_colon,blur,blur_s2.0,maha,covariance=empirical,0.9338701166291222
dinov2_nat,lc_colon,blur,blur_s3.0,maha,covariance=empirical,0.999656657091092
dinov2_nat,breakhis,far,far_lung,maha,normalise=False,0.7184831724345033
dinov2_nat,breakhis,blur,blur_s1.0,maha,normalise=False,0.5558993452119975
dinov2_nat,breakhis,blur,blur_s2.0,maha,normalise=False,0.7072046805482681
dinov2_nat,breakhis,blur,blur_s3.0,maha,normalise=False,0.9404224856068829
dinov2_nat,breakhis,far,far_lung,maha,normalise=True,0.7130606158759598
dinov2_nat,breakhis,blur,blur_s1.0,maha,normalise=True,0.5552024380251421
dinov2_nat,breakhis,blur,blur_s2.0,maha,normalise=True,0.7028852360039963
dinov2_nat,breakhis,blur,blur_s3.0,maha,normalise=True,0.9373579915042874
dinov2_nat,breakhis,far,far_lung,knn,normalise=False,0.7090539942036759
dinov2_nat,breakhis,blur,blur_s1.0,knn,normalise=False,0.5494083907740299
dinov2_nat,breakhis,blur,blur_s2.0,knn,normalise=False,0.6739310999144679
dinov2_nat,breakhis,blur,blur_s3.0,knn,normalise=False,0.8966156588489819
dinov2_nat,breakhis,far,far_lung,knn,normalise=True,0.7031928887848022
dinov2_nat,breakhis,blur,blur_s1.0,knn,normalise=True,0.5486787082491789
dinov2_nat,breakhis,blur,blur_s2.0,knn,normalise=True,0.6694391535912714
dinov2_nat,breakhis,blur,blur_s3.0,knn,normalise=True,0.8919155603792164
dinov2_nat,breakhis,far,far_lung,knn,k=1,0.7268869924557132
dinov2_nat,breakhis,blur,blur_s1.0,knn,k=1,0.5502246116913081
dinov2_nat,breakhis,blur,blur_s2.0,knn,k=1,0.6778954782971198
dinov2_nat,breakhis,blur,blur_s3.0,knn,k=1,0.9099810966800594
dinov2_nat,breakhis,far,far_lung,knn,k=10,0.7156545133986876
dinov2_nat,breakhis,blur,blur_s1.0,knn,k=10,0.54903032437522
dinov2_nat,breakhis,blur,blur_s2.0,knn,k=10,0.6742263654593937
dinov2_nat,breakhis,blur,blur_s3.0,knn,k=10,0.9016547233143342
dinov2_nat,breakhis,far,far_lung,knn,k=50,0.7031928887848022
dinov2_nat,breakhis,blur,blur_s1.0,knn,k=50,0.5486787082491789
dinov2_nat,breakhis,blur,blur_s2.0,knn,k=50,0.6694391535912714
dinov2_nat,breakhis,blur,blur_s3.0,knn,k=50,0.8919155603792164
dinov2_nat,breakhis,far,far_lung,knn,k=200,0.6922608969098547
dinov2_nat,breakhis,blur,blur_s1.0,knn,k=200,0.5479386756175924
dinov2_nat,breakhis,blur,blur_s2.0,knn,k=200,0.6648109308627246
dinov2_nat,breakhis,blur,blur_s3.0,knn,k=200,0.8816333043434509
dinov2_nat,breakhis,far,far_lung,maha,covariance=ledoit_wolf,0.7184831724345033
dinov2_nat,breakhis,blur,blur_s1.0,maha,covariance=ledoit_wolf,0.5558993452119975
dinov2_nat,breakhis,blur,blur_s2.0,maha,covariance=ledoit_wolf,0.7072046805482681
dinov2_nat,breakhis,blur,blur_s3.0,maha,covariance=ledoit_wolf,0.9404224856068829
dinov2_nat,breakhis,far,far_lung,maha,covariance=empirical,0.718755707320574
dinov2_nat,breakhis,blur,blur_s1.0,maha,covariance=empirical,0.5558993452119975
dinov2_nat,breakhis,blur,blur_s2.0,maha,covariance=empirical,0.7077745114246491
dinov2_nat,breakhis,blur,blur_s3.0,maha,covariance=empirical,0.940904915581942
dinov2_nat,pcam,far,far_nct,maha,normalise=False,0.7761766779469824
dinov2_nat,pcam,blur,blur_s1.0,maha,normalise=False,0.49446407405498727
dinov2_nat,pcam,blur,blur_s2.0,maha,normalise=False,0.5189010603210595
dinov2_nat,pcam,blur,blur_s3.0,maha,normalise=False,0.7658017470174443
dinov2_nat,pcam,far,far_nct,maha,normalise=True,0.7745872109419063
dinov2_nat,pcam,blur,blur_s1.0,maha,normalise=True,0.4942595467546188
dinov2_nat,pcam,blur,blur_s2.0,maha,normalise=True,0.5179827005333814
dinov2_nat,pcam,blur,blur_s3.0,maha,normalise=True,0.761761930222371
dinov2_nat,pcam,far,far_nct,knn,normalise=False,0.7020047236322617
dinov2_nat,pcam,blur,blur_s1.0,knn,normalise=False,0.49493352057512435
dinov2_nat,pcam,blur,blur_s2.0,knn,normalise=False,0.4939716786054781
dinov2_nat,pcam,blur,blur_s3.0,knn,normalise=False,0.6742951055167616
dinov2_nat,pcam,far,far_nct,knn,normalise=True,0.6999488860688099
dinov2_nat,pcam,blur,blur_s1.0,knn,normalise=True,0.49487554433250014
dinov2_nat,pcam,blur,blur_s2.0,knn,normalise=True,0.4936008722203612
dinov2_nat,pcam,blur,blur_s3.0,knn,normalise=True,0.6703978136514727
dinov2_nat,pcam,far,far_nct,knn,k=1,0.7185501269035532
dinov2_nat,pcam,blur,blur_s1.0,knn,k=1,0.493871025406478
dinov2_nat,pcam,blur,blur_s2.0,knn,k=1,0.49366448504212945
dinov2_nat,pcam,blur,blur_s3.0,knn,k=1,0.698338336468345
dinov2_nat,pcam,far,far_nct,knn,k=10,0.7104970389170896
dinov2_nat,pcam,blur,blur_s1.0,knn,k=10,0.4945389600350434
dinov2_nat,pcam,blur,blur_s2.0,knn,k=10,0.4933681620242727
dinov2_nat,pcam,blur,blur_s3.0,knn,k=10,0.6821714196449277
dinov2_nat,pcam,far,far_nct,knn,k=50,0.6999488860688099
dinov2_nat,pcam,blur,blur_s1.0,knn,k=50,0.49487554433250014
dinov2_nat,pcam,blur,blur_s2.0,knn,k=50,0.4936008722203612
dinov2_nat,pcam,blur,blur_s3.0,knn,k=50,0.6703978136514727
dinov2_nat,pcam,far,far_nct,knn,k=200,0.6881997320924985
dinov2_nat,pcam,blur,blur_s1.0,knn,k=200,0.4950124326831405
dinov2_nat,pcam,blur,blur_s2.0,knn,k=200,0.4942414291787987
dinov2_nat,pcam,blur,blur_s3.0,knn,k=200,0.6585380485196732
dinov2_nat,pcam,far,far_nct,maha,covariance=ledoit_wolf,0.7761766779469824
dinov2_nat,pcam,blur,blur_s1.0,maha,covariance=ledoit_wolf,0.49446407405498727
dinov2_nat,pcam,blur,blur_s2.0,maha,covariance=ledoit_wolf,0.5189010603210595
dinov2_nat,pcam,blur,blur_s3.0,maha,covariance=ledoit_wolf,0.7658017470174443
dinov2_nat,pcam,far,far_nct,maha,covariance=empirical,0.7768580795262268
dinov2_nat,pcam,blur,blur_s1.0,maha,covariance=empirical,0.49455023319333147
dinov2_nat,pcam,blur,blur_s2.0,maha,covariance=empirical,0.5193946636089566
dinov2_nat,pcam,blur,blur_s3.0,maha,covariance=empirical,0.7664507588445979
dinov2_nat,sicap,far,far_nct,maha,normalise=False,0.9723962115710482
dinov2_nat,sicap,far,far_nct,maha,normalise=True,0.9706118373275237
dinov2_nat,sicap,far,far_nct,knn,normalise=False,0.9452408617768097
dinov2_nat,sicap,far,far_nct,knn,normalise=True,0.9415892035826676
dinov2_nat,sicap,far,far_nct,knn,k=1,0.9441727184701041
dinov2_nat,sicap,far,far_nct,knn,k=10,0.942746610990075
dinov2_nat,sicap,far,far_nct,knn,k=50,0.9415892035826676
dinov2_nat,sicap,far,far_nct,knn,k=200,0.9412142943597192
dinov2_nat,sicap,far,far_nct,maha,covariance=ledoit_wolf,0.9723962115710482
dinov2_nat,sicap,far,far_nct,maha,covariance=empirical,0.9724639917695473
dinov2_nat,panda,far,far_nct,maha,normalise=False,0.9205847560585715
dinov2_nat,panda,far,far_nct,maha,normalise=True,0.9170510689089242
dinov2_nat,panda,far,far_nct,knn,normalise=False,0.8584436345034849
dinov2_nat,panda,far,far_nct,knn,normalise=True,0.8532513800967667
dinov2_nat,panda,far,far_nct,knn,k=1,0.8530119146577999
dinov2_nat,panda,far,far_nct,knn,k=10,0.853698233049854
dinov2_nat,panda,far,far_nct,knn,k=50,0.8532513800967667
dinov2_nat,panda,far,far_nct,knn,k=200,0.8531442760619818
dinov2_nat,panda,far,far_nct,maha,covariance=ledoit_wolf,0.9205847560585715
dinov2_nat,panda,far,far_nct,maha,covariance=empirical,0.9207928895709444
imagenet_vit,nct,far,far_breakhis,maha,normalise=False,0.8836067917783736
imagenet_vit,nct,blur,blur_s1.0,maha,normalise=False,0.6197561728395062
imagenet_vit,nct,blur,blur_s2.0,maha,normalise=False,0.876399074074074
imagenet_vit,nct,blur,blur_s3.0,maha,normalise=False,0.9496614197530864
imagenet_vit,nct,far,far_breakhis,maha,normalise=True,0.9233762287756926
imagenet_vit,nct,blur,blur_s1.0,maha,normalise=True,0.6621064814814814
imagenet_vit,nct,blur,blur_s2.0,maha,normalise=True,0.9227070987654321
imagenet_vit,nct,blur,blur_s3.0,maha,normalise=True,0.9771712962962963
imagenet_vit,nct,far,far_breakhis,knn,normalise=False,0.7201507298182901
imagenet_vit,nct,blur,blur_s1.0,knn,normalise=False,0.5459975308641976
imagenet_vit,nct,blur,blur_s2.0,knn,normalise=False,0.7473740740740741
imagenet_vit,nct,blur,blur_s3.0,knn,normalise=False,0.8625172839506174
imagenet_vit,nct,far,far_breakhis,knn,normalise=True,0.7879532320524277
imagenet_vit,nct,blur,blur_s1.0,knn,normalise=True,0.5835496913580246
imagenet_vit,nct,blur,blur_s2.0,knn,normalise=True,0.8234185185185185
imagenet_vit,nct,blur,blur_s3.0,knn,normalise=True,0.9249104938271606
imagenet_vit,nct,far,far_breakhis,knn,k=1,0.9112463509085492
imagenet_vit,nct,blur,blur_s1.0,knn,k=1,0.6330861111111111
imagenet_vit,nct,blur,blur_s2.0,knn,k=1,0.8638043209876545
imagenet_vit,nct,blur,blur_s3.0,knn,k=1,0.9401003086419752
imagenet_vit,nct,far,far_breakhis,knn,k=10,0.8559228477807566
imagenet_vit,nct,blur,blur_s1.0,knn,k=10,0.6062293209876544
imagenet_vit,nct,blur,blur_s2.0,knn,k=10,0.8448429012345678
imagenet_vit,nct,blur,blur_s3.0,knn,k=10,0.9392722222222223
imagenet_vit,nct,far,far_breakhis,knn,k=50,0.7879532320524277
imagenet_vit,nct,blur,blur_s1.0,knn,k=50,0.5835496913580246
imagenet_vit,nct,blur,blur_s2.0,knn,k=50,0.8234185185185185
imagenet_vit,nct,blur,blur_s3.0,knn,k=50,0.9249104938271606
imagenet_vit,nct,far,far_breakhis,knn,k=200,0.6762764372952041
imagenet_vit,nct,blur,blur_s1.0,knn,k=200,0.5585953703703703
imagenet_vit,nct,blur,blur_s2.0,knn,k=200,0.7669876543209877
imagenet_vit,nct,blur,blur_s3.0,knn,k=200,0.8857592592592591
imagenet_vit,nct,far,far_breakhis,maha,covariance=ledoit_wolf,0.8836067917783736
imagenet_vit,nct,blur,blur_s1.0,maha,covariance=ledoit_wolf,0.6197561728395062
imagenet_vit,nct,blur,blur_s2.0,maha,covariance=ledoit_wolf,0.876399074074074
imagenet_vit,nct,blur,blur_s3.0,maha,covariance=ledoit_wolf,0.9496614197530864
imagenet_vit,nct,far,far_breakhis,maha,covariance=empirical,0.8876759011021746
imagenet_vit,nct,blur,blur_s1.0,maha,covariance=empirical,0.6232595679012346
imagenet_vit,nct,blur,blur_s2.0,maha,covariance=empirical,0.8818296296296296
imagenet_vit,nct,blur,blur_s3.0,maha,covariance=empirical,0.9529716049382715
imagenet_vit,lung,far,far_nct,maha,normalise=False,0.9995612696176275
imagenet_vit,lung,blur,blur_s1.0,maha,normalise=False,0.9222972532857332
imagenet_vit,lung,blur,blur_s2.0,maha,normalise=False,0.9985777776233786
imagenet_vit,lung,blur,blur_s3.0,maha,normalise=False,0.9999281630676032
imagenet_vit,lung,far,far_nct,maha,normalise=True,0.9999113537630621
imagenet_vit,lung,blur,blur_s1.0,maha,normalise=True,0.9580179507962918
imagenet_vit,lung,blur,blur_s2.0,maha,normalise=True,0.9997461513580592
imagenet_vit,lung,blur,blur_s3.0,maha,normalise=True,0.999999875929305
imagenet_vit,lung,far,far_nct,knn,normalise=False,0.9853980274744629
imagenet_vit,lung,blur,blur_s1.0,knn,normalise=False,0.7035429999872207
imagenet_vit,lung,blur,blur_s2.0,knn,normalise=False,0.965846067225721
imagenet_vit,lung,blur,blur_s3.0,knn,normalise=False,0.9941426224897242
imagenet_vit,lung,far,far_nct,knn,normalise=True,0.994761848851317
imagenet_vit,lung,blur,blur_s1.0,knn,normalise=True,0.789443593801974
imagenet_vit,lung,blur,blur_s2.0,knn,normalise=True,0.9898841440257294
imagenet_vit,lung,blur,blur_s3.0,knn,normalise=True,0.9992410595587723
imagenet_vit,lung,far,far_nct,knn,k=1,0.9999953035106258
imagenet_vit,lung,blur,blur_s1.0,knn,k=1,0.9686083771788832
imagenet_vit,lung,blur,blur_s2.0,knn,k=1,0.9999542179135503
imagenet_vit,lung,blur,blur_s3.0,knn,k=1,1.0
imagenet_vit,lung,far,far_nct,knn,k=10,0.9991109936988767
imagenet_vit,lung,blur,blur_s1.0,knn,k=10,0.8770691424891137
imagenet_vit,lung,blur,blur_s2.0,knn,k=10,0.9979123864861702
imagenet_vit,lung,blur,blur_s3.0,knn,k=10,0.9999266742192635
imagenet_vit,lung,far,far_nct,knn,k=50,0.994761848851317
imagenet_vit,lung,blur,blur_s1.0,knn,k=50,0.789443593801974
imagenet_vit,lung,blur,blur_s2.0,knn,k=50,0.9898841440257294
imagenet_vit,lung,blur,blur_s3.0,knn,k=50,0.9992410595587723
imagenet_vit,lung,far,far_nct,knn,k=200,0.9917093264451489
imagenet_vit,lung,blur,blur_s1.0,knn,k=200,0.7568674680558283
imagenet_vit,lung,blur,blur_s2.0,knn,k=200,0.9842462475748832
imagenet_vit,lung,blur,blur_s3.0,knn,k=200,0.9984085451954181
imagenet_vit,lung,far,far_nct,maha,covariance=ledoit_wolf,0.9995612696176275
imagenet_vit,lung,blur,blur_s1.0,maha,covariance=ledoit_wolf,0.9222972532857332
imagenet_vit,lung,blur,blur_s2.0,maha,covariance=ledoit_wolf,0.9985777776233786
imagenet_vit,lung,blur,blur_s3.0,maha,covariance=ledoit_wolf,0.9999281630676032
imagenet_vit,lung,far,far_nct,maha,covariance=empirical,0.9996246722241791
imagenet_vit,lung,blur,blur_s1.0,maha,covariance=empirical,0.9259096956409375
imagenet_vit,lung,blur,blur_s2.0,maha,covariance=empirical,0.9987437842132696
imagenet_vit,lung,blur,blur_s3.0,maha,covariance=empirical,0.9999420589854416
imagenet_vit,lc_colon,far,far_breakhis,maha,normalise=False,0.9990629991626382
imagenet_vit,lc_colon,blur,blur_s1.0,maha,normalise=False,0.9086807062503014
imagenet_vit,lc_colon,blur,blur_s2.0,maha,normalise=False,0.9978801468714049
imagenet_vit,lc_colon,blur,blur_s3.0,maha,normalise=False,0.999835768560426
imagenet_vit,lc_colon,far,far_breakhis,maha,normalise=True,0.9999887413537115
imagenet_vit,lc_colon,blur,blur_s1.0,maha,normalise=True,0.9562970770385986
imagenet_vit,lc_colon,blur,blur_s2.0,maha,normalise=True,0.9999721688332266
imagenet_vit,lc_colon,blur,blur_s3.0,maha,normalise=True,0.9999997244438933
imagenet_vit,lc_colon,far,far_breakhis,knn,normalise=False,0.9388886308782448
imagenet_vit,lc_colon,blur,blur_s1.0,knn,normalise=False,0.6927921411398379
imagenet_vit,lc_colon,blur,blur_s2.0,knn,normalise=False,0.9442277195665503
imagenet_vit,lc_colon,blur,blur_s3.0,knn,normalise=False,0.9828196278614779
imagenet_vit,lc_colon,far,far_breakhis,knn,normalise=True,0.9833785790181052
imagenet_vit,lc_colon,blur,blur_s1.0,knn,normalise=True,0.7789497178994359
imagenet_vit,lc_colon,blur,blur_s2.0,knn,normalise=True,0.9837625808584951
imagenet_vit,lc_colon,blur,blur_s3.0,knn,normalise=True,0.9983372944523666
imagenet_vit,lc_colon,far,far_breakhis,knn,k=1,0.99996566112882
imagenet_vit,lc_colon,blur,blur_s1.0,knn,k=1,0.9712994537100186
imagenet_vit,lc_colon,blur,blur_s2.0,knn,k=1,0.999929457636693
imagenet_vit,lc_colon,blur,blur_s3.0,knn,k=1,0.9999994488877867
imagenet_vit,lc_colon,far,far_breakhis,knn,k=10,0.9974271178569167
imagenet_vit,lc_colon,blur,blur_s1.0,knn,k=10,0.8653743085263949
imagenet_vit,lc_colon,blur,blur_s2.0,knn,k=10,0.9971805099165754
imagenet_vit,lc_colon,blur,blur_s3.0,knn,k=10,0.999833288555466
imagenet_vit,lc_colon,far,far_breakhis,knn,k=50,0.9833785790181052
imagenet_vit,lc_colon,blur,blur_s1.0,knn,k=50,0.7789497178994359
imagenet_vit,lc_colon,blur,blur_s2.0,knn,k=50,0.9837625808584951
imagenet_vit,lc_colon,blur,blur_s3.0,knn,k=50,0.9983372944523666
imagenet_vit,lc_colon,far,far_breakhis,knn,k=200,0.97408906996545
imagenet_vit,lc_colon,blur,blur_s1.0,knn,k=200,0.7562546413981717
imagenet_vit,lc_colon,blur,blur_s2.0,knn,k=200,0.9765435619760128
imagenet_vit,lc_colon,blur,blur_s3.0,knn,k=200,0.9968685804038275
imagenet_vit,lc_colon,far,far_breakhis,maha,covariance=ledoit_wolf,0.9990629991626382
imagenet_vit,lc_colon,blur,blur_s1.0,maha,covariance=ledoit_wolf,0.9086807062503014
imagenet_vit,lc_colon,blur,blur_s2.0,maha,covariance=ledoit_wolf,0.9978801468714049
imagenet_vit,lc_colon,blur,blur_s3.0,maha,covariance=ledoit_wolf,0.999835768560426
imagenet_vit,lc_colon,far,far_breakhis,maha,covariance=empirical,0.9992681879912464
imagenet_vit,lc_colon,blur,blur_s1.0,maha,covariance=empirical,0.9149237054029664
imagenet_vit,lc_colon,blur,blur_s2.0,maha,covariance=empirical,0.9983034010512466
imagenet_vit,lc_colon,blur,blur_s3.0,maha,covariance=empirical,0.9998900531134396
imagenet_vit,breakhis,far,far_lung,maha,normalise=False,0.8518413102827622
imagenet_vit,breakhis,blur,blur_s1.0,maha,normalise=False,0.5452045224216375
imagenet_vit,breakhis,blur,blur_s2.0,maha,normalise=False,0.7386661299944656
imagenet_vit,breakhis,blur,blur_s3.0,maha,normalise=False,0.8812954883597237
imagenet_vit,breakhis,far,far_lung,maha,normalise=True,0.9055329492410856
imagenet_vit,breakhis,blur,blur_s1.0,maha,normalise=True,0.6005117552774762
imagenet_vit,breakhis,blur,blur_s2.0,maha,normalise=True,0.8408245585032597
imagenet_vit,breakhis,blur,blur_s3.0,maha,normalise=True,0.9506253908243429
imagenet_vit,breakhis,far,far_lung,knn,normalise=False,0.6016754379586513
imagenet_vit,breakhis,blur,blur_s1.0,knn,normalise=False,0.4935209769350747
imagenet_vit,breakhis,blur,blur_s2.0,knn,normalise=False,0.6095448109308628
imagenet_vit,breakhis,blur,blur_s3.0,knn,normalise=False,0.7569725937798735
imagenet_vit,breakhis,far,far_lung,knn,normalise=True,0.7093386165691011
imagenet_vit,breakhis,blur,blur_s1.0,knn,normalise=True,0.553210329981528
imagenet_vit,breakhis,blur,blur_s2.0,knn,normalise=True,0.7413861955451416
imagenet_vit,breakhis,blur,blur_s3.0,knn,normalise=True,0.8822767359788398
imagenet_vit,breakhis,far,far_lung,knn,k=1,0.7502979846961179
imagenet_vit,breakhis,blur,blur_s1.0,knn,k=1,0.5680679082003033
imagenet_vit,breakhis,blur,blur_s2.0,knn,k=1,0.7781121117811527
imagenet_vit,breakhis,blur,blur_s3.0,knn,k=1,0.9119936174341798
imagenet_vit,breakhis,far,far_lung,knn,k=10,0.727847947064395
imagenet_vit,breakhis,blur,blur_s1.0,knn,k=10,0.5606595318014217
imagenet_vit,breakhis,blur,blur_s2.0,knn,k=10,0.7602521401001947
imagenet_vit,breakhis,blur,blur_s3.0,knn,k=10,0.8975537810233667
imagenet_vit,breakhis,far,far_lung,knn,k=50,0.7093386165691011
imagenet_vit,breakhis,blur,blur_s1.0,knn,k=50,0.553210329981528
imagenet_vit,breakhis,blur,blur_s2.0,knn,k=50,0.7413861955451416
imagenet_vit,breakhis,blur,blur_s3.0,knn,k=50,0.8822767359788398
imagenet_vit,breakhis,far,far_lung,knn,k=200,0.6910980436225799
imagenet_vit,breakhis,blur,blur_s1.0,knn,k=200,0.5472906439347656
imagenet_vit,breakhis,blur,blur_s2.0,knn,k=200,0.7236872255245133
imagenet_vit,breakhis,blur,blur_s3.0,knn,k=200,0.8667699760653782
imagenet_vit,breakhis,far,far_lung,maha,covariance=ledoit_wolf,0.8518413102827622
imagenet_vit,breakhis,blur,blur_s1.0,maha,covariance=ledoit_wolf,0.5452045224216375
imagenet_vit,breakhis,blur,blur_s2.0,maha,covariance=ledoit_wolf,0.7386661299944656
imagenet_vit,breakhis,blur,blur_s3.0,maha,covariance=ledoit_wolf,0.8812954883597237
imagenet_vit,breakhis,far,far_lung,maha,covariance=empirical,0.8598483210207877
imagenet_vit,breakhis,blur,blur_s1.0,maha,covariance=empirical,0.5477287984532341
imagenet_vit,breakhis,blur,blur_s2.0,maha,covariance=empirical,0.745381624248
imagenet_vit,breakhis,blur,blur_s3.0,maha,covariance=empirical,0.8879235817119364
imagenet_vit,pcam,far,far_nct,maha,normalise=False,0.9596161167512691
imagenet_vit,pcam,blur,blur_s1.0,maha,normalise=False,0.6683581772269318
imagenet_vit,pcam,blur,blur_s2.0,maha,normalise=False,0.8300374107810045
imagenet_vit,pcam,blur,blur_s3.0,maha,normalise=False,0.9141919400139142
imagenet_vit,pcam,far,far_nct,maha,normalise=True,0.9773660462492949
imagenet_vit,pcam,blur,blur_s1.0,maha,normalise=True,0.6897320853410291
imagenet_vit,pcam,blur,blur_s2.0,maha,normalise=True,0.8774221185807415
imagenet_vit,pcam,blur,blur_s3.0,maha,normalise=True,0.9499797888376408
imagenet_vit,pcam,far,far_nct,knn,normalise=False,0.8695953186689227
imagenet_vit,pcam,blur,blur_s1.0,knn,normalise=False,0.5427296986523745
imagenet_vit,pcam,blur,blur_s2.0,knn,normalise=False,0.6640220374140019
imagenet_vit,pcam,blur,blur_s3.0,knn,normalise=False,0.8038108106367079
imagenet_vit,pcam,far,far_nct,knn,normalise=True,0.8865580936266215
imagenet_vit,pcam,blur,blur_s1.0,knn,normalise=True,0.5632899263057538
imagenet_vit,pcam,blur,blur_s2.0,knn,normalise=True,0.6941616313226313
imagenet_vit,pcam,blur,blur_s3.0,knn,normalise=True,0.835524217964905
imagenet_vit,pcam,far,far_nct,knn,k=1,0.9270145939086294
imagenet_vit,pcam,blur,blur_s1.0,knn,k=1,0.5877385883429102
imagenet_vit,pcam,blur,blur_s2.0,knn,k=1,0.7540438429230332
imagenet_vit,pcam,blur,blur_s3.0,knn,k=1,0.8879435987786338
imagenet_vit,pcam,far,far_nct,knn,k=10,0.908867385786802
imagenet_vit,pcam,blur,blur_s1.0,knn,k=10,0.5714987986034167
imagenet_vit,pcam,blur,blur_s2.0,knn,k=10,0.7179182019634621
imagenet_vit,pcam,blur,blur_s3.0,knn,k=10,0.8604028704681904
imagenet_vit,pcam,far,far_nct,knn,k=50,0.8865580936266215
imagenet_vit,pcam,blur,blur_s1.0,knn,k=50,0.5632899263057538
imagenet_vit,pcam,blur,blur_s2.0,knn,k=50,0.6941616313226313
imagenet_vit,pcam,blur,blur_s3.0,knn,k=50,0.835524217964905
imagenet_vit,pcam,far,far_nct,knn,k=200,0.8627809503666104
imagenet_vit,pcam,blur,blur_s1.0,knn,k=200,0.5550927297791749
imagenet_vit,pcam,blur,blur_s2.0,knn,k=200,0.6710355523203382
imagenet_vit,pcam,blur,blur_s3.0,knn,k=200,0.807291800870932
imagenet_vit,pcam,far,far_nct,maha,covariance=ledoit_wolf,0.9596161167512691
imagenet_vit,pcam,blur,blur_s1.0,maha,covariance=ledoit_wolf,0.6683581772269318
imagenet_vit,pcam,blur,blur_s2.0,maha,covariance=ledoit_wolf,0.8300374107810045
imagenet_vit,pcam,blur,blur_s3.0,maha,covariance=ledoit_wolf,0.9141919400139142
imagenet_vit,pcam,far,far_nct,maha,covariance=empirical,0.9618510293288213
imagenet_vit,pcam,blur,blur_s1.0,maha,covariance=empirical,0.6713222126310908
imagenet_vit,pcam,blur,blur_s2.0,maha,covariance=empirical,0.8334475411631322
imagenet_vit,pcam,blur,blur_s3.0,maha,covariance=empirical,0.9169305122523126
imagenet_vit,sicap,far,far_nct,maha,normalise=False,0.91158799322198
imagenet_vit,sicap,far,far_nct,maha,normalise=True,0.9839515250544661
imagenet_vit,sicap,far,far_nct,knn,normalise=False,0.6513804163640765
imagenet_vit,sicap,far,far_nct,knn,normalise=True,0.8442937545388527
imagenet_vit,sicap,far,far_nct,knn,k=1,0.8659138223190512
imagenet_vit,sicap,far,far_nct,knn,k=10,0.8545128298232874
imagenet_vit,sicap,far,far_nct,knn,k=50,0.8442937545388527
imagenet_vit,sicap,far,far_nct,knn,k=200,0.8356817356572257
imagenet_vit,sicap,far,far_nct,maha,covariance=ledoit_wolf,0.91158799322198
imagenet_vit,sicap,far,far_nct,maha,covariance=empirical,0.9173695836359235
imagenet_vit,panda,far,far_nct,maha,normalise=False,0.8302884881812562
imagenet_vit,panda,far,far_nct,maha,normalise=True,0.9592245881023935
imagenet_vit,panda,far,far_nct,knn,normalise=False,0.5502150606390008
imagenet_vit,panda,far,far_nct,knn,normalise=True,0.798536884285014
imagenet_vit,panda,far,far_nct,knn,k=1,0.8279739753181149
imagenet_vit,panda,far,far_nct,knn,k=10,0.8114193149604619
imagenet_vit,panda,far,far_nct,knn,k=50,0.798536884285014
imagenet_vit,panda,far,far_nct,knn,k=200,0.7864849628066586
imagenet_vit,panda,far,far_nct,maha,covariance=ledoit_wolf,0.8302884881812562
imagenet_vit,panda,far,far_nct,maha,covariance=empirical,0.8323808001364112
